feedback_id,user_id,raw_text,channel,aspect_category,urgency_score,label,timestamp
10001,350,Love the new design update! Very smooth.,Twitter,App Crash,0.2966,1,2026-08-18 04:22:33
10002,132,Love the new design update! Very smooth.,Mobile App,Billing Defect,0.2362,1,2026-08-23 11:13:33
10003,303,"Major outage across the platform, unable to log in.",Call Center Note,UI Ergonomics,0.6106,0,2026-08-23 13:11:33
10004,106,"Great quality product, highly recommended!",Twitter,General Praise,0.3238,1,2026-09-01 18:01:33
10005,881,"Double charged on my credit card, fix this immediately!",Email Support,Billing Defect,0.6861,0,2026-08-17 17:43:33
10006,718,Package arrived damaged and customer support is ignoring my emails.,Email Support,Billing Defect,0.939,0,2026-09-03 10:13:33
10007,400,Fast shipping and nice packaging.,Call Center Note,Shipping Delay,0.0315,1,2026-09-08 19:02:33
10008,333,App keeps crashing during checkout payment step!,Email Support,Billing Defect,0.6183,0,2026-08-24 02:41:33
10009,750,Fast shipping and nice packaging.,Email Support,App Crash,0.1112,1,2026-08-30 08:45:33
10010,799,Package arrived damaged and customer support is ignoring my emails.,Mobile App,Product Quality,0.8807,0,2026-09-11 09:58:33
10011,488,"Double charged on my credit card, fix this immediately!",Email Support,General Praise,0.6654,0,2026-09-07 20:45:33
10012,894,Package arrived damaged and customer support is ignoring my emails.,Mobile App,App Crash,0.9371,0,2026-08-14 23:28:33
10013,316,Fast shipping and nice packaging.,Call Center Note,General Praise,0.1071,1,2026-08-27 20:07:33
10014,758,System latency is terrible after the latest update.,Web Review,App Crash,0.7583,0,2026-08-25 13:44:33
10015,864,"Major outage across the platform, unable to log in.",Call Center Note,UI Ergonomics,0.8156,0,2026-09-09 01:47:33
10016,241,"Double charged on my credit card, fix this immediately!",Call Center Note,UI Ergonomics,0.9989,0,2026-08-17 15:42:33
10017,263,Love the new design update! Very smooth.,Web Review,Product Quality,0.0611,1,2026-08-16 09:48:33
10018,641,"Major outage across the platform, unable to log in.",Email Support,Product Quality,0.9984,0,2026-08-14 00:57:33
10019,649,Love the new design update! Very smooth.,Email Support,General Praise,0.2727,1,2026-08-28 23:58:33
10020,103,System latency is terrible after the latest update.,Email Support,Product Quality,0.6633,0,2026-08-21 15:33:33
10021,405,Love the new design update! Very smooth.,Call Center Note,Product Quality,0.3482,1,2026-08-22 13:40:33
10022,897,"Double charged on my credit card, fix this immediately!",Call Center Note,Billing Defect,0.8158,0,2026-09-09 18:37:33
10023,471,App keeps crashing during checkout payment step!,Email Support,App Crash,0.6447,0,2026-08-16 03:41:33
10024,187,"Major outage across the platform, unable to log in.",Web Review,Billing Defect,0.9788,0,2026-09-06 18:16:33
10025,662,Customer support resolved my billing issue in 5 minutes.,Twitter,Shipping Delay,0.2639,1,2026-09-06 12:46:33
10026,652,Fast shipping and nice packaging.,Twitter,General Praise,0.3857,1,2026-08-27 16:53:33
10027,629,Package arrived damaged and customer support is ignoring my emails.,Web Review,Billing Defect,0.7752,0,2026-08-24 19:11:33
10028,667,Package arrived damaged and customer support is ignoring my emails.,Twitter,Product Quality,0.6084,0,2026-08-23 12:57:33
10029,132,App keeps crashing during checkout payment step!,Email Support,Billing Defect,0.6916,0,2026-09-05 22:00:33
10030,235,System latency is terrible after the latest update.,Call Center Note,Product Quality,0.6857,0,2026-09-04 00:41:33
10031,294,System latency is terrible after the latest update.,Mobile App,Billing Defect,0.923,0,2026-09-12 12:12:33
10032,984,Fast shipping and nice packaging.,Mobile App,General Praise,0.1644,1,2026-09-12 06:09:33
10033,845,Love the new design update! Very smooth.,Email Support,Billing Defect,0.0242,1,2026-08-24 20:00:33
10034,532,"Major outage across the platform, unable to log in.",Twitter,Shipping Delay,0.7794,0,2026-09-03 13:43:33
10035,982,App keeps crashing during checkout payment step!,Call Center Note,Billing Defect,0.7773,0,2026-08-15 19:40:33
10036,871,Love the new design update! Very smooth.,Twitter,App Crash,0.3876,1,2026-09-01 00:19:33
10037,160,Customer support resolved my billing issue in 5 minutes.,Twitter,UI Ergonomics,0.3459,1,2026-08-13 14:46:33
10038,903,"Great quality product, highly recommended!",Web Review,Shipping Delay,0.3706,1,2026-09-01 18:27:33
10039,403,Fast shipping and nice packaging.,Twitter,Billing Defect,0.0619,1,2026-09-08 21:02:33
10040,158,Love the new design update! Very smooth.,Mobile App,Product Quality,0.2992,1,2026-09-04 05:11:33
10041,620,Customer support resolved my billing issue in 5 minutes.,Mobile App,App Crash,0.0228,1,2026-08-16 15:15:33
10042,683,Customer support resolved my billing issue in 5 minutes.,Twitter,Product Quality,0.1615,1,2026-09-09 13:47:33
10043,697,App keeps crashing during checkout payment step!,Call Center Note,Product Quality,0.7677,0,2026-08-27 21:58:33
10044,421,Customer support resolved my billing issue in 5 minutes.,Twitter,Shipping Delay,0.2679,1,2026-08-31 12:43:33
10045,869,Package arrived damaged and customer support is ignoring my emails.,Mobile App,Billing Defect,0.7829,0,2026-09-03 08:59:33
10046,318,Love the new design update! Very smooth.,Call Center Note,Shipping Delay,0.0293,1,2026-08-19 13:05:33
10047,478,Love the new design update! Very smooth.,Email Support,App Crash,0.3517,1,2026-09-02 11:01:33
10048,926,"Great quality product, highly recommended!",Call Center Note,Billing Defect,0.2447,1,2026-09-07 18:11:33
10049,237,App keeps crashing during checkout payment step!,Email Support,Billing Defect,0.9756,0,2026-08-18 09:19:33
10050,719,Customer support resolved my billing issue in 5 minutes.,Twitter,General Praise,0.1089,1,2026-08-29 02:56:33
10051,357,Package arrived damaged and customer support is ignoring my emails.,Mobile App,Billing Defect,0.8022,0,2026-09-11 09:13:33
10052,441,"Great quality product, highly recommended!",Twitter,General Praise,0.0176,1,2026-08-25 10:32:33
10053,537,System latency is terrible after the latest update.,Call Center Note,Billing Defect,0.8207,0,2026-08-18 14:36:33
10054,954,"Double charged on my credit card, fix this immediately!",Email Support,Product Quality,0.8182,0,2026-09-07 15:55:33
10055,473,"Double charged on my credit card, fix this immediately!",Mobile App,Shipping Delay,0.6167,0,2026-08-23 01:52:33
10056,673,Love the new design update! Very smooth.,Web Review,Product Quality,0.1415,1,2026-08-20 13:13:33
10057,919,Customer support resolved my billing issue in 5 minutes.,Twitter,UI Ergonomics,0.3458,1,2026-08-14 15:29:33
10058,521,Package arrived damaged and customer support is ignoring my emails.,Twitter,Shipping Delay,0.913,0,2026-08-20 18:18:33
10059,139,Love the new design update! Very smooth.,Web Review,App Crash,0.153,1,2026-08-22 14:24:33
10060,940,Fast shipping and nice packaging.,Twitter,App Crash,0.1399,1,2026-08-14 14:15:33
10061,985,Fast shipping and nice packaging.,Mobile App,Shipping Delay,0.1313,1,2026-08-29 11:57:33
10062,963,Fast shipping and nice packaging.,Call Center Note,Shipping Delay,0.2718,1,2026-08-14 18:33:33
10063,371,Package arrived damaged and customer support is ignoring my emails.,Mobile App,Billing Defect,0.6714,0,2026-09-09 16:01:33
10064,623,"Great quality product, highly recommended!",Mobile App,UI Ergonomics,0.1746,1,2026-09-08 18:12:33
10065,101,App keeps crashing during checkout payment step!,Call Center Note,Product Quality,0.8835,0,2026-08-22 11:37:33
10066,438,App keeps crashing during checkout payment step!,Call Center Note,Shipping Delay,0.9795,0,2026-08-19 04:32:33
10067,782,"Great quality product, highly recommended!",Web Review,Shipping Delay,0.2028,1,2026-08-31 19:56:33
10068,780,Customer support resolved my billing issue in 5 minutes.,Web Review,General Praise,0.0767,1,2026-08-21 10:30:33
10069,953,"Great quality product, highly recommended!",Mobile App,Shipping Delay,0.1624,1,2026-08-26 13:48:33
10070,429,"Major outage across the platform, unable to log in.",Web Review,UI Ergonomics,0.8427,0,2026-09-02 15:22:33
10071,915,Fast shipping and nice packaging.,Twitter,General Praise,0.3175,1,2026-08-17 09:02:33
10072,938,"Major outage across the platform, unable to log in.",Twitter,General Praise,0.7341,0,2026-08-27 15:28:33
10073,147,"Double charged on my credit card, fix this immediately!",Twitter,UI Ergonomics,0.6589,0,2026-09-10 08:05:33
10074,744,Love the new design update! Very smooth.,Call Center Note,App Crash,0.1822,1,2026-08-30 23:49:33
10075,804,Customer support resolved my billing issue in 5 minutes.,Mobile App,Billing Defect,0.059,1,2026-09-01 20:47:33
10076,670,"Major outage across the platform, unable to log in.",Twitter,Billing Defect,0.7858,0,2026-09-03 06:59:33
10077,672,System latency is terrible after the latest update.,Call Center Note,Shipping Delay,0.867,0,2026-09-02 15:49:33
10078,661,Fast shipping and nice packaging.,Web Review,App Crash,0.3322,1,2026-09-04 02:53:33
10079,383,Customer support resolved my billing issue in 5 minutes.,Call Center Note,UI Ergonomics,0.3359,1,2026-09-11 00:59:33
10080,392,System latency is terrible after the latest update.,Twitter,Shipping Delay,0.631,0,2026-08-28 19:15:33
10081,254,"Major outage across the platform, unable to log in.",Twitter,UI Ergonomics,0.6322,0,2026-08-20 11:19:33
10082,438,Love the new design update! Very smooth.,Call Center Note,UI Ergonomics,0.1659,1,2026-09-01 10:33:33
10083,888,System latency is terrible after the latest update.,Call Center Note,General Praise,0.7558,0,2026-08-14 09:45:33
10084,460,Fast shipping and nice packaging.,Email Support,UI Ergonomics,0.1908,1,2026-09-01 14:05:33
10085,379,Customer support resolved my billing issue in 5 minutes.,Web Review,UI Ergonomics,0.1953,1,2026-08-14 20:07:33
10086,960,System latency is terrible after the latest update.,Web Review,App Crash,0.8897,0,2026-09-10 20:05:33
10087,778,Fast shipping and nice packaging.,Mobile App,Billing Defect,0.2368,1,2026-09-11 18:28:33
10088,366,Fast shipping and nice packaging.,Web Review,Shipping Delay,0.0727,1,2026-08-23 03:36:33
10089,488,"Great quality product, highly recommended!",Email Support,UI Ergonomics,0.3045,1,2026-08-24 23:57:33
10090,652,Fast shipping and nice packaging.,Mobile App,Shipping Delay,0.0078,1,2026-08-23 17:19:33
10091,353,Love the new design update! Very smooth.,Twitter,Billing Defect,0.3017,1,2026-09-10 19:04:33
10092,217,"Double charged on my credit card, fix this immediately!",Call Center Note,App Crash,0.7894,0,2026-09-03 16:21:33
10093,721,"Great quality product, highly recommended!",Mobile App,App Crash,0.0671,1,2026-08-27 16:09:33
10094,689,App keeps crashing during checkout payment step!,Web Review,UI Ergonomics,0.9716,0,2026-08-22 13:02:33
10095,891,"Double charged on my credit card, fix this immediately!",Email Support,General Praise,0.6408,0,2026-09-09 20:13:33
10096,538,Love the new design update! Very smooth.,Email Support,Billing Defect,0.1389,1,2026-09-05 13:03:33
10097,942,Love the new design update! Very smooth.,Web Review,Billing Defect,0.3398,1,2026-09-02 05:56:33
10098,545,Fast shipping and nice packaging.,Twitter,General Praise,0.2829,1,2026-09-06 06:18:33
10099,651,"Great quality product, highly recommended!",Web Review,UI Ergonomics,0.2464,1,2026-09-02 08:10:33
10100,351,"Great quality product, highly recommended!",Mobile App,Shipping Delay,0.1289,1,2026-09-03 00:48:33
10101,784,System latency is terrible after the latest update.,Web Review,Shipping Delay,0.8279,0,2026-08-14 19:45:33
10102,317,"Great quality product, highly recommended!",Email Support,Shipping Delay,0.0727,1,2026-08-29 00:09:33
10103,382,"Major outage across the platform, unable to log in.",Call Center Note,Billing Defect,0.8805,0,2026-09-06 00:42:33
10104,516,Love the new design update! Very smooth.,Web Review,Product Quality,0.0965,1,2026-08-24 10:54:33
10105,117,Fast shipping and nice packaging.,Mobile App,Shipping Delay,0.1793,1,2026-08-23 14:27:33
10106,695,Customer support resolved my billing issue in 5 minutes.,Email Support,UI Ergonomics,0.1225,1,2026-09-07 16:57:33
10107,663,Fast shipping and nice packaging.,Email Support,Shipping Delay,0.3987,1,2026-09-03 04:01:33
10108,838,Package arrived damaged and customer support is ignoring my emails.,Twitter,Shipping Delay,0.6922,0,2026-08-18 23:00:33
10109,856,Customer support resolved my billing issue in 5 minutes.,Web Review,Shipping Delay,0.0766,1,2026-09-09 08:24:33
10110,952,"Great quality product, highly recommended!",Twitter,Shipping Delay,0.3922,1,2026-08-23 20:53:33
10111,646,Package arrived damaged and customer support is ignoring my emails.,Twitter,Shipping Delay,0.6057,0,2026-08-15 14:07:33
10112,229,"Great quality product, highly recommended!",Web Review,Billing Defect,0.279,1,2026-08-14 01:48:33
10113,448,Fast shipping and nice packaging.,Twitter,Billing Defect,0.1915,1,2026-08-25 00:11:33
10114,166,Fast shipping and nice packaging.,Web Review,UI Ergonomics,0.0456,1,2026-08-16 21:20:33
10115,930,Love the new design update! Very smooth.,Call Center Note,Shipping Delay,0.0607,1,2026-08-17 09:27:33
10116,526,Love the new design update! Very smooth.,Call Center Note,Product Quality,0.2232,1,2026-09-10 15:53:33
10117,553,"Major outage across the platform, unable to log in.",Email Support,Product Quality,0.7522,0,2026-09-02 00:48:33
10118,857,"Major outage across the platform, unable to log in.",Mobile App,App Crash,0.6241,0,2026-09-10 23:38:33
10119,277,App keeps crashing during checkout payment step!,Call Center Note,Billing Defect,0.6628,0,2026-08-20 15:23:33
10120,581,System latency is terrible after the latest update.,Email Support,Billing Defect,0.8757,0,2026-08-24 01:15:33
10121,564,Package arrived damaged and customer support is ignoring my emails.,Mobile App,General Praise,0.8812,0,2026-08-24 03:22:33
10122,657,Customer support resolved my billing issue in 5 minutes.,Twitter,General Praise,0.1701,1,2026-08-20 07:09:33
10123,269,Customer support resolved my billing issue in 5 minutes.,Email Support,Product Quality,0.0286,1,2026-09-08 10:08:33
10124,805,Fast shipping and nice packaging.,Email Support,General Praise,0.0497,1,2026-08-31 20:03:33
10125,712,Fast shipping and nice packaging.,Mobile App,UI Ergonomics,0.1751,1,2026-08-28 04:28:33
10126,790,Love the new design update! Very smooth.,Call Center Note,Product Quality,0.0365,1,2026-08-14 11:04:33
10127,881,"Great quality product, highly recommended!",Twitter,UI Ergonomics,0.2305,1,2026-09-06 03:15:33
10128,699,"Great quality product, highly recommended!",Web Review,General Praise,0.0726,1,2026-09-04 21:30:33
10129,441,Fast shipping and nice packaging.,Email Support,General Praise,0.1392,1,2026-08-18 06:40:33
10130,607,"Great quality product, highly recommended!",Email Support,General Praise,0.1647,1,2026-08-31 17:49:33
10131,422,Love the new design update! Very smooth.,Email Support,Shipping Delay,0.1819,1,2026-08-18 19:02:33
10132,944,Fast shipping and nice packaging.,Mobile App,General Praise,0.346,1,2026-09-07 05:04:33
10133,470,Love the new design update! Very smooth.,Call Center Note,UI Ergonomics,0.075,1,2026-09-10 23:31:33
10134,662,Love the new design update! Very smooth.,Twitter,Shipping Delay,0.0814,1,2026-09-02 10:57:33
10135,745,Fast shipping and nice packaging.,Call Center Note,App Crash,0.0486,1,2026-08-20 17:24:33
10136,195,App keeps crashing during checkout payment step!,Twitter,Billing Defect,0.8209,0,2026-09-03 12:26:33
10137,833,Customer support resolved my billing issue in 5 minutes.,Email Support,Product Quality,0.1994,1,2026-08-25 23:04:33
10138,349,Fast shipping and nice packaging.,Web Review,Product Quality,0.3921,1,2026-08-20 02:24:33
10139,239,"Major outage across the platform, unable to log in.",Mobile App,Shipping Delay,0.8033,0,2026-09-01 09:38:33
10140,102,"Major outage across the platform, unable to log in.",Email Support,General Praise,0.7069,0,2026-08-27 02:31:33
10141,557,Fast shipping and nice packaging.,Call Center Note,UI Ergonomics,0.3461,1,2026-08-29 05:23:33
10142,429,"Major outage across the platform, unable to log in.",Twitter,General Praise,0.7509,0,2026-08-24 09:15:33
10143,520,Customer support resolved my billing issue in 5 minutes.,Mobile App,Shipping Delay,0.3424,1,2026-09-04 01:01:33
10144,779,Fast shipping and nice packaging.,Twitter,UI Ergonomics,0.1544,1,2026-08-15 04:51:33
10145,202,"Major outage across the platform, unable to log in.",Web Review,Billing Defect,0.7328,0,2026-09-06 10:53:33
10146,519,Love the new design update! Very smooth.,Twitter,Billing Defect,0.289,1,2026-09-03 21:13:33
10147,809,"Great quality product, highly recommended!",Web Review,General Praise,0.1354,1,2026-08-17 04:08:33
10148,741,Fast shipping and nice packaging.,Web Review,Product Quality,0.3817,1,2026-08-15 03:37:33
10149,394,Customer support resolved my billing issue in 5 minutes.,Twitter,General Praise,0.2525,1,2026-08-17 15:08:33
10150,820,Love the new design update! Very smooth.,Mobile App,UI Ergonomics,0.3041,1,2026-08-21 02:07:33
10151,915,Love the new design update! Very smooth.,Mobile App,Shipping Delay,0.0184,1,2026-08-29 19:57:33
10152,521,"Double charged on my credit card, fix this immediately!",Call Center Note,General Praise,0.6977,0,2026-08-21 17:05:33
10153,491,App keeps crashing during checkout payment step!,Call Center Note,General Praise,0.8438,0,2026-08-24 11:28:33
10154,753,Customer support resolved my billing issue in 5 minutes.,Email Support,UI Ergonomics,0.0929,1,2026-08-25 03:18:33
10155,793,Fast shipping and nice packaging.,Call Center Note,App Crash,0.3605,1,2026-08-16 21:05:33
10156,406,"Great quality product, highly recommended!",Web Review,General Praise,0.3951,1,2026-08-24 21:35:33
10157,493,"Great quality product, highly recommended!",Web Review,Billing Defect,0.0797,1,2026-08-24 07:30:33
10158,816,Package arrived damaged and customer support is ignoring my emails.,Email Support,Billing Defect,0.8299,0,2026-09-12 11:22:33
10159,802,App keeps crashing during checkout payment step!,Mobile App,Product Quality,0.8264,0,2026-09-05 02:58:33
10160,335,"Great quality product, highly recommended!",Call Center Note,Shipping Delay,0.3103,1,2026-08-23 11:37:33
10161,838,"Great quality product, highly recommended!",Twitter,General Praise,0.2711,1,2026-08-17 22:32:33
10162,551,Love the new design update! Very smooth.,Mobile App,Product Quality,0.1236,1,2026-08-30 02:56:33
10163,434,Love the new design update! Very smooth.,Web Review,App Crash,0.3639,1,2026-08-22 15:44:33
10164,474,"Major outage across the platform, unable to log in.",Call Center Note,Product Quality,0.9506,0,2026-08-25 22:05:33
10165,593,"Great quality product, highly recommended!",Email Support,General Praise,0.3656,1,2026-08-28 22:23:33
10166,244,Fast shipping and nice packaging.,Twitter,General Praise,0.3852,1,2026-08-31 14:29:33
10167,504,"Great quality product, highly recommended!",Mobile App,Shipping Delay,0.0361,1,2026-09-06 22:29:33
10168,788,Package arrived damaged and customer support is ignoring my emails.,Email Support,Product Quality,0.8691,0,2026-08-30 20:35:33
10169,339,"Great quality product, highly recommended!",Web Review,Billing Defect,0.0433,1,2026-09-10 17:07:33
10170,326,"Great quality product, highly recommended!",Mobile App,General Praise,0.3661,1,2026-09-03 15:31:33
10171,219,"Great quality product, highly recommended!",Twitter,Billing Defect,0.2597,1,2026-08-15 05:03:33
10172,340,System latency is terrible after the latest update.,Call Center Note,App Crash,0.6464,0,2026-08-31 04:55:33
10173,844,Fast shipping and nice packaging.,Twitter,UI Ergonomics,0.2349,1,2026-09-12 07:45:33
10174,386,System latency is terrible after the latest update.,Mobile App,General Praise,0.8463,0,2026-08-30 09:08:33
10175,975,System latency is terrible after the latest update.,Email Support,Billing Defect,0.9802,0,2026-08-30 05:38:33
10176,382,"Great quality product, highly recommended!",Twitter,Billing Defect,0.0242,1,2026-09-03 05:05:33
10177,711,"Double charged on my credit card, fix this immediately!",Mobile App,Billing Defect,0.8567,0,2026-08-28 16:41:33
10178,310,"Double charged on my credit card, fix this immediately!",Mobile App,Product Quality,0.9148,0,2026-08-22 22:41:33
10179,251,Customer support resolved my billing issue in 5 minutes.,Call Center Note,Billing Defect,0.1314,1,2026-08-26 03:16:33
10180,653,Customer support resolved my billing issue in 5 minutes.,Email Support,App Crash,0.395,1,2026-08-18 12:29:33
10181,466,Love the new design update! Very smooth.,Twitter,Product Quality,0.0527,1,2026-08-28 06:03:33
10182,859,Package arrived damaged and customer support is ignoring my emails.,Web Review,Product Quality,0.621,0,2026-08-18 16:33:33
10183,470,Fast shipping and nice packaging.,Call Center Note,Product Quality,0.1793,1,2026-08-18 11:31:33
10184,144,Customer support resolved my billing issue in 5 minutes.,Call Center Note,Shipping Delay,0.3782,1,2026-09-03 08:43:33
10185,590,Love the new design update! Very smooth.,Web Review,UI Ergonomics,0.0243,1,2026-08-18 10:20:33
10186,182,Fast shipping and nice packaging.,Email Support,Product Quality,0.0294,1,2026-08-20 06:26:33
10187,699,Package arrived damaged and customer support is ignoring my emails.,Call Center Note,General Praise,0.8497,0,2026-08-28 07:36:33
10188,564,"Major outage across the platform, unable to log in.",Call Center Note,Product Quality,0.8122,0,2026-09-02 02:18:33
10189,766,App keeps crashing during checkout payment step!,Call Center Note,General Praise,0.9411,0,2026-08-23 07:16:33
10190,947,Customer support resolved my billing issue in 5 minutes.,Web Review,UI Ergonomics,0.1655,1,2026-09-01 10:47:33
10191,781,"Great quality product, highly recommended!",Email Support,Shipping Delay,0.1707,1,2026-08-20 11:08:33
10192,951,Fast shipping and nice packaging.,Mobile App,Billing Defect,0.0269,1,2026-09-02 04:08:33
10193,669,Package arrived damaged and customer support is ignoring my emails.,Mobile App,Product Quality,0.9247,0,2026-09-08 01:49:33
10194,994,Love the new design update! Very smooth.,Web Review,General Praise,0.1643,1,2026-08-15 20:36:33
10195,691,"Great quality product, highly recommended!",Call Center Note,App Crash,0.1407,1,2026-08-20 13:25:33
10196,458,Customer support resolved my billing issue in 5 minutes.,Call Center Note,Shipping Delay,0.3389,1,2026-08-18 17:54:33
10197,965,Customer support resolved my billing issue in 5 minutes.,Call Center Note,Product Quality,0.3229,1,2026-09-10 10:36:33
10198,773,Love the new design update! Very smooth.,Email Support,Billing Defect,0.2436,1,2026-08-21 17:28:33
10199,459,Package arrived damaged and customer support is ignoring my emails.,Mobile App,App Crash,0.9686,0,2026-08-20 00:53:33
10200,858,Fast shipping and nice packaging.,Mobile App,Billing Defect,0.0278,1,2026-09-06 15:50:33
10201,261,System latency is terrible after the latest update.,Email Support,Shipping Delay,0.7815,0,2026-08-28 06:43:33
10202,259,Love the new design update! Very smooth.,Twitter,Product Quality,0.3533,1,2026-08-15 18:46:33
10203,534,"Great quality product, highly recommended!",Web Review,Product Quality,0.1772,1,2026-09-02 15:14:33
10204,216,Customer support resolved my billing issue in 5 minutes.,Email Support,UI Ergonomics,0.302,1,2026-08-18 13:32:33
10205,783,"Major outage across the platform, unable to log in.",Email Support,Billing Defect,0.7947,0,2026-08-23 13:16:33
10206,309,"Major outage across the platform, unable to log in.",Email Support,App Crash,0.6219,0,2026-08-19 18:18:33
10207,107,"Great quality product, highly recommended!",Web Review,General Praise,0.1312,1,2026-09-02 02:48:33
10208,335,System latency is terrible after the latest update.,Call Center Note,Product Quality,0.813,0,2026-08-29 15:15:33
10209,570,App keeps crashing during checkout payment step!,Mobile App,Shipping Delay,0.7745,0,2026-09-08 17:17:33
10210,527,Fast shipping and nice packaging.,Email Support,Billing Defect,0.2838,1,2026-08-31 22:49:33
10211,732,Package arrived damaged and customer support is ignoring my emails.,Web Review,General Praise,0.6687,0,2026-08-29 23:39:33
10212,703,App keeps crashing during checkout payment step!,Web Review,Product Quality,0.6973,0,2026-08-17 02:19:33
10213,326,Package arrived damaged and customer support is ignoring my emails.,Email Support,App Crash,0.8983,0,2026-08-16 23:50:33
10214,298,Love the new design update! Very smooth.,Email Support,Shipping Delay,0.2122,1,2026-09-11 21:24:33
10215,362,Customer support resolved my billing issue in 5 minutes.,Twitter,App Crash,0.0411,1,2026-09-09 22:23:33
10216,891,App keeps crashing during checkout payment step!,Web Review,UI Ergonomics,0.6709,0,2026-09-08 04:09:33
10217,678,Fast shipping and nice packaging.,Call Center Note,Shipping Delay,0.2725,1,2026-09-11 01:30:33
10218,552,System latency is terrible after the latest update.,Email Support,Shipping Delay,0.6273,0,2026-09-09 10:24:33
10219,572,"Major outage across the platform, unable to log in.",Web Review,Billing Defect,0.6297,0,2026-08-16 02:33:33
10220,984,Package arrived damaged and customer support is ignoring my emails.,Mobile App,Product Quality,0.6307,0,2026-09-09 13:18:33
10221,910,Fast shipping and nice packaging.,Mobile App,UI Ergonomics,0.2321,1,2026-09-08 12:49:33
10222,613,"Great quality product, highly recommended!",Twitter,Billing Defect,0.242,1,2026-09-03 00:30:33
10223,186,Package arrived damaged and customer support is ignoring my emails.,Call Center Note,General Praise,0.993,0,2026-08-21 08:53:33
10224,636,System latency is terrible after the latest update.,Call Center Note,Product Quality,0.9964,0,2026-08-20 17:48:33
10225,893,Package arrived damaged and customer support is ignoring my emails.,Email Support,General Praise,0.755,0,2026-09-09 17:28:33
10226,196,Package arrived damaged and customer support is ignoring my emails.,Call Center Note,General Praise,0.6264,0,2026-08-31 02:38:33
10227,441,"Major outage across the platform, unable to log in.",Mobile App,Product Quality,0.9493,0,2026-08-19 22:53:33
10228,815,"Great quality product, highly recommended!",Web Review,App Crash,0.3871,1,2026-09-09 14:21:33
10229,485,Love the new design update! Very smooth.,Email Support,App Crash,0.1238,1,2026-09-06 11:22:33
10230,118,System latency is terrible after the latest update.,Email Support,Shipping Delay,0.8034,0,2026-08-21 17:18:33
10231,597,"Great quality product, highly recommended!",Twitter,App Crash,0.3791,1,2026-08-19 18:40:33
10232,203,Package arrived damaged and customer support is ignoring my emails.,Call Center Note,Product Quality,0.9378,0,2026-09-06 11:31:33
10233,732,Package arrived damaged and customer support is ignoring my emails.,Twitter,Product Quality,0.9506,0,2026-08-30 15:53:33
10234,889,"Double charged on my credit card, fix this immediately!",Call Center Note,App Crash,0.9325,0,2026-09-02 10:28:33
10235,343,Package arrived damaged and customer support is ignoring my emails.,Web Review,Product Quality,0.8705,0,2026-08-26 11:38:33
10236,344,Fast shipping and nice packaging.,Email Support,UI Ergonomics,0.0936,1,2026-08-22 08:20:33
10237,572,"Major outage across the platform, unable to log in.",Email Support,UI Ergonomics,0.9938,0,2026-09-05 09:43:33
10238,920,Customer support resolved my billing issue in 5 minutes.,Call Center Note,App Crash,0.3268,1,2026-08-24 21:29:33
10239,667,System latency is terrible after the latest update.,Mobile App,General Praise,0.9496,0,2026-09-05 23:55:33
10240,264,"Great quality product, highly recommended!",Email Support,UI Ergonomics,0.0336,1,2026-09-05 21:08:33
10241,327,System latency is terrible after the latest update.,Web Review,Shipping Delay,0.6367,0,2026-08-14 17:32:33
10242,341,Fast shipping and nice packaging.,Web Review,Billing Defect,0.2008,1,2026-08-30 13:55:33
10243,959,Package arrived damaged and customer support is ignoring my emails.,Email Support,App Crash,0.9723,0,2026-08-19 18:42:33
10244,242,System latency is terrible after the latest update.,Web Review,UI Ergonomics,0.8784,0,2026-09-10 12:32:33
10245,320,App keeps crashing during checkout payment step!,Twitter,Product Quality,0.6076,0,2026-09-10 05:28:33
10246,343,Love the new design update! Very smooth.,Email Support,Billing Defect,0.3105,1,2026-08-15 16:34:33
10247,213,"Major outage across the platform, unable to log in.",Web Review,Product Quality,0.7828,0,2026-09-06 21:55:33
10248,835,"Major outage across the platform, unable to log in.",Twitter,Shipping Delay,0.83,0,2026-09-02 01:15:33
10249,526,Package arrived damaged and customer support is ignoring my emails.,Twitter,General Praise,0.6962,0,2026-08-17 09:55:33
10250,638,"Great quality product, highly recommended!",Call Center Note,Product Quality,0.0271,1,2026-09-05 14:52:33
10251,144,Fast shipping and nice packaging.,Web Review,Shipping Delay,0.3493,1,2026-08-25 01:28:33
10252,453,"Great quality product, highly recommended!",Twitter,General Praise,0.3154,1,2026-09-12 10:08:33
10253,460,"Great quality product, highly recommended!",Call Center Note,Shipping Delay,0.0534,1,2026-09-11 18:31:33
10254,590,System latency is terrible after the latest update.,Twitter,App Crash,0.9923,0,2026-08-16 09:20:33
10255,306,Fast shipping and nice packaging.,Mobile App,App Crash,0.0148,1,2026-08-15 10:11:33
10256,934,Package arrived damaged and customer support is ignoring my emails.,Call Center Note,UI Ergonomics,0.8062,0,2026-08-25 01:06:33
10257,982,"Double charged on my credit card, fix this immediately!",Mobile App,General Praise,0.7144,0,2026-08-28 14:58:33
10258,509,Package arrived damaged and customer support is ignoring my emails.,Web Review,UI Ergonomics,0.7748,0,2026-08-28 22:44:33
10259,476,Fast shipping and nice packaging.,Call Center Note,Shipping Delay,0.2768,1,2026-08-17 06:39:33
10260,942,Love the new design update! Very smooth.,Twitter,Product Quality,0.1722,1,2026-08-26 21:17:33
10261,402,App keeps crashing during checkout payment step!,Email Support,UI Ergonomics,0.7312,0,2026-09-09 22:38:33
10262,459,Customer support resolved my billing issue in 5 minutes.,Web Review,Billing Defect,0.2759,1,2026-08-29 13:30:33
10263,910,Fast shipping and nice packaging.,Mobile App,Billing Defect,0.1098,1,2026-09-11 12:45:33
10264,246,Customer support resolved my billing issue in 5 minutes.,Call Center Note,General Praise,0.3811,1,2026-09-02 11:01:33
10265,760,App keeps crashing during checkout payment step!,Email Support,Shipping Delay,0.6944,0,2026-08-30 22:35:33
10266,795,Love the new design update! Very smooth.,Web Review,Shipping Delay,0.242,1,2026-08-30 10:45:33
10267,642,Love the new design update! Very smooth.,Email Support,UI Ergonomics,0.2296,1,2026-08-27 19:48:33
10268,126,Customer support resolved my billing issue in 5 minutes.,Twitter,UI Ergonomics,0.3842,1,2026-09-06 01:55:33
10269,893,"Major outage across the platform, unable to log in.",Email Support,General Praise,0.6471,0,2026-09-02 19:51:33
10270,602,"Major outage across the platform, unable to log in.",Twitter,Billing Defect,0.7142,0,2026-08-19 16:40:33
10271,830,Fast shipping and nice packaging.,Web Review,Billing Defect,0.0691,1,2026-08-28 01:29:33
10272,397,Love the new design update! Very smooth.,Email Support,App Crash,0.22,1,2026-09-11 12:57:33
10273,224,Package arrived damaged and customer support is ignoring my emails.,Twitter,App Crash,0.8035,0,2026-08-24 06:59:33
10274,686,Love the new design update! Very smooth.,Email Support,UI Ergonomics,0.1444,1,2026-09-07 14:57:33
10275,507,App keeps crashing during checkout payment step!,Web Review,Product Quality,0.6263,0,2026-09-01 05:06:33
10276,424,Love the new design update! Very smooth.,Mobile App,UI Ergonomics,0.0501,1,2026-09-03 17:13:33
10277,948,"Great quality product, highly recommended!",Call Center Note,General Praise,0.0513,1,2026-09-09 06:26:33
10278,989,"Double charged on my credit card, fix this immediately!",Mobile App,Billing Defect,0.773,0,2026-09-06 02:19:33
10279,826,"Double charged on my credit card, fix this immediately!",Twitter,Shipping Delay,0.6648,0,2026-09-06 03:11:33
10280,750,Love the new design update! Very smooth.,Call Center Note,Shipping Delay,0.1002,1,2026-08-19 05:08:33
10281,272,Love the new design update! Very smooth.,Call Center Note,Product Quality,0.201,1,2026-08-20 12:50:33
10282,719,"Major outage across the platform, unable to log in.",Email Support,Product Quality,0.8883,0,2026-08-15 09:24:33
10283,756,Love the new design update! Very smooth.,Call Center Note,Shipping Delay,0.0325,1,2026-09-12 03:37:33
10284,754,"Major outage across the platform, unable to log in.",Mobile App,UI Ergonomics,0.7666,0,2026-09-11 01:26:33
10285,924,"Great quality product, highly recommended!",Web Review,Shipping Delay,0.1932,1,2026-09-03 03:48:33
10286,525,App keeps crashing during checkout payment step!,Web Review,UI Ergonomics,0.6632,0,2026-08-22 19:15:33
10287,835,"Double charged on my credit card, fix this immediately!",Email Support,General Praise,0.725,0,2026-08-29 05:39:33
10288,627,Customer support resolved my billing issue in 5 minutes.,Call Center Note,Billing Defect,0.3043,1,2026-08-28 00:58:33
10289,353,App keeps crashing during checkout payment step!,Twitter,Billing Defect,0.707,0,2026-08-15 19:41:33
10290,528,System latency is terrible after the latest update.,Twitter,App Crash,0.9457,0,2026-08-28 10:03:33
10291,263,"Great quality product, highly recommended!",Web Review,Product Quality,0.0759,1,2026-09-03 18:18:33
10292,192,"Great quality product, highly recommended!",Web Review,Product Quality,0.1989,1,2026-09-03 07:50:33
10293,149,Customer support resolved my billing issue in 5 minutes.,Mobile App,Shipping Delay,0.2333,1,2026-09-05 00:58:33
10294,108,Fast shipping and nice packaging.,Mobile App,UI Ergonomics,0.1143,1,2026-08-19 14:42:33
10295,474,"Great quality product, highly recommended!",Mobile App,UI Ergonomics,0.3055,1,2026-08-15 20:17:33
10296,395,Customer support resolved my billing issue in 5 minutes.,Mobile App,UI Ergonomics,0.145,1,2026-09-05 11:11:33
10297,738,"Great quality product, highly recommended!",Call Center Note,Billing Defect,0.3301,1,2026-08-19 08:57:33
10298,447,Fast shipping and nice packaging.,Call Center Note,Shipping Delay,0.1493,1,2026-08-20 01:59:33
10299,141,"Major outage across the platform, unable to log in.",Mobile App,Billing Defect,0.7606,0,2026-08-19 18:05:33
10300,252,Fast shipping and nice packaging.,Call Center Note,Product Quality,0.2077,1,2026-08-19 21:05:33
10301,502,"Major outage across the platform, unable to log in.",Call Center Note,General Praise,0.7274,0,2026-08-27 03:15:33
10302,406,Fast shipping and nice packaging.,Web Review,Billing Defect,0.2835,1,2026-08-30 06:45:33
10303,697,App keeps crashing during checkout payment step!,Email Support,General Praise,0.992,0,2026-09-11 03:44:33
10304,771,System latency is terrible after the latest update.,Call Center Note,Product Quality,0.7062,0,2026-08-23 20:57:33
10305,744,Fast shipping and nice packaging.,Call Center Note,UI Ergonomics,0.0682,1,2026-08-20 05:49:33
10306,817,Customer support resolved my billing issue in 5 minutes.,Mobile App,App Crash,0.0126,1,2026-08-14 09:06:33
10307,807,Fast shipping and nice packaging.,Twitter,UI Ergonomics,0.0606,1,2026-09-05 08:32:33
10308,853,Fast shipping and nice packaging.,Mobile App,General Praise,0.3491,1,2026-08-19 19:14:33
10309,589,"Great quality product, highly recommended!",Call Center Note,UI Ergonomics,0.3992,1,2026-08-27 19:07:33
10310,450,Fast shipping and nice packaging.,Call Center Note,Shipping Delay,0.3648,1,2026-09-11 19:04:33
10311,296,"Great quality product, highly recommended!",Twitter,Shipping Delay,0.244,1,2026-09-07 21:59:33
10312,821,Package arrived damaged and customer support is ignoring my emails.,Twitter,General Praise,0.9085,0,2026-09-04 18:32:33
10313,914,Package arrived damaged and customer support is ignoring my emails.,Email Support,Shipping Delay,0.8242,0,2026-08-19 01:32:33
10314,504,Fast shipping and nice packaging.,Email Support,App Crash,0.3583,1,2026-08-26 17:40:33
10315,552,App keeps crashing during checkout payment step!,Email Support,General Praise,0.7385,0,2026-09-04 07:41:33
10316,675,"Major outage across the platform, unable to log in.",Email Support,App Crash,0.7085,0,2026-08-18 11:43:33
10317,785,Customer support resolved my billing issue in 5 minutes.,Call Center Note,App Crash,0.097,1,2026-09-11 13:13:33
10318,834,App keeps crashing during checkout payment step!,Web Review,Billing Defect,0.7653,0,2026-08-19 18:34:33
10319,261,"Major outage across the platform, unable to log in.",Web Review,General Praise,0.9912,0,2026-09-04 04:00:33
10320,394,Customer support resolved my billing issue in 5 minutes.,Email Support,Shipping Delay,0.3024,1,2026-09-11 21:54:33
10321,337,App keeps crashing during checkout payment step!,Call Center Note,General Praise,0.8609,0,2026-08-15 05:09:33
10322,957,Customer support resolved my billing issue in 5 minutes.,Twitter,Billing Defect,0.1672,1,2026-08-31 14:02:33
10323,993,Customer support resolved my billing issue in 5 minutes.,Email Support,Billing Defect,0.3746,1,2026-08-13 22:32:33
10324,443,"Major outage across the platform, unable to log in.",Email Support,UI Ergonomics,0.6429,0,2026-09-11 16:54:33
10325,237,Fast shipping and nice packaging.,Call Center Note,UI Ergonomics,0.3557,1,2026-08-25 22:25:33
10326,848,App keeps crashing during checkout payment step!,Web Review,General Praise,0.7323,0,2026-08-25 05:25:33
10327,909,Love the new design update! Very smooth.,Email Support,Product Quality,0.2946,1,2026-08-22 07:24:33
10328,627,System latency is terrible after the latest update.,Email Support,Billing Defect,0.9308,0,2026-08-31 18:14:33
10329,588,Customer support resolved my billing issue in 5 minutes.,Email Support,App Crash,0.3927,1,2026-08-13 19:52:33
10330,373,"Double charged on my credit card, fix this immediately!",Email Support,Shipping Delay,0.7787,0,2026-09-09 00:37:33
10331,468,Love the new design update! Very smooth.,Twitter,Billing Defect,0.1046,1,2026-08-18 21:32:33
10332,614,Customer support resolved my billing issue in 5 minutes.,Email Support,General Praise,0.1622,1,2026-08-18 20:39:33
10333,326,"Great quality product, highly recommended!",Twitter,App Crash,0.147,1,2026-09-04 06:43:33
10334,818,"Major outage across the platform, unable to log in.",Call Center Note,UI Ergonomics,0.7494,0,2026-09-06 23:31:33
10335,796,Customer support resolved my billing issue in 5 minutes.,Call Center Note,Billing Defect,0.3047,1,2026-09-06 10:24:33
10336,677,"Great quality product, highly recommended!",Mobile App,Billing Defect,0.0312,1,2026-09-07 10:35:33
10337,253,Customer support resolved my billing issue in 5 minutes.,Twitter,Shipping Delay,0.2291,1,2026-09-06 04:46:33
10338,600,Customer support resolved my billing issue in 5 minutes.,Mobile App,Product Quality,0.2868,1,2026-09-02 19:00:33
10339,525,Fast shipping and nice packaging.,Web Review,Product Quality,0.0528,1,2026-08-16 03:28:33
10340,505,"Great quality product, highly recommended!",Email Support,Billing Defect,0.2893,1,2026-08-23 10:25:33
10341,817,Love the new design update! Very smooth.,Mobile App,Product Quality,0.1695,1,2026-08-16 06:13:33
10342,583,Love the new design update! Very smooth.,Mobile App,Shipping Delay,0.3945,1,2026-09-01 03:00:33
10343,846,"Double charged on my credit card, fix this immediately!",Web Review,Shipping Delay,0.9063,0,2026-08-30 22:11:33
10344,799,Fast shipping and nice packaging.,Call Center Note,App Crash,0.1503,1,2026-09-12 06:15:33
10345,650,Love the new design update! Very smooth.,Web Review,Product Quality,0.0714,1,2026-08-19 07:30:33
10346,874,Customer support resolved my billing issue in 5 minutes.,Mobile App,Shipping Delay,0.3339,1,2026-09-03 14:08:33
10347,943,Fast shipping and nice packaging.,Twitter,App Crash,0.2128,1,2026-09-03 11:32:33
10348,996,Package arrived damaged and customer support is ignoring my emails.,Mobile App,Billing Defect,0.6754,0,2026-09-01 14:20:33
10349,168,Love the new design update! Very smooth.,Mobile App,Product Quality,0.0963,1,2026-08-15 01:05:33
10350,145,Love the new design update! Very smooth.,Web Review,UI Ergonomics,0.0979,1,2026-08-24 04:22:33
10351,396,Love the new design update! Very smooth.,Twitter,General Praise,0.0561,1,2026-09-08 17:40:33
10352,938,"Major outage across the platform, unable to log in.",Email Support,App Crash,0.909,0,2026-08-27 06:01:33
10353,381,Customer support resolved my billing issue in 5 minutes.,Mobile App,Product Quality,0.1654,1,2026-09-09 10:40:33
10354,537,Customer support resolved my billing issue in 5 minutes.,Call Center Note,UI Ergonomics,0.2504,1,2026-08-15 15:37:33
10355,426,Fast shipping and nice packaging.,Web Review,UI Ergonomics,0.3143,1,2026-08-20 07:24:33
10356,584,"Double charged on my credit card, fix this immediately!",Twitter,App Crash,0.9018,0,2026-08-27 04:54:33
10357,159,Customer support resolved my billing issue in 5 minutes.,Call Center Note,UI Ergonomics,0.3223,1,2026-09-01 11:21:33
10358,361,Customer support resolved my billing issue in 5 minutes.,Twitter,Shipping Delay,0.1554,1,2026-09-11 22:47:33
10359,194,System latency is terrible after the latest update.,Call Center Note,General Praise,0.9389,0,2026-08-22 04:28:33
10360,717,System latency is terrible after the latest update.,Mobile App,Billing Defect,0.8695,0,2026-08-22 01:56:33
10361,990,Customer support resolved my billing issue in 5 minutes.,Email Support,Shipping Delay,0.1918,1,2026-08-14 05:09:33
10362,220,"Double charged on my credit card, fix this immediately!",Web Review,App Crash,0.9848,0,2026-09-10 00:35:33
10363,665,Fast shipping and nice packaging.,Email Support,Shipping Delay,0.3661,1,2026-08-30 20:12:33
10364,468,"Great quality product, highly recommended!",Call Center Note,UI Ergonomics,0.1234,1,2026-09-03 17:25:33
10365,427,System latency is terrible after the latest update.,Twitter,Shipping Delay,0.9047,0,2026-08-27 18:12:33
10366,116,Customer support resolved my billing issue in 5 minutes.,Email Support,Product Quality,0.2965,1,2026-09-09 02:20:33
10367,300,Fast shipping and nice packaging.,Email Support,App Crash,0.1181,1,2026-08-30 19:18:33
10368,770,Customer support resolved my billing issue in 5 minutes.,Email Support,Shipping Delay,0.1997,1,2026-09-04 18:07:33
10369,850,Fast shipping and nice packaging.,Email Support,App Crash,0.1843,1,2026-08-19 21:17:33
10370,655,Fast shipping and nice packaging.,Mobile App,Product Quality,0.0736,1,2026-08-15 01:21:33
10371,784,Love the new design update! Very smooth.,Mobile App,Billing Defect,0.3781,1,2026-09-01 06:51:33
10372,254,"Double charged on my credit card, fix this immediately!",Mobile App,App Crash,0.6272,0,2026-09-05 12:48:33
10373,782,Love the new design update! Very smooth.,Call Center Note,UI Ergonomics,0.2471,1,2026-09-04 17:17:33
10374,112,"Major outage across the platform, unable to log in.",Mobile App,Product Quality,0.8207,0,2026-08-26 00:30:33
10375,932,"Great quality product, highly recommended!",Web Review,App Crash,0.0069,1,2026-08-18 09:18:33
10376,734,Customer support resolved my billing issue in 5 minutes.,Call Center Note,Shipping Delay,0.0964,1,2026-08-29 15:33:33
10377,515,System latency is terrible after the latest update.,Web Review,Product Quality,0.6316,0,2026-08-24 14:03:33
10378,947,Customer support resolved my billing issue in 5 minutes.,Mobile App,General Praise,0.12,1,2026-09-12 02:16:33
10379,486,Love the new design update! Very smooth.,Call Center Note,UI Ergonomics,0.1621,1,2026-08-16 01:42:33
10380,965,Customer support resolved my billing issue in 5 minutes.,Web Review,General Praise,0.0331,1,2026-08-28 14:15:33
10381,143,Love the new design update! Very smooth.,Twitter,App Crash,0.3579,1,2026-09-08 07:29:33
10382,800,Love the new design update! Very smooth.,Email Support,Product Quality,0.3697,1,2026-09-08 03:55:33
10383,422,Customer support resolved my billing issue in 5 minutes.,Mobile App,App Crash,0.3715,1,2026-09-09 05:36:33
10384,406,System latency is terrible after the latest update.,Twitter,Product Quality,0.9715,0,2026-08-24 11:04:33
10385,653,Fast shipping and nice packaging.,Email Support,UI Ergonomics,0.2708,1,2026-08-19 21:16:33
10386,454,Love the new design update! Very smooth.,Mobile App,Billing Defect,0.2003,1,2026-09-02 09:50:33
10387,887,App keeps crashing during checkout payment step!,Call Center Note,Product Quality,0.7362,0,2026-08-31 13:43:33
10388,379,"Great quality product, highly recommended!",Web Review,UI Ergonomics,0.0119,1,2026-08-23 21:36:33
10389,796,System latency is terrible after the latest update.,Call Center Note,General Praise,0.7727,0,2026-08-30 19:33:33
10390,352,"Major outage across the platform, unable to log in.",Mobile App,Billing Defect,0.7182,0,2026-08-25 17:06:33
10391,424,"Double charged on my credit card, fix this immediately!",Email Support,Billing Defect,0.8959,0,2026-08-17 16:22:33
10392,879,Package arrived damaged and customer support is ignoring my emails.,Email Support,Billing Defect,0.7779,0,2026-08-19 13:08:33
10393,668,System latency is terrible after the latest update.,Call Center Note,UI Ergonomics,0.7795,0,2026-08-18 05:14:33
10394,711,Package arrived damaged and customer support is ignoring my emails.,Call Center Note,Shipping Delay,0.8217,0,2026-08-31 01:11:33
10395,186,System latency is terrible after the latest update.,Call Center Note,App Crash,0.7551,0,2026-09-08 13:08:33
10396,375,Fast shipping and nice packaging.,Email Support,Shipping Delay,0.0678,1,2026-09-04 23:02:33
10397,531,"Double charged on my credit card, fix this immediately!",Email Support,UI Ergonomics,0.7739,0,2026-08-17 00:26:33
10398,607,"Double charged on my credit card, fix this immediately!",Call Center Note,Product Quality,0.8884,0,2026-08-22 10:00:33
10399,505,Customer support resolved my billing issue in 5 minutes.,Email Support,Product Quality,0.1219,1,2026-08-30 19:21:33
10400,540,"Great quality product, highly recommended!",Call Center Note,App Crash,0.1761,1,2026-08-27 04:34:33
10401,281,"Double charged on my credit card, fix this immediately!",Web Review,Shipping Delay,0.7916,0,2026-08-26 18:45:33
10402,900,Fast shipping and nice packaging.,Twitter,Shipping Delay,0.3871,1,2026-08-30 15:10:33
10403,677,System latency is terrible after the latest update.,Twitter,Product Quality,0.746,0,2026-09-07 08:23:33
10404,844,"Major outage across the platform, unable to log in.",Web Review,General Praise,0.6108,0,2026-08-23 01:24:33
10405,170,"Great quality product, highly recommended!",Web Review,General Praise,0.3325,1,2026-09-05 05:47:33
10406,774,Package arrived damaged and customer support is ignoring my emails.,Twitter,General Praise,0.6968,0,2026-09-01 18:35:33
10407,712,Love the new design update! Very smooth.,Web Review,Product Quality,0.1796,1,2026-08-31 18:12:33
10408,909,Fast shipping and nice packaging.,Email Support,General Praise,0.2175,1,2026-09-06 22:51:33
10409,354,Love the new design update! Very smooth.,Email Support,App Crash,0.0437,1,2026-09-11 23:06:33
10410,439,Fast shipping and nice packaging.,Web Review,Billing Defect,0.3867,1,2026-08-13 23:56:33
10411,631,"Double charged on my credit card, fix this immediately!",Call Center Note,Product Quality,0.8043,0,2026-09-08 16:43:33
10412,890,Package arrived damaged and customer support is ignoring my emails.,Call Center Note,General Praise,0.7565,0,2026-09-05 07:03:33
10413,402,App keeps crashing during checkout payment step!,Web Review,Billing Defect,0.7931,0,2026-08-18 19:11:33
10414,451,Customer support resolved my billing issue in 5 minutes.,Web Review,App Crash,0.1393,1,2026-09-06 05:36:33
10415,839,Fast shipping and nice packaging.,Web Review,Shipping Delay,0.039,1,2026-08-16 13:47:33
10416,451,App keeps crashing during checkout payment step!,Mobile App,General Praise,0.609,0,2026-08-20 23:56:33
10417,665,Customer support resolved my billing issue in 5 minutes.,Twitter,Shipping Delay,0.2064,1,2026-09-07 23:55:33
10418,514,Fast shipping and nice packaging.,Twitter,App Crash,0.0927,1,2026-09-11 15:59:33
10419,728,Fast shipping and nice packaging.,Twitter,UI Ergonomics,0.0117,1,2026-09-09 11:15:33
10420,310,Love the new design update! Very smooth.,Email Support,General Praise,0.2819,1,2026-08-16 08:45:33
10421,301,Customer support resolved my billing issue in 5 minutes.,Web Review,Billing Defect,0.1463,1,2026-08-25 10:58:33
10422,754,Fast shipping and nice packaging.,Email Support,Product Quality,0.2111,1,2026-08-31 04:54:33
10423,965,Love the new design update! Very smooth.,Web Review,Product Quality,0.1392,1,2026-08-21 08:51:33
10424,704,"Great quality product, highly recommended!",Mobile App,General Praise,0.3675,1,2026-08-19 14:43:33
10425,287,"Double charged on my credit card, fix this immediately!",Email Support,General Praise,0.7222,0,2026-08-19 22:49:33
10426,688,Fast shipping and nice packaging.,Web Review,UI Ergonomics,0.2386,1,2026-08-21 23:18:33
10427,601,Customer support resolved my billing issue in 5 minutes.,Email Support,App Crash,0.222,1,2026-08-22 00:46:33
10428,986,System latency is terrible after the latest update.,Email Support,Billing Defect,0.8478,0,2026-09-04 13:44:33
10429,617,System latency is terrible after the latest update.,Web Review,UI Ergonomics,0.9855,0,2026-09-04 21:30:33
10430,184,Fast shipping and nice packaging.,Call Center Note,Billing Defect,0.1955,1,2026-08-23 13:17:33
10431,395,Package arrived damaged and customer support is ignoring my emails.,Twitter,UI Ergonomics,0.6899,0,2026-09-08 06:15:33
10432,215,Fast shipping and nice packaging.,Call Center Note,Billing Defect,0.2199,1,2026-08-25 17:01:33
10433,874,"Great quality product, highly recommended!",Mobile App,General Praise,0.2168,1,2026-09-02 14:30:33
10434,949,Fast shipping and nice packaging.,Twitter,Shipping Delay,0.041,1,2026-08-14 23:37:33
10435,189,"Great quality product, highly recommended!",Web Review,Billing Defect,0.3449,1,2026-08-24 07:13:33
10436,981,"Major outage across the platform, unable to log in.",Call Center Note,General Praise,0.8757,0,2026-09-02 00:05:33
10437,933,"Double charged on my credit card, fix this immediately!",Twitter,Billing Defect,0.9139,0,2026-09-08 11:05:33
10438,272,Package arrived damaged and customer support is ignoring my emails.,Email Support,General Praise,0.8387,0,2026-08-26 20:03:33
10439,626,Package arrived damaged and customer support is ignoring my emails.,Mobile App,App Crash,0.981,0,2026-09-01 05:59:33
10440,229,"Great quality product, highly recommended!",Twitter,App Crash,0.3468,1,2026-08-20 04:09:33
10441,792,Customer support resolved my billing issue in 5 minutes.,Web Review,UI Ergonomics,0.3046,1,2026-08-19 23:42:33
10442,484,"Great quality product, highly recommended!",Web Review,Billing Defect,0.2511,1,2026-09-11 08:30:33
10443,867,Love the new design update! Very smooth.,Email Support,General Praise,0.1611,1,2026-08-30 07:32:33
10444,102,Fast shipping and nice packaging.,Mobile App,General Praise,0.1309,1,2026-09-03 09:09:33
10445,914,"Great quality product, highly recommended!",Call Center Note,UI Ergonomics,0.34,1,2026-08-23 10:20:33
10446,430,Customer support resolved my billing issue in 5 minutes.,Email Support,Shipping Delay,0.1979,1,2026-09-07 10:13:33
10447,798,Fast shipping and nice packaging.,Mobile App,Billing Defect,0.3153,1,2026-08-18 01:10:33
10448,978,Fast shipping and nice packaging.,Twitter,UI Ergonomics,0.0065,1,2026-09-03 07:03:33
10449,805,System latency is terrible after the latest update.,Twitter,General Praise,0.6809,0,2026-08-27 06:08:33
10450,469,Package arrived damaged and customer support is ignoring my emails.,Email Support,Billing Defect,0.6373,0,2026-08-30 10:34:33
10451,740,Customer support resolved my billing issue in 5 minutes.,Email Support,General Praise,0.0207,1,2026-08-24 04:09:33
10452,101,Love the new design update! Very smooth.,Twitter,UI Ergonomics,0.2815,1,2026-08-17 01:32:33
10453,555,"Double charged on my credit card, fix this immediately!",Mobile App,Billing Defect,0.8078,0,2026-08-29 03:41:33
10454,589,Fast shipping and nice packaging.,Mobile App,App Crash,0.2776,1,2026-08-30 22:49:33
10455,476,App keeps crashing during checkout payment step!,Email Support,App Crash,0.6413,0,2026-08-30 22:27:33
10456,793,Customer support resolved my billing issue in 5 minutes.,Twitter,Billing Defect,0.2566,1,2026-09-06 15:52:33
10457,839,Customer support resolved my billing issue in 5 minutes.,Twitter,General Praise,0.176,1,2026-08-20 09:45:33
10458,188,Fast shipping and nice packaging.,Mobile App,App Crash,0.344,1,2026-08-19 02:56:33
10459,539,Fast shipping and nice packaging.,Email Support,App Crash,0.1406,1,2026-08-24 19:03:33
10460,715,App keeps crashing during checkout payment step!,Call Center Note,General Praise,0.6993,0,2026-09-10 04:04:33
10461,774,App keeps crashing during checkout payment step!,Email Support,App Crash,0.9392,0,2026-09-06 01:56:33
10462,402,Customer support resolved my billing issue in 5 minutes.,Mobile App,App Crash,0.2991,1,2026-09-05 00:57:33
10463,708,"Double charged on my credit card, fix this immediately!",Mobile App,Product Quality,0.7998,0,2026-08-14 01:35:33
10464,981,"Great quality product, highly recommended!",Call Center Note,UI Ergonomics,0.0528,1,2026-08-30 03:32:33
10465,888,Customer support resolved my billing issue in 5 minutes.,Mobile App,Billing Defect,0.3051,1,2026-09-09 05:58:33
10466,161,Package arrived damaged and customer support is ignoring my emails.,Web Review,Product Quality,0.6863,0,2026-08-26 13:20:33
10467,511,Fast shipping and nice packaging.,Mobile App,General Praise,0.1694,1,2026-09-06 22:29:33
10468,417,Customer support resolved my billing issue in 5 minutes.,Mobile App,Product Quality,0.111,1,2026-08-22 18:21:33
10469,500,Customer support resolved my billing issue in 5 minutes.,Call Center Note,General Praise,0.2146,1,2026-09-12 02:12:33
10470,547,Love the new design update! Very smooth.,Twitter,Billing Defect,0.1241,1,2026-08-24 15:27:33
10471,726,System latency is terrible after the latest update.,Call Center Note,Billing Defect,0.6464,0,2026-08-27 14:14:33
10472,824,Customer support resolved my billing issue in 5 minutes.,Twitter,General Praise,0.0478,1,2026-08-14 00:48:33
10473,901,Package arrived damaged and customer support is ignoring my emails.,Email Support,App Crash,0.8092,0,2026-08-30 10:35:33
10474,220,Package arrived damaged and customer support is ignoring my emails.,Mobile App,Shipping Delay,0.8932,0,2026-09-02 01:21:33
10475,690,App keeps crashing during checkout payment step!,Mobile App,UI Ergonomics,0.7052,0,2026-09-03 05:36:33
10476,680,Love the new design update! Very smooth.,Twitter,Shipping Delay,0.1998,1,2026-08-20 16:14:33
10477,790,App keeps crashing during checkout payment step!,Mobile App,App Crash,0.9577,0,2026-09-05 16:11:33
10478,583,App keeps crashing during checkout payment step!,Email Support,UI Ergonomics,0.6978,0,2026-08-20 08:20:33
10479,831,App keeps crashing during checkout payment step!,Web Review,App Crash,0.8211,0,2026-08-28 03:54:33
10480,179,Package arrived damaged and customer support is ignoring my emails.,Call Center Note,Shipping Delay,0.7085,0,2026-08-18 22:50:33
10481,923,Love the new design update! Very smooth.,Call Center Note,Billing Defect,0.0717,1,2026-08-31 18:20:33
10482,892,System latency is terrible after the latest update.,Email Support,Shipping Delay,0.9464,0,2026-08-17 10:46:33
10483,398,Love the new design update! Very smooth.,Call Center Note,Shipping Delay,0.1476,1,2026-09-10 20:35:33
10484,605,Package arrived damaged and customer support is ignoring my emails.,Twitter,General Praise,0.8367,0,2026-09-07 09:24:33
10485,519,Customer support resolved my billing issue in 5 minutes.,Mobile App,App Crash,0.0602,1,2026-09-07 03:55:33
10486,101,App keeps crashing during checkout payment step!,Web Review,General Praise,0.9804,0,2026-08-27 12:18:33
10487,529,"Major outage across the platform, unable to log in.",Web Review,Billing Defect,0.9932,0,2026-08-19 23:55:33
10488,337,Love the new design update! Very smooth.,Call Center Note,UI Ergonomics,0.0176,1,2026-08-30 11:16:33
10489,617,Love the new design update! Very smooth.,Twitter,General Praise,0.2323,1,2026-08-31 11:09:33
10490,778,"Major outage across the platform, unable to log in.",Twitter,App Crash,0.6249,0,2026-08-26 19:00:33
10491,502,Package arrived damaged and customer support is ignoring my emails.,Email Support,Shipping Delay,0.9704,0,2026-09-03 02:56:33
10492,239,App keeps crashing during checkout payment step!,Call Center Note,Billing Defect,0.9774,0,2026-08-20 14:09:33
10493,516,System latency is terrible after the latest update.,Mobile App,Product Quality,0.7864,0,2026-08-29 19:45:33
10494,574,Customer support resolved my billing issue in 5 minutes.,Email Support,Billing Defect,0.1808,1,2026-08-17 15:10:33
10495,813,Package arrived damaged and customer support is ignoring my emails.,Call Center Note,Billing Defect,0.9306,0,2026-08-23 07:16:33
10496,828,"Great quality product, highly recommended!",Twitter,Shipping Delay,0.0593,1,2026-08-31 13:13:33
10497,278,"Great quality product, highly recommended!",Mobile App,UI Ergonomics,0.1041,1,2026-09-03 02:20:33
10498,204,Customer support resolved my billing issue in 5 minutes.,Twitter,Billing Defect,0.0379,1,2026-08-14 01:28:33
10499,943,"Double charged on my credit card, fix this immediately!",Web Review,Shipping Delay,0.6523,0,2026-09-11 04:52:33
10500,365,Love the new design update! Very smooth.,Mobile App,Billing Defect,0.2329,1,2026-08-16 10:50:33
10501,194,System latency is terrible after the latest update.,Email Support,Billing Defect,0.9237,0,2026-08-15 11:03:33
10502,687,Love the new design update! Very smooth.,Web Review,General Praise,0.0672,1,2026-08-31 11:51:33
10503,276,Fast shipping and nice packaging.,Email Support,App Crash,0.2733,1,2026-08-22 00:50:33
10504,135,System latency is terrible after the latest update.,Call Center Note,Product Quality,0.9534,0,2026-09-10 14:19:33
10505,663,Package arrived damaged and customer support is ignoring my emails.,Web Review,Billing Defect,0.7996,0,2026-08-17 12:13:33
10506,758,"Double charged on my credit card, fix this immediately!",Call Center Note,App Crash,0.7677,0,2026-09-11 05:22:33
10507,900,Love the new design update! Very smooth.,Email Support,UI Ergonomics,0.3958,1,2026-09-07 07:10:33
10508,614,"Great quality product, highly recommended!",Email Support,UI Ergonomics,0.3651,1,2026-08-25 19:48:33
10509,130,Package arrived damaged and customer support is ignoring my emails.,Email Support,Billing Defect,0.8388,0,2026-09-03 23:37:33
10510,202,Customer support resolved my billing issue in 5 minutes.,Twitter,General Praise,0.3896,1,2026-08-24 11:49:33
10511,324,App keeps crashing during checkout payment step!,Call Center Note,UI Ergonomics,0.9056,0,2026-08-29 15:57:33
10512,706,Customer support resolved my billing issue in 5 minutes.,Email Support,General Praise,0.0704,1,2026-08-29 20:18:33
10513,460,Love the new design update! Very smooth.,Call Center Note,Product Quality,0.2814,1,2026-08-19 23:37:33
10514,929,Customer support resolved my billing issue in 5 minutes.,Web Review,Product Quality,0.3347,1,2026-08-27 13:59:33
10515,338,App keeps crashing during checkout payment step!,Call Center Note,App Crash,0.6361,0,2026-08-14 10:11:33
10516,728,Love the new design update! Very smooth.,Twitter,App Crash,0.1327,1,2026-08-29 00:36:33
10517,251,"Great quality product, highly recommended!",Call Center Note,General Praise,0.0238,1,2026-08-19 23:08:33
10518,482,"Great quality product, highly recommended!",Web Review,Product Quality,0.3842,1,2026-08-18 02:46:33
10519,261,Package arrived damaged and customer support is ignoring my emails.,Web Review,General Praise,0.6546,0,2026-09-04 16:34:33
10520,675,Customer support resolved my billing issue in 5 minutes.,Call Center Note,Shipping Delay,0.2829,1,2026-08-23 16:15:33
10521,851,Customer support resolved my billing issue in 5 minutes.,Email Support,App Crash,0.1514,1,2026-08-21 14:31:33
10522,889,Fast shipping and nice packaging.,Call Center Note,Billing Defect,0.3403,1,2026-08-21 19:17:33
10523,206,Customer support resolved my billing issue in 5 minutes.,Web Review,App Crash,0.2559,1,2026-08-28 14:08:33
10524,427,Customer support resolved my billing issue in 5 minutes.,Twitter,General Praise,0.1387,1,2026-08-17 13:19:33
10525,371,"Great quality product, highly recommended!",Twitter,App Crash,0.1787,1,2026-08-16 14:27:33
10526,149,App keeps crashing during checkout payment step!,Web Review,UI Ergonomics,0.8882,0,2026-09-01 14:47:33
10527,487,Fast shipping and nice packaging.,Email Support,Product Quality,0.1972,1,2026-08-30 14:23:33
10528,691,System latency is terrible after the latest update.,Twitter,App Crash,0.9155,0,2026-09-03 01:20:33
10529,426,App keeps crashing during checkout payment step!,Email Support,Billing Defect,0.718,0,2026-08-16 21:27:33
10530,176,System latency is terrible after the latest update.,Call Center Note,Billing Defect,0.6644,0,2026-08-28 21:32:33
10531,541,Fast shipping and nice packaging.,Twitter,Product Quality,0.2818,1,2026-09-02 06:40:33
10532,294,App keeps crashing during checkout payment step!,Web Review,General Praise,0.7324,0,2026-09-07 17:39:33
10533,404,"Great quality product, highly recommended!",Twitter,Billing Defect,0.2642,1,2026-08-15 18:37:33
10534,257,"Major outage across the platform, unable to log in.",Mobile App,Shipping Delay,0.9359,0,2026-08-13 16:35:33
10535,740,"Great quality product, highly recommended!",Call Center Note,UI Ergonomics,0.3296,1,2026-08-22 14:30:33
10536,398,"Double charged on my credit card, fix this immediately!",Mobile App,UI Ergonomics,0.6683,0,2026-08-18 18:34:33
10537,776,System latency is terrible after the latest update.,Email Support,Billing Defect,0.7884,0,2026-09-11 17:30:33
10538,490,Customer support resolved my billing issue in 5 minutes.,Email Support,App Crash,0.1484,1,2026-09-02 19:19:33
10539,331,System latency is terrible after the latest update.,Email Support,Product Quality,0.786,0,2026-08-16 07:44:33
10540,452,App keeps crashing during checkout payment step!,Call Center Note,UI Ergonomics,0.6343,0,2026-09-09 08:33:33
10541,938,App keeps crashing during checkout payment step!,Call Center Note,UI Ergonomics,0.9363,0,2026-09-06 21:20:33
10542,341,Fast shipping and nice packaging.,Web Review,Shipping Delay,0.2291,1,2026-08-17 02:39:33
10543,629,App keeps crashing during checkout payment step!,Call Center Note,General Praise,0.8008,0,2026-09-10 17:55:33
10544,271,System latency is terrible after the latest update.,Twitter,App Crash,0.6692,0,2026-08-19 06:14:33
10545,545,App keeps crashing during checkout payment step!,Twitter,General Praise,0.9953,0,2026-08-20 05:56:33
10546,844,"Great quality product, highly recommended!",Mobile App,Billing Defect,0.1279,1,2026-08-31 04:19:33
10547,632,"Great quality product, highly recommended!",Web Review,Billing Defect,0.3426,1,2026-09-10 20:57:33
10548,253,Fast shipping and nice packaging.,Twitter,Product Quality,0.045,1,2026-09-09 06:35:33
10549,676,Love the new design update! Very smooth.,Mobile App,Shipping Delay,0.37,1,2026-09-06 21:28:33
10550,770,Fast shipping and nice packaging.,Web Review,Product Quality,0.1057,1,2026-09-10 05:33:33
10551,247,Customer support resolved my billing issue in 5 minutes.,Call Center Note,Product Quality,0.1102,1,2026-08-31 19:12:33
10552,150,Package arrived damaged and customer support is ignoring my emails.,Web Review,Shipping Delay,0.8762,0,2026-08-30 11:13:33
10553,963,Package arrived damaged and customer support is ignoring my emails.,Web Review,General Praise,0.7244,0,2026-08-17 23:41:33
10554,861,Customer support resolved my billing issue in 5 minutes.,Web Review,Shipping Delay,0.0538,1,2026-08-25 18:41:33
10555,316,Love the new design update! Very smooth.,Web Review,General Praise,0.0752,1,2026-09-04 13:34:33
10556,627,"Great quality product, highly recommended!",Twitter,Billing Defect,0.3284,1,2026-08-27 16:14:33
10557,971,Fast shipping and nice packaging.,Call Center Note,Product Quality,0.0543,1,2026-08-14 20:02:33
10558,355,"Double charged on my credit card, fix this immediately!",Mobile App,UI Ergonomics,0.9348,0,2026-08-15 19:38:33
10559,943,Customer support resolved my billing issue in 5 minutes.,Web Review,Product Quality,0.1096,1,2026-08-31 13:59:33
10560,347,Love the new design update! Very smooth.,Email Support,UI Ergonomics,0.2725,1,2026-09-09 13:16:33
10561,458,Fast shipping and nice packaging.,Email Support,App Crash,0.2348,1,2026-08-25 06:56:33
10562,495,Love the new design update! Very smooth.,Mobile App,App Crash,0.114,1,2026-09-08 13:28:33
10563,762,Customer support resolved my billing issue in 5 minutes.,Twitter,General Praise,0.3428,1,2026-08-22 22:13:33
10564,985,System latency is terrible after the latest update.,Mobile App,UI Ergonomics,0.8053,0,2026-08-19 12:56:33
10565,722,Love the new design update! Very smooth.,Email Support,General Praise,0.0895,1,2026-09-11 18:27:33
10566,570,System latency is terrible after the latest update.,Email Support,App Crash,0.9406,0,2026-09-03 18:10:33
10567,506,"Major outage across the platform, unable to log in.",Call Center Note,Billing Defect,0.9297,0,2026-08-13 20:26:33
10568,708,"Great quality product, highly recommended!",Call Center Note,Shipping Delay,0.2246,1,2026-08-27 02:25:33
10569,383,Fast shipping and nice packaging.,Email Support,Shipping Delay,0.0255,1,2026-08-25 09:39:33
10570,629,"Great quality product, highly recommended!",Twitter,Billing Defect,0.0753,1,2026-09-09 19:48:33
10571,838,"Great quality product, highly recommended!",Mobile App,General Praise,0.2723,1,2026-09-05 03:40:33
10572,514,"Great quality product, highly recommended!",Web Review,General Praise,0.3628,1,2026-08-15 02:59:33
10573,830,Customer support resolved my billing issue in 5 minutes.,Twitter,General Praise,0.1373,1,2026-09-06 20:22:33
10574,787,Fast shipping and nice packaging.,Email Support,Product Quality,0.3626,1,2026-08-27 04:18:33
10575,582,Customer support resolved my billing issue in 5 minutes.,Twitter,General Praise,0.1175,1,2026-08-25 06:56:33
10576,443,Customer support resolved my billing issue in 5 minutes.,Mobile App,App Crash,0.3788,1,2026-08-29 16:28:33
10577,439,Package arrived damaged and customer support is ignoring my emails.,Email Support,Shipping Delay,0.7682,0,2026-09-09 04:00:33
10578,987,App keeps crashing during checkout payment step!,Call Center Note,Product Quality,0.7882,0,2026-09-10 18:20:33
10579,988,"Double charged on my credit card, fix this immediately!",Web Review,Product Quality,0.8002,0,2026-08-27 02:18:33
10580,305,Customer support resolved my billing issue in 5 minutes.,Email Support,UI Ergonomics,0.0549,1,2026-09-08 10:21:33
10581,983,Fast shipping and nice packaging.,Twitter,Billing Defect,0.0573,1,2026-09-04 16:59:33
10582,159,"Double charged on my credit card, fix this immediately!",Mobile App,UI Ergonomics,0.7254,0,2026-08-25 23:10:33
10583,262,"Double charged on my credit card, fix this immediately!",Web Review,Billing Defect,0.8305,0,2026-08-19 09:45:33
10584,588,Fast shipping and nice packaging.,Web Review,Billing Defect,0.1614,1,2026-08-15 05:37:33
10585,429,"Great quality product, highly recommended!",Call Center Note,App Crash,0.38,1,2026-08-14 07:59:33
10586,998,Customer support resolved my billing issue in 5 minutes.,Email Support,Shipping Delay,0.0905,1,2026-08-19 09:14:33
10587,271,"Major outage across the platform, unable to log in.",Mobile App,Billing Defect,0.8355,0,2026-08-27 02:07:33
10588,710,Fast shipping and nice packaging.,Call Center Note,Shipping Delay,0.2911,1,2026-09-02 06:05:33
10589,601,Customer support resolved my billing issue in 5 minutes.,Email Support,App Crash,0.1371,1,2026-08-21 00:30:33
10590,329,Fast shipping and nice packaging.,Twitter,App Crash,0.0076,1,2026-08-14 12:21:33
10591,828,Customer support resolved my billing issue in 5 minutes.,Mobile App,UI Ergonomics,0.0493,1,2026-09-11 15:49:33
10592,708,"Major outage across the platform, unable to log in.",Mobile App,General Praise,0.8493,0,2026-08-18 10:30:33
10593,218,Love the new design update! Very smooth.,Web Review,UI Ergonomics,0.0193,1,2026-08-30 19:45:33
10594,256,Package arrived damaged and customer support is ignoring my emails.,Twitter,General Praise,0.7898,0,2026-09-11 04:53:33
10595,778,System latency is terrible after the latest update.,Call Center Note,Shipping Delay,0.8647,0,2026-09-10 20:40:33
10596,207,Customer support resolved my billing issue in 5 minutes.,Call Center Note,General Praise,0.1675,1,2026-09-10 15:06:33
10597,609,App keeps crashing during checkout payment step!,Twitter,Product Quality,0.9139,0,2026-08-22 14:35:33
10598,519,Customer support resolved my billing issue in 5 minutes.,Email Support,App Crash,0.1432,1,2026-08-15 07:27:33
10599,592,Customer support resolved my billing issue in 5 minutes.,Email Support,App Crash,0.2753,1,2026-08-13 15:24:33
10600,955,App keeps crashing during checkout payment step!,Call Center Note,General Praise,0.9628,0,2026-09-05 00:06:33
10601,176,App keeps crashing during checkout payment step!,Mobile App,Shipping Delay,0.9118,0,2026-09-11 20:12:33
10602,151,Package arrived damaged and customer support is ignoring my emails.,Mobile App,App Crash,0.7057,0,2026-08-15 07:30:33
10603,420,"Great quality product, highly recommended!",Web Review,General Praise,0.3206,1,2026-08-18 19:00:33
10604,241,App keeps crashing during checkout payment step!,Twitter,Shipping Delay,0.6039,0,2026-08-29 18:55:33
10605,195,"Great quality product, highly recommended!",Email Support,Shipping Delay,0.3514,1,2026-08-21 20:09:33
10606,378,System latency is terrible after the latest update.,Web Review,General Praise,0.9849,0,2026-09-04 06:47:33
10607,812,Customer support resolved my billing issue in 5 minutes.,Mobile App,App Crash,0.0452,1,2026-08-18 05:41:33
10608,794,Fast shipping and nice packaging.,Web Review,App Crash,0.3209,1,2026-09-10 08:08:33
10609,983,Package arrived damaged and customer support is ignoring my emails.,Twitter,UI Ergonomics,0.8445,0,2026-09-04 17:34:33
10610,164,System latency is terrible after the latest update.,Email Support,General Praise,0.7763,0,2026-08-27 19:38:33
10611,690,"Major outage across the platform, unable to log in.",Call Center Note,App Crash,0.907,0,2026-08-28 21:55:33
10612,844,Love the new design update! Very smooth.,Twitter,UI Ergonomics,0.1731,1,2026-08-29 06:04:33
10613,946,Fast shipping and nice packaging.,Call Center Note,Product Quality,0.0595,1,2026-08-16 00:01:33
10614,580,"Double charged on my credit card, fix this immediately!",Web Review,App Crash,0.8022,0,2026-08-16 22:11:33
10615,384,"Great quality product, highly recommended!",Mobile App,Product Quality,0.0964,1,2026-08-23 15:40:33
10616,340,Fast shipping and nice packaging.,Mobile App,UI Ergonomics,0.1613,1,2026-09-02 17:35:33
10617,610,Fast shipping and nice packaging.,Web Review,Shipping Delay,0.0352,1,2026-08-18 22:04:33
10618,522,Love the new design update! Very smooth.,Mobile App,Product Quality,0.0411,1,2026-09-07 12:10:33
10619,733,App keeps crashing during checkout payment step!,Email Support,Product Quality,0.9167,0,2026-09-08 02:38:33
10620,472,System latency is terrible after the latest update.,Mobile App,App Crash,0.9801,0,2026-09-03 04:48:33
10621,833,"Major outage across the platform, unable to log in.",Email Support,General Praise,0.84,0,2026-09-03 02:42:33
10622,463,"Double charged on my credit card, fix this immediately!",Email Support,Product Quality,0.6009,0,2026-09-06 06:33:33
10623,268,App keeps crashing during checkout payment step!,Web Review,App Crash,0.6183,0,2026-09-01 03:23:33
10624,223,"Major outage across the platform, unable to log in.",Web Review,App Crash,0.6784,0,2026-09-03 07:37:33
10625,210,Customer support resolved my billing issue in 5 minutes.,Web Review,Billing Defect,0.2867,1,2026-09-11 08:05:33
10626,561,Love the new design update! Very smooth.,Web Review,General Praise,0.3089,1,2026-09-09 08:06:33
10627,104,Customer support resolved my billing issue in 5 minutes.,Call Center Note,General Praise,0.3855,1,2026-08-15 17:28:33
10628,594,Fast shipping and nice packaging.,Call Center Note,App Crash,0.3355,1,2026-09-08 20:21:33
10629,773,"Double charged on my credit card, fix this immediately!",Call Center Note,Product Quality,0.6414,0,2026-08-28 03:57:33
10630,723,Fast shipping and nice packaging.,Twitter,Shipping Delay,0.1675,1,2026-08-31 14:59:33
10631,236,"Great quality product, highly recommended!",Twitter,UI Ergonomics,0.1811,1,2026-09-09 22:32:33
10632,660,"Great quality product, highly recommended!",Email Support,General Praise,0.3372,1,2026-09-07 17:04:33
10633,831,Customer support resolved my billing issue in 5 minutes.,Email Support,General Praise,0.0839,1,2026-08-29 05:34:33
10634,765,Customer support resolved my billing issue in 5 minutes.,Twitter,Product Quality,0.3925,1,2026-09-07 04:57:33
10635,879,"Great quality product, highly recommended!",Email Support,Product Quality,0.2841,1,2026-09-04 09:06:33
10636,961,Fast shipping and nice packaging.,Call Center Note,Shipping Delay,0.2697,1,2026-09-01 17:46:33
10637,248,Love the new design update! Very smooth.,Mobile App,General Praise,0.0101,1,2026-08-16 02:14:33
10638,799,"Double charged on my credit card, fix this immediately!",Email Support,App Crash,0.9934,0,2026-08-16 08:10:33
10639,654,"Great quality product, highly recommended!",Mobile App,Shipping Delay,0.0816,1,2026-09-03 02:46:33
10640,860,"Major outage across the platform, unable to log in.",Call Center Note,UI Ergonomics,0.9459,0,2026-08-24 07:56:33
10641,148,"Great quality product, highly recommended!",Web Review,UI Ergonomics,0.2772,1,2026-09-01 11:25:33
10642,155,"Great quality product, highly recommended!",Mobile App,General Praise,0.3863,1,2026-08-24 22:56:33
10643,748,System latency is terrible after the latest update.,Email Support,Product Quality,0.932,0,2026-09-07 09:27:33
10644,298,Customer support resolved my billing issue in 5 minutes.,Email Support,UI Ergonomics,0.3105,1,2026-08-21 14:12:33
10645,277,Love the new design update! Very smooth.,Call Center Note,Billing Defect,0.0748,1,2026-08-30 16:25:33
10646,233,Package arrived damaged and customer support is ignoring my emails.,Twitter,Product Quality,0.8226,0,2026-08-25 02:57:33
10647,258,System latency is terrible after the latest update.,Mobile App,App Crash,0.8839,0,2026-08-28 04:48:33
10648,686,"Great quality product, highly recommended!",Call Center Note,Shipping Delay,0.1962,1,2026-08-16 20:01:33
10649,288,"Great quality product, highly recommended!",Call Center Note,Billing Defect,0.2102,1,2026-09-05 12:09:33
10650,194,"Major outage across the platform, unable to log in.",Email Support,App Crash,0.8148,0,2026-08-23 05:27:33
10651,323,"Great quality product, highly recommended!",Call Center Note,Product Quality,0.1443,1,2026-09-04 03:05:33
10652,454,Love the new design update! Very smooth.,Web Review,App Crash,0.0459,1,2026-09-11 17:56:33
10653,798,Customer support resolved my billing issue in 5 minutes.,Email Support,UI Ergonomics,0.3836,1,2026-08-18 16:15:33
10654,125,"Major outage across the platform, unable to log in.",Call Center Note,Shipping Delay,0.8896,0,2026-09-05 22:10:33
10655,403,Fast shipping and nice packaging.,Twitter,Shipping Delay,0.1947,1,2026-09-05 21:43:33
10656,891,App keeps crashing during checkout payment step!,Call Center Note,Product Quality,0.667,0,2026-08-13 20:25:33
10657,892,Customer support resolved my billing issue in 5 minutes.,Twitter,General Praise,0.2681,1,2026-09-01 19:45:33
10658,819,Customer support resolved my billing issue in 5 minutes.,Web Review,General Praise,0.2151,1,2026-08-16 19:11:33
10659,834,Customer support resolved my billing issue in 5 minutes.,Email Support,Billing Defect,0.0095,1,2026-08-17 12:00:33
10660,671,"Double charged on my credit card, fix this immediately!",Mobile App,Product Quality,0.9177,0,2026-08-23 21:03:33
10661,745,Fast shipping and nice packaging.,Web Review,UI Ergonomics,0.1552,1,2026-08-27 22:00:33
10662,756,App keeps crashing during checkout payment step!,Call Center Note,Billing Defect,0.8139,0,2026-09-09 04:03:33
10663,614,App keeps crashing during checkout payment step!,Mobile App,Shipping Delay,0.7431,0,2026-08-27 05:34:33
10664,548,"Great quality product, highly recommended!",Web Review,UI Ergonomics,0.3061,1,2026-08-14 22:04:33
10665,500,Customer support resolved my billing issue in 5 minutes.,Call Center Note,Shipping Delay,0.0546,1,2026-09-11 08:57:33
10666,111,Package arrived damaged and customer support is ignoring my emails.,Call Center Note,Product Quality,0.983,0,2026-08-19 22:50:33
10667,503,App keeps crashing during checkout payment step!,Call Center Note,Product Quality,0.8291,0,2026-08-17 09:23:33
10668,761,Package arrived damaged and customer support is ignoring my emails.,Call Center Note,App Crash,0.6847,0,2026-08-20 20:13:33
10669,298,"Major outage across the platform, unable to log in.",Mobile App,App Crash,0.9339,0,2026-09-08 08:03:33
10670,174,Fast shipping and nice packaging.,Email Support,General Praise,0.2579,1,2026-08-16 13:59:33
10671,598,"Double charged on my credit card, fix this immediately!",Email Support,Shipping Delay,0.8902,0,2026-08-19 08:27:33
10672,734,Customer support resolved my billing issue in 5 minutes.,Mobile App,App Crash,0.04,1,2026-08-27 23:31:33
10673,413,"Great quality product, highly recommended!",Call Center Note,App Crash,0.2465,1,2026-09-08 06:09:33
10674,272,"Great quality product, highly recommended!",Mobile App,Shipping Delay,0.3835,1,2026-08-24 17:18:33
10675,468,Fast shipping and nice packaging.,Twitter,General Praise,0.1107,1,2026-08-28 14:34:33
10676,893,Fast shipping and nice packaging.,Email Support,UI Ergonomics,0.1781,1,2026-09-07 14:59:33
10677,387,"Major outage across the platform, unable to log in.",Twitter,Product Quality,0.6328,0,2026-08-22 10:58:33
10678,119,App keeps crashing during checkout payment step!,Call Center Note,General Praise,0.891,0,2026-08-14 22:29:33
10679,317,Fast shipping and nice packaging.,Mobile App,Product Quality,0.3077,1,2026-08-25 09:04:33
10680,252,Fast shipping and nice packaging.,Email Support,UI Ergonomics,0.2616,1,2026-08-23 16:19:33
10681,613,"Great quality product, highly recommended!",Call Center Note,Billing Defect,0.0536,1,2026-08-31 13:48:33
10682,968,App keeps crashing during checkout payment step!,Call Center Note,General Praise,0.8651,0,2026-08-21 01:33:33
10683,283,Customer support resolved my billing issue in 5 minutes.,Call Center Note,Product Quality,0.1785,1,2026-08-20 04:06:33
10684,141,Fast shipping and nice packaging.,Twitter,UI Ergonomics,0.3757,1,2026-08-24 01:32:33
10685,784,Package arrived damaged and customer support is ignoring my emails.,Twitter,Product Quality,0.6936,0,2026-08-29 22:59:33
10686,140,System latency is terrible after the latest update.,Email Support,Billing Defect,0.9526,0,2026-09-06 05:53:33
10687,369,"Great quality product, highly recommended!",Call Center Note,Product Quality,0.3339,1,2026-09-08 11:11:33
10688,769,System latency is terrible after the latest update.,Mobile App,Product Quality,0.7461,0,2026-08-24 23:12:33
10689,461,"Double charged on my credit card, fix this immediately!",Email Support,UI Ergonomics,0.8065,0,2026-09-04 11:00:33
10690,242,Love the new design update! Very smooth.,Web Review,App Crash,0.2007,1,2026-08-23 23:37:33
10691,291,Package arrived damaged and customer support is ignoring my emails.,Twitter,Shipping Delay,0.6846,0,2026-09-09 21:59:33
10692,524,Love the new design update! Very smooth.,Email Support,General Praise,0.2644,1,2026-08-18 16:12:33
10693,704,Fast shipping and nice packaging.,Twitter,General Praise,0.1916,1,2026-09-01 05:13:33
10694,706,App keeps crashing during checkout payment step!,Twitter,App Crash,0.6512,0,2026-09-11 04:02:33
10695,364,Customer support resolved my billing issue in 5 minutes.,Twitter,Product Quality,0.0224,1,2026-08-31 23:16:33
10696,845,Love the new design update! Very smooth.,Email Support,Billing Defect,0.3514,1,2026-08-23 08:59:33
10697,274,Fast shipping and nice packaging.,Twitter,UI Ergonomics,0.3469,1,2026-09-09 20:41:33
10698,286,"Major outage across the platform, unable to log in.",Call Center Note,General Praise,0.9282,0,2026-09-05 18:21:33
10699,710,Package arrived damaged and customer support is ignoring my emails.,Call Center Note,Billing Defect,0.9689,0,2026-08-23 23:26:33
10700,307,"Double charged on my credit card, fix this immediately!",Call Center Note,Product Quality,0.6434,0,2026-09-01 14:56:33
10701,729,Love the new design update! Very smooth.,Call Center Note,Billing Defect,0.071,1,2026-09-06 16:52:33
10702,775,Love the new design update! Very smooth.,Twitter,Product Quality,0.0373,1,2026-09-07 01:27:33
10703,479,Fast shipping and nice packaging.,Mobile App,General Praise,0.2088,1,2026-09-06 15:07:33
10704,490,Fast shipping and nice packaging.,Email Support,Product Quality,0.3158,1,2026-09-08 17:41:33
10705,884,"Double charged on my credit card, fix this immediately!",Twitter,Billing Defect,0.7018,0,2026-08-26 09:49:33
10706,105,Fast shipping and nice packaging.,Mobile App,Product Quality,0.1031,1,2026-09-06 07:10:33
10707,310,App keeps crashing during checkout payment step!,Email Support,UI Ergonomics,0.75,0,2026-08-30 00:06:33
10708,359,System latency is terrible after the latest update.,Email Support,Product Quality,0.8606,0,2026-09-01 19:03:33
10709,506,"Great quality product, highly recommended!",Twitter,UI Ergonomics,0.3967,1,2026-09-07 15:27:33
10710,672,Fast shipping and nice packaging.,Call Center Note,UI Ergonomics,0.0715,1,2026-08-25 01:36:33
10711,507,"Great quality product, highly recommended!",Twitter,General Praise,0.3097,1,2026-08-18 22:29:33
10712,265,Fast shipping and nice packaging.,Mobile App,App Crash,0.3132,1,2026-09-05 15:39:33
10713,728,"Great quality product, highly recommended!",Mobile App,App Crash,0.3203,1,2026-08-31 05:25:33
10714,943,Love the new design update! Very smooth.,Twitter,UI Ergonomics,0.3217,1,2026-09-09 20:02:33
10715,479,Love the new design update! Very smooth.,Mobile App,Product Quality,0.1052,1,2026-08-15 05:39:33
10716,633,Fast shipping and nice packaging.,Email Support,General Praise,0.2456,1,2026-09-09 17:00:33
10717,549,"Double charged on my credit card, fix this immediately!",Mobile App,App Crash,0.8561,0,2026-09-12 09:54:33
10718,902,"Great quality product, highly recommended!",Call Center Note,Product Quality,0.0779,1,2026-09-05 23:49:33
10719,468,Customer support resolved my billing issue in 5 minutes.,Twitter,General Praise,0.2696,1,2026-08-13 12:43:33
10720,898,Love the new design update! Very smooth.,Web Review,Shipping Delay,0.3987,1,2026-08-31 12:01:33
10721,854,Customer support resolved my billing issue in 5 minutes.,Mobile App,Billing Defect,0.2071,1,2026-09-07 12:43:33
10722,456,"Major outage across the platform, unable to log in.",Email Support,Shipping Delay,0.966,0,2026-08-23 19:35:33
10723,513,Customer support resolved my billing issue in 5 minutes.,Call Center Note,Billing Defect,0.1819,1,2026-08-25 09:36:33
10724,174,"Major outage across the platform, unable to log in.",Call Center Note,Shipping Delay,0.6426,0,2026-08-28 23:45:33
10725,932,"Great quality product, highly recommended!",Call Center Note,Shipping Delay,0.3504,1,2026-09-02 16:02:33
10726,875,Fast shipping and nice packaging.,Email Support,UI Ergonomics,0.308,1,2026-09-03 11:38:33
10727,364,Love the new design update! Very smooth.,Mobile App,UI Ergonomics,0.1928,1,2026-09-11 08:32:33
10728,335,Customer support resolved my billing issue in 5 minutes.,Email Support,UI Ergonomics,0.2708,1,2026-08-29 14:05:33
10729,369,Love the new design update! Very smooth.,Twitter,Shipping Delay,0.2803,1,2026-08-17 18:00:33
10730,282,Package arrived damaged and customer support is ignoring my emails.,Web Review,Shipping Delay,0.6304,0,2026-08-29 14:34:33
10731,864,"Major outage across the platform, unable to log in.",Twitter,UI Ergonomics,0.7076,0,2026-08-22 14:30:33
10732,311,"Double charged on my credit card, fix this immediately!",Twitter,App Crash,0.9491,0,2026-08-24 21:09:33
10733,209,"Great quality product, highly recommended!",Mobile App,Billing Defect,0.0624,1,2026-09-04 22:32:33
10734,480,Love the new design update! Very smooth.,Call Center Note,Shipping Delay,0.3392,1,2026-09-04 22:11:33
10735,882,"Great quality product, highly recommended!",Call Center Note,Shipping Delay,0.1963,1,2026-08-31 15:00:33
10736,638,"Major outage across the platform, unable to log in.",Web Review,UI Ergonomics,0.6513,0,2026-09-07 03:04:33
10737,802,Package arrived damaged and customer support is ignoring my emails.,Twitter,UI Ergonomics,0.7575,0,2026-08-18 23:53:33
10738,108,Fast shipping and nice packaging.,Mobile App,General Praise,0.1263,1,2026-08-23 02:36:33
10739,727,App keeps crashing during checkout payment step!,Email Support,App Crash,0.7302,0,2026-09-07 11:35:33
10740,727,Package arrived damaged and customer support is ignoring my emails.,Email Support,Shipping Delay,0.7885,0,2026-08-21 21:17:33
10741,870,Customer support resolved my billing issue in 5 minutes.,Email Support,Shipping Delay,0.1676,1,2026-08-31 17:58:33
10742,689,"Double charged on my credit card, fix this immediately!",Twitter,Billing Defect,0.8286,0,2026-08-25 19:16:33
10743,300,Fast shipping and nice packaging.,Twitter,General Praise,0.3425,1,2026-08-20 07:45:33
10744,611,Love the new design update! Very smooth.,Twitter,General Praise,0.0706,1,2026-09-06 01:07:33
10745,407,"Great quality product, highly recommended!",Email Support,Product Quality,0.3141,1,2026-09-08 08:38:33
10746,161,App keeps crashing during checkout payment step!,Twitter,Shipping Delay,0.8762,0,2026-09-04 04:55:33
10747,442,Love the new design update! Very smooth.,Email Support,Shipping Delay,0.1799,1,2026-08-29 21:58:33
10748,521,"Great quality product, highly recommended!",Mobile App,Shipping Delay,0.1377,1,2026-09-10 01:52:33
10749,651,"Major outage across the platform, unable to log in.",Twitter,Shipping Delay,0.8599,0,2026-08-29 16:17:33
10750,854,"Major outage across the platform, unable to log in.",Web Review,Billing Defect,0.795,0,2026-08-30 20:38:33
10751,248,Fast shipping and nice packaging.,Twitter,General Praise,0.2527,1,2026-08-28 20:56:33
10752,173,Fast shipping and nice packaging.,Mobile App,App Crash,0.3396,1,2026-08-29 03:44:33
10753,827,Package arrived damaged and customer support is ignoring my emails.,Email Support,Product Quality,0.8612,0,2026-09-11 20:32:33
10754,471,System latency is terrible after the latest update.,Call Center Note,Product Quality,0.9124,0,2026-09-03 00:15:33
10755,228,Customer support resolved my billing issue in 5 minutes.,Twitter,General Praise,0.3417,1,2026-08-24 23:16:33
10756,506,Love the new design update! Very smooth.,Mobile App,Billing Defect,0.0842,1,2026-08-16 10:05:33
10757,126,Fast shipping and nice packaging.,Web Review,Product Quality,0.2194,1,2026-08-17 07:20:33
10758,770,"Major outage across the platform, unable to log in.",Web Review,Shipping Delay,0.6621,0,2026-08-23 22:56:33
10759,229,Package arrived damaged and customer support is ignoring my emails.,Twitter,Product Quality,0.7773,0,2026-08-21 06:45:33
10760,433,Package arrived damaged and customer support is ignoring my emails.,Web Review,UI Ergonomics,0.9441,0,2026-09-07 02:52:33
10761,814,Fast shipping and nice packaging.,Call Center Note,App Crash,0.054,1,2026-09-09 09:45:33
10762,754,Fast shipping and nice packaging.,Call Center Note,Shipping Delay,0.2094,1,2026-08-29 07:37:33
10763,552,Customer support resolved my billing issue in 5 minutes.,Email Support,Shipping Delay,0.3219,1,2026-09-01 06:39:33
10764,635,Package arrived damaged and customer support is ignoring my emails.,Twitter,Shipping Delay,0.6042,0,2026-08-26 13:38:33
10765,603,Love the new design update! Very smooth.,Web Review,Shipping Delay,0.2751,1,2026-08-13 22:23:33
10766,915,"Great quality product, highly recommended!",Mobile App,Product Quality,0.2388,1,2026-08-30 12:32:33
10767,355,"Major outage across the platform, unable to log in.",Twitter,General Praise,0.7748,0,2026-09-11 22:00:33
10768,181,System latency is terrible after the latest update.,Web Review,General Praise,0.6882,0,2026-08-24 10:04:33
10769,860,"Great quality product, highly recommended!",Call Center Note,Shipping Delay,0.1139,1,2026-09-01 07:25:33
10770,396,App keeps crashing during checkout payment step!,Mobile App,General Praise,0.673,0,2026-09-03 05:46:33
10771,603,"Great quality product, highly recommended!",Twitter,Shipping Delay,0.2802,1,2026-08-14 09:36:33
10772,204,"Major outage across the platform, unable to log in.",Email Support,Shipping Delay,0.6089,0,2026-08-19 04:59:33
10773,254,Love the new design update! Very smooth.,Mobile App,UI Ergonomics,0.0931,1,2026-08-23 09:38:33
10774,610,Package arrived damaged and customer support is ignoring my emails.,Email Support,UI Ergonomics,0.9143,0,2026-08-14 23:04:33
10775,894,"Double charged on my credit card, fix this immediately!",Web Review,Billing Defect,0.6224,0,2026-09-07 05:43:33
10776,356,Customer support resolved my billing issue in 5 minutes.,Web Review,Billing Defect,0.3583,1,2026-08-19 01:37:33
10777,553,Customer support resolved my billing issue in 5 minutes.,Twitter,General Praise,0.1539,1,2026-08-15 01:01:33
10778,313,App keeps crashing during checkout payment step!,Web Review,UI Ergonomics,0.8085,0,2026-08-27 17:19:33
10779,143,Customer support resolved my billing issue in 5 minutes.,Call Center Note,Product Quality,0.2517,1,2026-08-19 01:49:33
10780,153,Package arrived damaged and customer support is ignoring my emails.,Twitter,Billing Defect,0.6795,0,2026-08-24 06:09:33
10781,913,"Great quality product, highly recommended!",Email Support,Product Quality,0.006,1,2026-08-18 23:06:33
10782,143,"Double charged on my credit card, fix this immediately!",Call Center Note,General Praise,0.6036,0,2026-09-04 03:32:33
10783,191,Customer support resolved my billing issue in 5 minutes.,Twitter,App Crash,0.1486,1,2026-09-05 06:27:33
10784,877,"Major outage across the platform, unable to log in.",Mobile App,Billing Defect,0.7354,0,2026-08-29 16:44:33
10785,338,Love the new design update! Very smooth.,Email Support,Product Quality,0.0503,1,2026-09-11 20:32:33
10786,121,Fast shipping and nice packaging.,Web Review,Shipping Delay,0.2933,1,2026-08-19 15:34:33
10787,548,App keeps crashing during checkout payment step!,Call Center Note,Shipping Delay,0.7941,0,2026-09-07 05:13:33
10788,656,Customer support resolved my billing issue in 5 minutes.,Email Support,Shipping Delay,0.2267,1,2026-09-03 20:01:33
10789,667,"Major outage across the platform, unable to log in.",Twitter,Billing Defect,0.9658,0,2026-09-06 16:33:33
10790,654,Package arrived damaged and customer support is ignoring my emails.,Email Support,UI Ergonomics,0.9278,0,2026-08-13 13:12:33
10791,119,Fast shipping and nice packaging.,Call Center Note,Shipping Delay,0.2935,1,2026-09-10 17:50:33
10792,651,App keeps crashing during checkout payment step!,Web Review,App Crash,0.8633,0,2026-09-06 08:50:33
10793,430,Customer support resolved my billing issue in 5 minutes.,Web Review,General Praise,0.2452,1,2026-08-28 04:09:33
10794,144,"Major outage across the platform, unable to log in.",Twitter,App Crash,0.8636,0,2026-08-14 22:34:33
10795,132,System latency is terrible after the latest update.,Call Center Note,General Praise,0.6766,0,2026-08-31 04:52:33
10796,326,"Great quality product, highly recommended!",Call Center Note,General Praise,0.0196,1,2026-08-16 17:49:33
10797,952,"Double charged on my credit card, fix this immediately!",Mobile App,UI Ergonomics,0.8623,0,2026-09-11 14:17:33
10798,525,"Major outage across the platform, unable to log in.",Email Support,General Praise,0.8974,0,2026-08-16 04:05:33
10799,851,"Great quality product, highly recommended!",Mobile App,Shipping Delay,0.2116,1,2026-08-17 01:32:33
10800,336,Love the new design update! Very smooth.,Call Center Note,UI Ergonomics,0.0405,1,2026-08-22 03:21:33
10801,283,"Double charged on my credit card, fix this immediately!",Call Center Note,General Praise,0.828,0,2026-09-07 22:03:33
10802,690,Love the new design update! Very smooth.,Email Support,General Praise,0.3065,1,2026-09-03 09:27:33
10803,270,Fast shipping and nice packaging.,Twitter,Product Quality,0.3531,1,2026-08-31 19:01:33
10804,714,Customer support resolved my billing issue in 5 minutes.,Web Review,Shipping Delay,0.2136,1,2026-08-27 20:38:33
10805,522,"Great quality product, highly recommended!",Web Review,General Praise,0.3379,1,2026-08-28 05:42:33
10806,663,Customer support resolved my billing issue in 5 minutes.,Email Support,Shipping Delay,0.15,1,2026-09-03 02:33:33
10807,135,Fast shipping and nice packaging.,Email Support,Product Quality,0.0001,1,2026-08-14 06:13:33
10808,327,"Great quality product, highly recommended!",Twitter,Shipping Delay,0.0026,1,2026-08-14 12:07:33
10809,623,"Great quality product, highly recommended!",Call Center Note,Product Quality,0.3676,1,2026-09-08 12:46:33
10810,259,App keeps crashing during checkout payment step!,Twitter,Shipping Delay,0.7841,0,2026-08-30 05:22:33
10811,930,Customer support resolved my billing issue in 5 minutes.,Email Support,Billing Defect,0.0932,1,2026-09-08 11:32:33
10812,840,"Double charged on my credit card, fix this immediately!",Email Support,UI Ergonomics,0.8937,0,2026-08-21 09:16:33
10813,407,Love the new design update! Very smooth.,Mobile App,General Praise,0.2381,1,2026-09-08 17:52:33
10814,442,App keeps crashing during checkout payment step!,Email Support,UI Ergonomics,0.9687,0,2026-09-01 11:22:33
10815,332,Love the new design update! Very smooth.,Call Center Note,Billing Defect,0.3479,1,2026-09-11 08:47:33
10816,636,Fast shipping and nice packaging.,Mobile App,Shipping Delay,0.0217,1,2026-09-07 02:09:33
10817,326,"Great quality product, highly recommended!",Twitter,Billing Defect,0.201,1,2026-08-31 09:32:33
10818,396,Love the new design update! Very smooth.,Web Review,App Crash,0.0888,1,2026-08-19 12:48:33
10819,150,System latency is terrible after the latest update.,Call Center Note,UI Ergonomics,0.8286,0,2026-08-25 11:11:33
10820,814,"Major outage across the platform, unable to log in.",Twitter,App Crash,0.7738,0,2026-09-04 09:42:33
10821,685,Fast shipping and nice packaging.,Twitter,Product Quality,0.1581,1,2026-09-10 13:14:33
10822,372,Customer support resolved my billing issue in 5 minutes.,Web Review,Shipping Delay,0.0969,1,2026-09-08 17:34:33
10823,456,System latency is terrible after the latest update.,Twitter,Shipping Delay,0.7694,0,2026-08-29 04:43:33
10824,273,Love the new design update! Very smooth.,Email Support,Product Quality,0.3079,1,2026-09-02 15:25:33
10825,937,Fast shipping and nice packaging.,Twitter,App Crash,0.018,1,2026-08-30 12:43:33
10826,155,App keeps crashing during checkout payment step!,Twitter,Product Quality,0.6449,0,2026-08-20 05:43:33
10827,810,"Great quality product, highly recommended!",Mobile App,Shipping Delay,0.0055,1,2026-09-03 00:00:33
10828,650,"Great quality product, highly recommended!",Twitter,App Crash,0.0836,1,2026-09-07 09:15:33
10829,737,"Great quality product, highly recommended!",Twitter,General Praise,0.2195,1,2026-08-14 08:30:33
10830,274,"Major outage across the platform, unable to log in.",Mobile App,Shipping Delay,0.6174,0,2026-08-22 15:37:33
10831,770,"Great quality product, highly recommended!",Mobile App,Billing Defect,0.0212,1,2026-08-31 04:55:33
10832,119,"Great quality product, highly recommended!",Email Support,General Praise,0.3457,1,2026-08-31 02:36:33
10833,826,System latency is terrible after the latest update.,Mobile App,Shipping Delay,0.8034,0,2026-09-04 13:47:33
10834,612,Love the new design update! Very smooth.,Web Review,Product Quality,0.0746,1,2026-08-14 11:53:33
10835,601,"Major outage across the platform, unable to log in.",Web Review,General Praise,0.722,0,2026-08-20 15:54:33
10836,409,Package arrived damaged and customer support is ignoring my emails.,Twitter,Product Quality,0.7422,0,2026-08-26 01:44:33
10837,934,"Great quality product, highly recommended!",Mobile App,Product Quality,0.3515,1,2026-08-26 06:27:33
10838,772,Package arrived damaged and customer support is ignoring my emails.,Twitter,Billing Defect,0.9589,0,2026-08-30 21:53:33
10839,686,Customer support resolved my billing issue in 5 minutes.,Twitter,UI Ergonomics,0.1669,1,2026-08-27 17:37:33
10840,234,"Great quality product, highly recommended!",Twitter,General Praise,0.1797,1,2026-08-19 19:46:33
10841,416,Customer support resolved my billing issue in 5 minutes.,Call Center Note,App Crash,0.345,1,2026-09-02 02:09:33
10842,678,Customer support resolved my billing issue in 5 minutes.,Twitter,Shipping Delay,0.2625,1,2026-08-16 14:29:33
10843,959,Love the new design update! Very smooth.,Twitter,General Praise,0.0737,1,2026-08-14 20:37:33
10844,410,Fast shipping and nice packaging.,Web Review,General Praise,0.3845,1,2026-09-11 12:01:33
10845,292,"Great quality product, highly recommended!",Mobile App,App Crash,0.0608,1,2026-08-21 22:12:33
10846,720,"Major outage across the platform, unable to log in.",Call Center Note,Product Quality,0.8468,0,2026-08-24 00:38:33
10847,467,Customer support resolved my billing issue in 5 minutes.,Mobile App,General Praise,0.275,1,2026-09-04 04:59:33
10848,765,"Major outage across the platform, unable to log in.",Email Support,App Crash,0.7875,0,2026-08-31 03:37:33
10849,331,Customer support resolved my billing issue in 5 minutes.,Mobile App,UI Ergonomics,0.0655,1,2026-08-14 04:48:33
10850,787,Fast shipping and nice packaging.,Twitter,App Crash,0.089,1,2026-08-16 12:39:33
10851,601,System latency is terrible after the latest update.,Email Support,UI Ergonomics,0.9469,0,2026-08-24 17:58:33
10852,944,Love the new design update! Very smooth.,Web Review,General Praise,0.2432,1,2026-08-27 18:11:33
10853,637,"Major outage across the platform, unable to log in.",Mobile App,Product Quality,0.8375,0,2026-08-18 11:49:33
10854,351,Love the new design update! Very smooth.,Call Center Note,Product Quality,0.3511,1,2026-08-31 12:31:33
10855,628,Love the new design update! Very smooth.,Mobile App,App Crash,0.2231,1,2026-08-26 18:27:33
10856,392,"Great quality product, highly recommended!",Web Review,App Crash,0.3095,1,2026-09-01 17:51:33
10857,245,App keeps crashing during checkout payment step!,Web Review,General Praise,0.876,0,2026-09-03 01:47:33
10858,897,"Major outage across the platform, unable to log in.",Call Center Note,General Praise,0.6453,0,2026-09-07 09:14:33
10859,125,System latency is terrible after the latest update.,Twitter,UI Ergonomics,0.7294,0,2026-09-09 09:11:33
10860,192,Customer support resolved my billing issue in 5 minutes.,Email Support,Shipping Delay,0.353,1,2026-09-12 00:50:33
10861,226,Customer support resolved my billing issue in 5 minutes.,Mobile App,Billing Defect,0.2873,1,2026-09-02 23:16:33
10862,493,Love the new design update! Very smooth.,Call Center Note,Product Quality,0.2095,1,2026-08-20 19:04:33
10863,274,System latency is terrible after the latest update.,Email Support,Product Quality,0.6176,0,2026-08-20 08:21:33
10864,829,"Double charged on my credit card, fix this immediately!",Mobile App,UI Ergonomics,0.6715,0,2026-08-27 12:54:33
10865,285,System latency is terrible after the latest update.,Mobile App,App Crash,0.7155,0,2026-08-22 17:59:33
10866,609,Package arrived damaged and customer support is ignoring my emails.,Web Review,Product Quality,0.6049,0,2026-08-13 18:41:33
10867,702,Fast shipping and nice packaging.,Web Review,UI Ergonomics,0.0952,1,2026-09-01 04:24:33
10868,660,Love the new design update! Very smooth.,Email Support,Product Quality,0.0979,1,2026-09-11 03:03:33
10869,251,Customer support resolved my billing issue in 5 minutes.,Mobile App,General Praise,0.0196,1,2026-08-29 09:38:33
10870,958,App keeps crashing during checkout payment step!,Call Center Note,Shipping Delay,0.8668,0,2026-08-28 14:04:33
10871,282,Love the new design update! Very smooth.,Twitter,General Praise,0.0436,1,2026-08-26 11:02:33
10872,867,Customer support resolved my billing issue in 5 minutes.,Call Center Note,Shipping Delay,0.3865,1,2026-08-15 03:33:33
10873,488,Package arrived damaged and customer support is ignoring my emails.,Mobile App,UI Ergonomics,0.7291,0,2026-09-07 13:40:33
10874,811,System latency is terrible after the latest update.,Email Support,Shipping Delay,0.6538,0,2026-09-06 12:05:33
10875,726,Customer support resolved my billing issue in 5 minutes.,Mobile App,Billing Defect,0.2783,1,2026-09-08 12:30:33
10876,805,Love the new design update! Very smooth.,Call Center Note,General Praise,0.1935,1,2026-08-26 14:06:33
10877,688,"Great quality product, highly recommended!",Call Center Note,Shipping Delay,0.1039,1,2026-08-19 10:05:33
10878,747,Fast shipping and nice packaging.,Web Review,UI Ergonomics,0.2079,1,2026-08-21 16:55:33
10879,298,Customer support resolved my billing issue in 5 minutes.,Mobile App,Billing Defect,0.2834,1,2026-08-14 14:36:33
10880,312,Love the new design update! Very smooth.,Call Center Note,UI Ergonomics,0.295,1,2026-09-01 08:39:33
10881,752,Package arrived damaged and customer support is ignoring my emails.,Twitter,Billing Defect,0.8242,0,2026-09-11 16:08:33
10882,169,Package arrived damaged and customer support is ignoring my emails.,Email Support,Shipping Delay,0.7018,0,2026-09-05 13:51:33
10883,441,Love the new design update! Very smooth.,Email Support,UI Ergonomics,0.0455,1,2026-09-08 09:49:33
10884,298,Love the new design update! Very smooth.,Email Support,Shipping Delay,0.3328,1,2026-09-04 07:43:33
10885,593,Love the new design update! Very smooth.,Twitter,General Praise,0.2583,1,2026-09-03 11:32:33
10886,933,"Great quality product, highly recommended!",Web Review,General Praise,0.185,1,2026-08-16 01:36:33
10887,794,"Great quality product, highly recommended!",Email Support,Product Quality,0.226,1,2026-09-06 21:44:33
10888,918,"Major outage across the platform, unable to log in.",Email Support,Billing Defect,0.8742,0,2026-08-20 07:29:33
10889,484,App keeps crashing during checkout payment step!,Call Center Note,App Crash,0.7357,0,2026-09-08 12:04:33
10890,985,Customer support resolved my billing issue in 5 minutes.,Email Support,General Praise,0.2381,1,2026-08-27 19:56:33
10891,608,"Great quality product, highly recommended!",Twitter,Shipping Delay,0.1655,1,2026-09-03 02:01:33
10892,409,"Great quality product, highly recommended!",Twitter,Billing Defect,0.0865,1,2026-08-30 13:09:33
10893,554,Customer support resolved my billing issue in 5 minutes.,Call Center Note,Billing Defect,0.3653,1,2026-09-04 11:36:33
10894,595,Customer support resolved my billing issue in 5 minutes.,Call Center Note,Shipping Delay,0.0761,1,2026-08-28 09:57:33
10895,628,App keeps crashing during checkout payment step!,Twitter,App Crash,0.9289,0,2026-08-15 04:20:33
10896,145,Love the new design update! Very smooth.,Call Center Note,Billing Defect,0.0016,1,2026-08-28 16:27:33
10897,884,Love the new design update! Very smooth.,Email Support,Billing Defect,0.0412,1,2026-09-08 19:15:33
10898,297,Customer support resolved my billing issue in 5 minutes.,Email Support,Shipping Delay,0.1284,1,2026-09-06 17:48:33
10899,379,System latency is terrible after the latest update.,Twitter,App Crash,0.8684,0,2026-08-25 23:18:33
10900,204,"Major outage across the platform, unable to log in.",Twitter,Product Quality,0.8239,0,2026-08-29 11:03:33
10901,821,"Great quality product, highly recommended!",Email Support,Product Quality,0.0566,1,2026-08-24 15:49:33
10902,446,Package arrived damaged and customer support is ignoring my emails.,Call Center Note,UI Ergonomics,0.8453,0,2026-08-15 19:49:33
10903,151,System latency is terrible after the latest update.,Mobile App,UI Ergonomics,0.9613,0,2026-08-15 23:10:33
10904,710,System latency is terrible after the latest update.,Call Center Note,General Praise,0.6716,0,2026-09-02 19:23:33
10905,302,"Great quality product, highly recommended!",Call Center Note,Billing Defect,0.1329,1,2026-09-03 17:04:33
10906,815,Love the new design update! Very smooth.,Web Review,Billing Defect,0.3251,1,2026-09-03 06:02:33
10907,329,System latency is terrible after the latest update.,Twitter,Product Quality,0.7882,0,2026-08-25 06:16:33
10908,781,Fast shipping and nice packaging.,Email Support,Shipping Delay,0.0733,1,2026-09-03 03:31:33
10909,459,Love the new design update! Very smooth.,Web Review,UI Ergonomics,0.1901,1,2026-08-21 06:58:33
10910,230,Package arrived damaged and customer support is ignoring my emails.,Call Center Note,Billing Defect,0.8418,0,2026-08-31 23:32:33
10911,765,Love the new design update! Very smooth.,Mobile App,Shipping Delay,0.1303,1,2026-09-06 18:19:33
10912,349,Fast shipping and nice packaging.,Call Center Note,App Crash,0.0954,1,2026-09-04 11:17:33
10913,810,Package arrived damaged and customer support is ignoring my emails.,Call Center Note,UI Ergonomics,0.6833,0,2026-09-02 07:56:33
10914,341,"Great quality product, highly recommended!",Twitter,General Praise,0.2178,1,2026-08-17 01:29:33
10915,710,Fast shipping and nice packaging.,Web Review,Shipping Delay,0.0457,1,2026-09-07 18:43:33
10916,515,System latency is terrible after the latest update.,Mobile App,Product Quality,0.6705,0,2026-08-18 11:11:33
10917,760,Fast shipping and nice packaging.,Mobile App,Billing Defect,0.131,1,2026-08-23 10:06:33
10918,776,Love the new design update! Very smooth.,Twitter,UI Ergonomics,0.3028,1,2026-09-06 16:41:33
10919,300,"Major outage across the platform, unable to log in.",Twitter,General Praise,0.8312,0,2026-08-27 22:13:33
10920,545,Package arrived damaged and customer support is ignoring my emails.,Email Support,Billing Defect,0.9674,0,2026-09-09 00:54:33
10921,230,"Major outage across the platform, unable to log in.",Email Support,Billing Defect,0.7617,0,2026-08-30 07:42:33
10922,673,Love the new design update! Very smooth.,Email Support,Billing Defect,0.0003,1,2026-08-26 08:39:33
10923,704,Customer support resolved my billing issue in 5 minutes.,Web Review,General Praise,0.1727,1,2026-08-27 23:53:33
10924,658,Fast shipping and nice packaging.,Twitter,General Praise,0.1526,1,2026-08-21 09:49:33
10925,963,Customer support resolved my billing issue in 5 minutes.,Email Support,UI Ergonomics,0.2222,1,2026-08-20 12:55:33
10926,173,"Double charged on my credit card, fix this immediately!",Mobile App,App Crash,0.6537,0,2026-09-04 16:01:33
10927,757,Customer support resolved my billing issue in 5 minutes.,Web Review,UI Ergonomics,0.0339,1,2026-09-10 00:36:33
10928,534,Customer support resolved my billing issue in 5 minutes.,Call Center Note,UI Ergonomics,0.1818,1,2026-08-31 00:37:33
10929,107,"Double charged on my credit card, fix this immediately!",Call Center Note,UI Ergonomics,0.7699,0,2026-08-24 07:00:33
10930,659,"Great quality product, highly recommended!",Call Center Note,Shipping Delay,0.1643,1,2026-08-15 00:57:33
10931,215,Fast shipping and nice packaging.,Call Center Note,UI Ergonomics,0.282,1,2026-08-17 03:52:33
10932,868,"Major outage across the platform, unable to log in.",Email Support,UI Ergonomics,0.9934,0,2026-09-06 01:03:33
10933,583,"Major outage across the platform, unable to log in.",Mobile App,General Praise,0.6354,0,2026-09-11 08:34:33
10934,451,"Great quality product, highly recommended!",Call Center Note,Billing Defect,0.2452,1,2026-09-03 20:32:33
10935,439,Fast shipping and nice packaging.,Web Review,Shipping Delay,0.2296,1,2026-08-26 22:13:33
10936,711,App keeps crashing during checkout payment step!,Email Support,General Praise,0.878,0,2026-09-08 04:08:33
10937,686,System latency is terrible after the latest update.,Mobile App,General Praise,0.8313,0,2026-08-26 19:05:33
10938,184,Love the new design update! Very smooth.,Twitter,Product Quality,0.1147,1,2026-08-17 00:22:33
10939,730,"Great quality product, highly recommended!",Email Support,Shipping Delay,0.1008,1,2026-08-25 05:04:33
10940,705,App keeps crashing during checkout payment step!,Twitter,General Praise,0.8415,0,2026-09-02 20:16:33
10941,817,"Double charged on my credit card, fix this immediately!",Twitter,UI Ergonomics,0.7045,0,2026-08-21 17:54:33
10942,186,Love the new design update! Very smooth.,Twitter,Product Quality,0.1371,1,2026-08-20 12:47:33
10943,343,Fast shipping and nice packaging.,Web Review,General Praise,0.3081,1,2026-09-11 12:49:33
10944,453,"Major outage across the platform, unable to log in.",Mobile App,General Praise,0.8937,0,2026-08-25 13:12:33
10945,575,Love the new design update! Very smooth.,Web Review,UI Ergonomics,0.021,1,2026-08-27 05:35:33
10946,822,Customer support resolved my billing issue in 5 minutes.,Web Review,UI Ergonomics,0.1519,1,2026-08-25 11:16:33
10947,916,System latency is terrible after the latest update.,Web Review,UI Ergonomics,0.6047,0,2026-08-27 21:13:33
10948,644,Love the new design update! Very smooth.,Email Support,UI Ergonomics,0.0389,1,2026-09-10 07:13:33
10949,373,"Great quality product, highly recommended!",Mobile App,Shipping Delay,0.134,1,2026-09-12 07:08:33
10950,867,Fast shipping and nice packaging.,Twitter,General Praise,0.3093,1,2026-09-09 07:27:33
10951,284,"Great quality product, highly recommended!",Email Support,Product Quality,0.2711,1,2026-08-13 23:58:33
10952,200,Love the new design update! Very smooth.,Call Center Note,Billing Defect,0.0048,1,2026-09-02 19:30:33
10953,134,Package arrived damaged and customer support is ignoring my emails.,Mobile App,Product Quality,0.7008,0,2026-08-17 16:50:33
10954,955,"Major outage across the platform, unable to log in.",Twitter,Product Quality,0.8626,0,2026-09-11 13:22:33
10955,719,App keeps crashing during checkout payment step!,Twitter,UI Ergonomics,0.6346,0,2026-09-12 09:22:33
10956,812,Customer support resolved my billing issue in 5 minutes.,Twitter,Shipping Delay,0.3584,1,2026-08-26 22:09:33
10957,383,Love the new design update! Very smooth.,Web Review,General Praise,0.2555,1,2026-08-28 05:39:33
10958,163,App keeps crashing during checkout payment step!,Web Review,UI Ergonomics,0.7109,0,2026-08-28 15:45:33
10959,371,"Great quality product, highly recommended!",Twitter,UI Ergonomics,0.3822,1,2026-08-16 16:13:33
10960,282,Customer support resolved my billing issue in 5 minutes.,Web Review,Billing Defect,0.2441,1,2026-08-20 01:33:33
10961,758,Fast shipping and nice packaging.,Mobile App,UI Ergonomics,0.0874,1,2026-08-25 07:18:33
10962,845,App keeps crashing during checkout payment step!,Email Support,UI Ergonomics,0.6282,0,2026-08-14 08:54:33
10963,100,Customer support resolved my billing issue in 5 minutes.,Mobile App,General Praise,0.2611,1,2026-08-31 06:55:33
10964,688,Package arrived damaged and customer support is ignoring my emails.,Mobile App,Product Quality,0.9618,0,2026-09-04 20:22:33
10965,899,Fast shipping and nice packaging.,Mobile App,Product Quality,0.3376,1,2026-08-23 19:06:33
10966,648,System latency is terrible after the latest update.,Email Support,Shipping Delay,0.6485,0,2026-08-27 07:11:33
10967,973,Love the new design update! Very smooth.,Email Support,Billing Defect,0.1461,1,2026-09-03 10:27:33
10968,280,"Great quality product, highly recommended!",Call Center Note,Billing Defect,0.2591,1,2026-08-31 00:01:33
10969,209,"Great quality product, highly recommended!",Email Support,UI Ergonomics,0.2784,1,2026-08-17 09:06:33
10970,243,Fast shipping and nice packaging.,Mobile App,App Crash,0.2941,1,2026-08-14 16:07:33
10971,164,Customer support resolved my billing issue in 5 minutes.,Call Center Note,General Praise,0.1957,1,2026-08-27 12:32:33
10972,116,Fast shipping and nice packaging.,Mobile App,Shipping Delay,0.3866,1,2026-08-16 01:38:33
10973,316,App keeps crashing during checkout payment step!,Call Center Note,UI Ergonomics,0.7622,0,2026-09-06 22:29:33
10974,173,"Major outage across the platform, unable to log in.",Mobile App,General Praise,0.6932,0,2026-08-19 23:04:33
10975,733,Love the new design update! Very smooth.,Mobile App,App Crash,0.1885,1,2026-09-12 01:03:33
10976,414,"Double charged on my credit card, fix this immediately!",Mobile App,UI Ergonomics,0.8531,0,2026-09-10 08:02:33
10977,937,"Major outage across the platform, unable to log in.",Mobile App,Billing Defect,0.6256,0,2026-09-05 03:25:33
10978,307,Customer support resolved my billing issue in 5 minutes.,Web Review,Shipping Delay,0.0252,1,2026-08-31 19:31:33
10979,429,"Major outage across the platform, unable to log in.",Twitter,Billing Defect,0.8184,0,2026-09-09 12:13:33
10980,244,App keeps crashing during checkout payment step!,Web Review,App Crash,0.6483,0,2026-08-30 08:28:33
10981,695,Fast shipping and nice packaging.,Mobile App,App Crash,0.0975,1,2026-08-18 01:36:33
10982,116,Fast shipping and nice packaging.,Web Review,Billing Defect,0.3111,1,2026-08-13 19:21:33
10983,707,App keeps crashing during checkout payment step!,Email Support,UI Ergonomics,0.8827,0,2026-09-04 04:20:33
10984,377,Customer support resolved my billing issue in 5 minutes.,Call Center Note,UI Ergonomics,0.0572,1,2026-09-01 06:27:33
10985,138,"Double charged on my credit card, fix this immediately!",Call Center Note,App Crash,0.8442,0,2026-09-05 06:25:33
10986,901,Love the new design update! Very smooth.,Email Support,Shipping Delay,0.2509,1,2026-09-01 13:50:33
10987,642,"Double charged on my credit card, fix this immediately!",Mobile App,Product Quality,0.6768,0,2026-08-29 23:42:33
10988,741,Customer support resolved my billing issue in 5 minutes.,Twitter,Shipping Delay,0.1857,1,2026-08-15 22:22:33
10989,585,"Double charged on my credit card, fix this immediately!",Web Review,App Crash,0.8741,0,2026-08-20 18:55:33
10990,472,Love the new design update! Very smooth.,Email Support,App Crash,0.0216,1,2026-09-02 07:11:33
10991,876,"Major outage across the platform, unable to log in.",Web Review,Billing Defect,0.9221,0,2026-08-18 06:28:33
10992,129,Customer support resolved my billing issue in 5 minutes.,Web Review,Product Quality,0.0632,1,2026-08-18 19:11:33
10993,706,"Double charged on my credit card, fix this immediately!",Call Center Note,Shipping Delay,0.8886,0,2026-09-01 14:08:33
10994,212,Package arrived damaged and customer support is ignoring my emails.,Email Support,App Crash,0.692,0,2026-08-17 23:31:33
10995,484,System latency is terrible after the latest update.,Twitter,Billing Defect,0.948,0,2026-09-03 22:51:33
10996,248,Love the new design update! Very smooth.,Twitter,Product Quality,0.3562,1,2026-09-03 05:23:33
10997,837,Package arrived damaged and customer support is ignoring my emails.,Twitter,General Praise,0.6546,0,2026-08-29 20:05:33
10998,132,Customer support resolved my billing issue in 5 minutes.,Call Center Note,Billing Defect,0.1344,1,2026-08-26 06:54:33
10999,275,System latency is terrible after the latest update.,Email Support,App Crash,0.7834,0,2026-08-26 22:48:33
11000,666,Customer support resolved my billing issue in 5 minutes.,Twitter,Billing Defect,0.2312,1,2026-09-01 06:05:33
11001,321,Fast shipping and nice packaging.,Call Center Note,UI Ergonomics,0.3449,1,2026-09-03 13:52:33
11002,352,System latency is terrible after the latest update.,Twitter,Shipping Delay,0.8945,0,2026-09-02 06:43:33
11003,105,Customer support resolved my billing issue in 5 minutes.,Web Review,Billing Defect,0.3655,1,2026-08-15 08:10:33
11004,503,Love the new design update! Very smooth.,Web Review,General Praise,0.1703,1,2026-08-17 23:27:33
11005,871,Customer support resolved my billing issue in 5 minutes.,Mobile App,General Praise,0.0332,1,2026-09-01 00:33:33
11006,344,Customer support resolved my billing issue in 5 minutes.,Mobile App,Billing Defect,0.1434,1,2026-09-04 08:28:33
11007,978,Customer support resolved my billing issue in 5 minutes.,Call Center Note,General Praise,0.2813,1,2026-09-09 01:55:33
11008,241,System latency is terrible after the latest update.,Web Review,App Crash,0.7855,0,2026-08-30 09:00:33
11009,172,Love the new design update! Very smooth.,Web Review,General Praise,0.3442,1,2026-08-28 16:02:33
11010,376,"Great quality product, highly recommended!",Call Center Note,Product Quality,0.1704,1,2026-09-08 16:43:33
11011,443,Love the new design update! Very smooth.,Mobile App,Product Quality,0.2482,1,2026-08-30 01:59:33
11012,576,Love the new design update! Very smooth.,Call Center Note,Billing Defect,0.1532,1,2026-08-30 03:43:33
11013,674,"Major outage across the platform, unable to log in.",Twitter,App Crash,0.8819,0,2026-08-28 18:14:33
11014,855,App keeps crashing during checkout payment step!,Call Center Note,General Praise,0.8596,0,2026-08-23 01:34:33
11015,373,Customer support resolved my billing issue in 5 minutes.,Call Center Note,General Praise,0.1282,1,2026-09-01 18:22:33
11016,563,App keeps crashing during checkout payment step!,Web Review,Product Quality,0.7491,0,2026-09-06 11:41:33
11017,794,Fast shipping and nice packaging.,Call Center Note,Shipping Delay,0.2839,1,2026-09-03 02:05:33
11018,568,Love the new design update! Very smooth.,Mobile App,Billing Defect,0.0753,1,2026-08-31 07:08:33
11019,178,"Great quality product, highly recommended!",Mobile App,App Crash,0.3833,1,2026-08-26 01:49:33
11020,995,"Double charged on my credit card, fix this immediately!",Twitter,Product Quality,0.7985,0,2026-09-11 01:34:33
11021,654,System latency is terrible after the latest update.,Twitter,UI Ergonomics,0.9878,0,2026-08-29 07:06:33
11022,164,Love the new design update! Very smooth.,Mobile App,App Crash,0.1166,1,2026-09-06 03:58:33
11023,771,Fast shipping and nice packaging.,Email Support,UI Ergonomics,0.2315,1,2026-09-09 12:31:33
11024,680,Fast shipping and nice packaging.,Twitter,Shipping Delay,0.1832,1,2026-08-21 07:59:33
11025,395,Customer support resolved my billing issue in 5 minutes.,Mobile App,App Crash,0.1937,1,2026-08-29 14:07:33
11026,264,"Double charged on my credit card, fix this immediately!",Call Center Note,Shipping Delay,0.8475,0,2026-08-21 19:30:33
11027,219,Customer support resolved my billing issue in 5 minutes.,Mobile App,Shipping Delay,0.0645,1,2026-09-08 15:57:33
11028,310,Package arrived damaged and customer support is ignoring my emails.,Call Center Note,General Praise,0.7479,0,2026-08-15 02:18:33
11029,559,"Great quality product, highly recommended!",Call Center Note,App Crash,0.0592,1,2026-09-06 19:17:33
11030,611,App keeps crashing during checkout payment step!,Twitter,UI Ergonomics,0.7618,0,2026-08-28 02:10:33
11031,439,"Major outage across the platform, unable to log in.",Email Support,UI Ergonomics,0.9902,0,2026-08-26 16:59:33
11032,846,Customer support resolved my billing issue in 5 minutes.,Web Review,Shipping Delay,0.3198,1,2026-08-18 15:05:33
11033,664,Love the new design update! Very smooth.,Mobile App,Shipping Delay,0.0558,1,2026-08-14 15:30:33
11034,194,Customer support resolved my billing issue in 5 minutes.,Email Support,Billing Defect,0.1784,1,2026-09-10 04:40:33
11035,885,Customer support resolved my billing issue in 5 minutes.,Email Support,App Crash,0.3125,1,2026-08-14 13:02:33
11036,189,System latency is terrible after the latest update.,Call Center Note,UI Ergonomics,0.8708,0,2026-08-22 08:48:33
11037,469,Love the new design update! Very smooth.,Web Review,App Crash,0.3634,1,2026-09-01 23:30:33
11038,453,Package arrived damaged and customer support is ignoring my emails.,Email Support,Shipping Delay,0.6049,0,2026-09-02 19:06:33
11039,554,Love the new design update! Very smooth.,Web Review,UI Ergonomics,0.0863,1,2026-08-26 15:40:33
11040,524,System latency is terrible after the latest update.,Twitter,Product Quality,0.8914,0,2026-09-09 17:31:33
11041,988,"Double charged on my credit card, fix this immediately!",Call Center Note,Shipping Delay,0.7213,0,2026-08-16 12:37:33
11042,519,Fast shipping and nice packaging.,Email Support,UI Ergonomics,0.0354,1,2026-08-21 11:26:33
11043,952,Customer support resolved my billing issue in 5 minutes.,Web Review,Shipping Delay,0.0797,1,2026-09-07 17:23:33
11044,411,"Great quality product, highly recommended!",Web Review,Product Quality,0.3338,1,2026-09-03 14:37:33
11045,407,App keeps crashing during checkout payment step!,Web Review,Billing Defect,0.6616,0,2026-09-12 06:33:33
11046,603,"Great quality product, highly recommended!",Twitter,Billing Defect,0.1669,1,2026-08-18 22:47:33
11047,168,Fast shipping and nice packaging.,Call Center Note,General Praise,0.3977,1,2026-08-29 23:33:33
11048,743,Fast shipping and nice packaging.,Web Review,General Praise,0.3473,1,2026-08-18 23:02:33
11049,365,"Major outage across the platform, unable to log in.",Twitter,Product Quality,0.607,0,2026-08-16 04:19:33
11050,238,System latency is terrible after the latest update.,Email Support,App Crash,0.9513,0,2026-08-15 22:11:33
11051,464,System latency is terrible after the latest update.,Mobile App,Shipping Delay,0.8545,0,2026-08-26 18:59:33
11052,884,Love the new design update! Very smooth.,Twitter,Billing Defect,0.2055,1,2026-09-09 18:25:33
11053,946,"Great quality product, highly recommended!",Email Support,Shipping Delay,0.349,1,2026-08-30 00:23:33
11054,247,"Major outage across the platform, unable to log in.",Mobile App,App Crash,0.7407,0,2026-09-06 02:23:33
11055,266,System latency is terrible after the latest update.,Mobile App,App Crash,0.7648,0,2026-08-20 13:13:33
11056,672,Customer support resolved my billing issue in 5 minutes.,Call Center Note,General Praise,0.318,1,2026-09-06 10:34:33
11057,178,Love the new design update! Very smooth.,Mobile App,App Crash,0.1669,1,2026-08-14 07:23:33
11058,242,"Great quality product, highly recommended!",Web Review,Product Quality,0.2764,1,2026-09-06 07:48:33
11059,411,"Great quality product, highly recommended!",Mobile App,General Praise,0.0689,1,2026-08-18 21:57:33
11060,414,"Double charged on my credit card, fix this immediately!",Twitter,App Crash,0.8752,0,2026-08-19 10:38:33
11061,902,Fast shipping and nice packaging.,Mobile App,Billing Defect,0.2763,1,2026-08-14 08:57:33
11062,210,Fast shipping and nice packaging.,Mobile App,General Praise,0.017,1,2026-09-05 21:16:33
11063,359,Fast shipping and nice packaging.,Mobile App,Billing Defect,0.0476,1,2026-08-27 05:53:33
11064,716,Love the new design update! Very smooth.,Twitter,Product Quality,0.3129,1,2026-08-22 14:53:33
11065,249,Package arrived damaged and customer support is ignoring my emails.,Email Support,Product Quality,0.6117,0,2026-08-29 08:20:33
11066,727,"Major outage across the platform, unable to log in.",Twitter,Product Quality,0.9123,0,2026-09-08 11:15:33
11067,641,"Major outage across the platform, unable to log in.",Twitter,General Praise,0.9053,0,2026-08-22 05:38:33
11068,650,Customer support resolved my billing issue in 5 minutes.,Mobile App,General Praise,0.3607,1,2026-08-18 00:12:33
11069,703,Fast shipping and nice packaging.,Twitter,UI Ergonomics,0.1466,1,2026-08-18 09:38:33
11070,534,Package arrived damaged and customer support is ignoring my emails.,Twitter,Product Quality,0.9925,0,2026-08-23 20:57:33
11071,212,"Great quality product, highly recommended!",Call Center Note,App Crash,0.0494,1,2026-09-05 01:58:33
11072,141,"Great quality product, highly recommended!",Mobile App,Shipping Delay,0.2229,1,2026-09-04 23:40:33
11073,853,Package arrived damaged and customer support is ignoring my emails.,Email Support,General Praise,0.7828,0,2026-09-02 17:20:33
11074,975,System latency is terrible after the latest update.,Web Review,App Crash,0.7162,0,2026-08-16 16:26:33
11075,476,Fast shipping and nice packaging.,Twitter,Billing Defect,0.3756,1,2026-09-04 21:25:33
11076,774,Fast shipping and nice packaging.,Mobile App,Billing Defect,0.1752,1,2026-08-20 01:00:33
11077,859,"Major outage across the platform, unable to log in.",Twitter,Billing Defect,0.991,0,2026-08-30 01:41:33
11078,964,"Great quality product, highly recommended!",Web Review,Billing Defect,0.0801,1,2026-08-24 02:46:33
11079,830,Fast shipping and nice packaging.,Call Center Note,Product Quality,0.1114,1,2026-08-25 22:34:33
11080,782,Fast shipping and nice packaging.,Call Center Note,UI Ergonomics,0.1424,1,2026-09-04 13:39:33
11081,210,Customer support resolved my billing issue in 5 minutes.,Mobile App,Shipping Delay,0.3072,1,2026-09-04 18:54:33
11082,855,Customer support resolved my billing issue in 5 minutes.,Mobile App,Billing Defect,0.0119,1,2026-09-05 04:30:33
11083,795,Customer support resolved my billing issue in 5 minutes.,Email Support,App Crash,0.1531,1,2026-08-27 07:06:33
11084,776,Love the new design update! Very smooth.,Call Center Note,UI Ergonomics,0.3041,1,2026-09-03 17:26:33
11085,367,System latency is terrible after the latest update.,Call Center Note,Shipping Delay,0.7961,0,2026-09-07 02:49:33
11086,221,Love the new design update! Very smooth.,Web Review,UI Ergonomics,0.3963,1,2026-08-27 19:59:33
11087,133,Fast shipping and nice packaging.,Twitter,Product Quality,0.1839,1,2026-08-27 07:25:33
11088,237,Customer support resolved my billing issue in 5 minutes.,Email Support,General Praise,0.1966,1,2026-08-31 05:23:33
11089,602,Love the new design update! Very smooth.,Call Center Note,General Praise,0.2275,1,2026-09-07 01:34:33
11090,260,Fast shipping and nice packaging.,Call Center Note,Billing Defect,0.2249,1,2026-08-31 07:54:33
11091,731,"Major outage across the platform, unable to log in.",Email Support,Shipping Delay,0.9883,0,2026-08-28 02:28:33
11092,957,"Major outage across the platform, unable to log in.",Email Support,Shipping Delay,0.618,0,2026-09-09 02:15:33
11093,538,Package arrived damaged and customer support is ignoring my emails.,Email Support,Shipping Delay,0.7522,0,2026-09-01 06:21:33
11094,763,"Double charged on my credit card, fix this immediately!",Email Support,Product Quality,0.699,0,2026-08-17 09:11:33
11095,217,Love the new design update! Very smooth.,Email Support,App Crash,0.3476,1,2026-08-14 09:56:33
11096,984,Love the new design update! Very smooth.,Web Review,Product Quality,0.1844,1,2026-09-05 22:40:33
11097,580,"Great quality product, highly recommended!",Call Center Note,Billing Defect,0.0082,1,2026-08-27 22:08:33
11098,200,System latency is terrible after the latest update.,Web Review,Billing Defect,0.729,0,2026-08-22 21:19:33
11099,783,"Major outage across the platform, unable to log in.",Email Support,App Crash,0.9246,0,2026-09-10 11:58:33
11100,750,System latency is terrible after the latest update.,Mobile App,Product Quality,0.6807,0,2026-08-23 06:14:33
11101,687,App keeps crashing during checkout payment step!,Web Review,App Crash,0.7189,0,2026-09-10 22:36:33
11102,692,Love the new design update! Very smooth.,Mobile App,Product Quality,0.2871,1,2026-08-28 20:20:33
11103,586,"Major outage across the platform, unable to log in.",Web Review,App Crash,0.9205,0,2026-08-29 07:46:33
11104,407,"Great quality product, highly recommended!",Web Review,General Praise,0.2019,1,2026-09-07 02:11:33
11105,739,System latency is terrible after the latest update.,Call Center Note,UI Ergonomics,0.7609,0,2026-09-07 10:30:33
11106,628,App keeps crashing during checkout payment step!,Twitter,Product Quality,0.8511,0,2026-09-05 05:40:33
11107,753,System latency is terrible after the latest update.,Call Center Note,Product Quality,0.7072,0,2026-09-02 06:09:33
11108,473,Love the new design update! Very smooth.,Web Review,App Crash,0.2089,1,2026-08-24 10:58:33
11109,520,Package arrived damaged and customer support is ignoring my emails.,Email Support,Billing Defect,0.9376,0,2026-09-11 08:50:33
11110,393,System latency is terrible after the latest update.,Twitter,Shipping Delay,0.7068,0,2026-09-09 21:07:33
11111,296,"Double charged on my credit card, fix this immediately!",Mobile App,App Crash,0.6454,0,2026-08-27 15:36:33
11112,137,Fast shipping and nice packaging.,Twitter,App Crash,0.1688,1,2026-08-25 22:17:33
11113,384,Package arrived damaged and customer support is ignoring my emails.,Call Center Note,App Crash,0.9159,0,2026-09-11 20:09:33
11114,156,Fast shipping and nice packaging.,Mobile App,Shipping Delay,0.3129,1,2026-09-09 21:31:33
11115,516,App keeps crashing during checkout payment step!,Email Support,General Praise,0.9602,0,2026-09-12 10:30:33
11116,841,Fast shipping and nice packaging.,Twitter,App Crash,0.3773,1,2026-08-18 14:40:33
11117,948,Love the new design update! Very smooth.,Call Center Note,Product Quality,0.2088,1,2026-08-24 23:27:33
11118,225,Love the new design update! Very smooth.,Email Support,Shipping Delay,0.0952,1,2026-09-09 02:39:33
11119,323,Customer support resolved my billing issue in 5 minutes.,Twitter,Billing Defect,0.3742,1,2026-08-21 11:43:33
11120,360,Package arrived damaged and customer support is ignoring my emails.,Call Center Note,Billing Defect,0.7758,0,2026-09-04 20:01:33
11121,533,Love the new design update! Very smooth.,Web Review,General Praise,0.1266,1,2026-08-24 17:29:33
11122,832,Customer support resolved my billing issue in 5 minutes.,Email Support,Shipping Delay,0.1452,1,2026-08-14 11:26:33
11123,778,Love the new design update! Very smooth.,Mobile App,General Praise,0.3366,1,2026-08-24 10:12:33
11124,817,System latency is terrible after the latest update.,Email Support,General Praise,0.7237,0,2026-08-19 01:43:33
11125,497,Customer support resolved my billing issue in 5 minutes.,Mobile App,UI Ergonomics,0.3431,1,2026-08-25 03:31:33
11126,980,"Double charged on my credit card, fix this immediately!",Twitter,UI Ergonomics,0.719,0,2026-09-11 06:01:33
11127,380,System latency is terrible after the latest update.,Mobile App,UI Ergonomics,0.9157,0,2026-09-03 22:58:33
11128,997,"Great quality product, highly recommended!",Mobile App,App Crash,0.287,1,2026-08-25 09:27:33
11129,846,"Great quality product, highly recommended!",Call Center Note,General Praise,0.1683,1,2026-08-28 09:20:33
11130,756,Love the new design update! Very smooth.,Twitter,General Praise,0.3048,1,2026-09-02 16:43:33
11131,304,Customer support resolved my billing issue in 5 minutes.,Email Support,Shipping Delay,0.0012,1,2026-09-08 17:21:33
11132,830,"Double charged on my credit card, fix this immediately!",Twitter,Product Quality,0.6998,0,2026-09-01 04:35:33
11133,994,"Great quality product, highly recommended!",Twitter,Shipping Delay,0.1806,1,2026-08-21 09:54:33
11134,303,"Great quality product, highly recommended!",Mobile App,UI Ergonomics,0.3198,1,2026-08-30 05:56:33
11135,684,System latency is terrible after the latest update.,Twitter,Billing Defect,0.9779,0,2026-08-14 13:30:33
11136,573,Customer support resolved my billing issue in 5 minutes.,Twitter,Shipping Delay,0.3627,1,2026-08-21 04:44:33
11137,366,"Major outage across the platform, unable to log in.",Twitter,Billing Defect,0.7716,0,2026-08-30 06:17:33
11138,835,"Major outage across the platform, unable to log in.",Call Center Note,UI Ergonomics,0.6469,0,2026-09-03 03:59:33
11139,830,Fast shipping and nice packaging.,Twitter,App Crash,0.0474,1,2026-08-25 15:10:33
11140,541,System latency is terrible after the latest update.,Twitter,Product Quality,0.7528,0,2026-08-23 07:52:33
11141,293,"Great quality product, highly recommended!",Web Review,App Crash,0.2907,1,2026-09-01 02:38:33
11142,368,Love the new design update! Very smooth.,Twitter,Product Quality,0.1161,1,2026-09-03 01:00:33
11143,762,"Great quality product, highly recommended!",Web Review,Billing Defect,0.2332,1,2026-08-13 23:41:33
11144,507,"Great quality product, highly recommended!",Twitter,General Praise,0.3898,1,2026-08-30 23:17:33
11145,670,"Great quality product, highly recommended!",Mobile App,Billing Defect,0.0292,1,2026-08-28 15:59:33
11146,720,Fast shipping and nice packaging.,Call Center Note,General Praise,0.3633,1,2026-08-15 14:07:33
11147,409,"Major outage across the platform, unable to log in.",Web Review,General Praise,0.8479,0,2026-08-30 09:32:33
11148,283,"Major outage across the platform, unable to log in.",Email Support,App Crash,0.6164,0,2026-09-05 10:38:33
11149,235,"Great quality product, highly recommended!",Mobile App,Shipping Delay,0.3512,1,2026-09-06 15:46:33
11150,145,"Great quality product, highly recommended!",Twitter,UI Ergonomics,0.0467,1,2026-08-26 07:20:33
11151,997,Fast shipping and nice packaging.,Email Support,Product Quality,0.1132,1,2026-08-25 12:30:33
11152,423,Fast shipping and nice packaging.,Web Review,App Crash,0.3571,1,2026-09-07 19:21:33
11153,252,Fast shipping and nice packaging.,Mobile App,App Crash,0.0213,1,2026-08-21 20:27:33
11154,578,Package arrived damaged and customer support is ignoring my emails.,Web Review,Billing Defect,0.6654,0,2026-09-05 00:59:33
11155,674,Package arrived damaged and customer support is ignoring my emails.,Web Review,UI Ergonomics,0.9955,0,2026-09-04 22:53:33
11156,195,"Double charged on my credit card, fix this immediately!",Twitter,Shipping Delay,0.6495,0,2026-08-21 17:44:33
11157,779,"Great quality product, highly recommended!",Call Center Note,App Crash,0.2253,1,2026-09-09 01:48:33
11158,684,Love the new design update! Very smooth.,Twitter,UI Ergonomics,0.2104,1,2026-08-17 00:20:33
11159,436,System latency is terrible after the latest update.,Mobile App,Shipping Delay,0.8708,0,2026-08-19 01:39:33
11160,208,"Major outage across the platform, unable to log in.",Email Support,App Crash,0.9717,0,2026-08-14 19:57:33
11161,375,System latency is terrible after the latest update.,Call Center Note,General Praise,0.7816,0,2026-08-13 18:45:33
11162,563,App keeps crashing during checkout payment step!,Email Support,General Praise,0.8625,0,2026-09-08 10:05:33
11163,389,App keeps crashing during checkout payment step!,Email Support,Billing Defect,0.9206,0,2026-08-16 17:39:33
11164,361,Fast shipping and nice packaging.,Twitter,App Crash,0.037,1,2026-08-31 16:08:33
11165,898,"Double charged on my credit card, fix this immediately!",Web Review,Shipping Delay,0.6652,0,2026-09-11 23:17:33
11166,602,Customer support resolved my billing issue in 5 minutes.,Web Review,General Praise,0.0482,1,2026-08-27 15:07:33
11167,198,Customer support resolved my billing issue in 5 minutes.,Email Support,Product Quality,0.1436,1,2026-08-22 14:43:33
11168,676,Fast shipping and nice packaging.,Call Center Note,UI Ergonomics,0.1906,1,2026-08-17 14:57:33
11169,544,"Great quality product, highly recommended!",Web Review,Billing Defect,0.2455,1,2026-08-15 08:35:33
11170,763,Fast shipping and nice packaging.,Twitter,UI Ergonomics,0.2706,1,2026-09-06 12:20:33
11171,547,Love the new design update! Very smooth.,Mobile App,UI Ergonomics,0.1163,1,2026-08-27 04:31:33
11172,407,"Double charged on my credit card, fix this immediately!",Twitter,Product Quality,0.8737,0,2026-09-01 23:36:33
11173,146,App keeps crashing during checkout payment step!,Call Center Note,Billing Defect,0.8204,0,2026-09-05 18:11:33
11174,837,Love the new design update! Very smooth.,Call Center Note,Shipping Delay,0.1859,1,2026-08-29 16:40:33
11175,116,App keeps crashing during checkout payment step!,Mobile App,General Praise,0.9075,0,2026-09-03 14:00:33
11176,146,"Double charged on my credit card, fix this immediately!",Mobile App,UI Ergonomics,0.9372,0,2026-08-27 01:31:33
11177,560,System latency is terrible after the latest update.,Call Center Note,Shipping Delay,0.9029,0,2026-08-29 01:14:33
11178,180,Customer support resolved my billing issue in 5 minutes.,Call Center Note,Shipping Delay,0.0844,1,2026-08-18 08:33:33
11179,219,Love the new design update! Very smooth.,Mobile App,App Crash,0.0023,1,2026-09-12 08:43:33
11180,862,Fast shipping and nice packaging.,Call Center Note,General Praise,0.3475,1,2026-09-04 16:02:33
11181,789,"Major outage across the platform, unable to log in.",Web Review,Shipping Delay,0.7443,0,2026-08-17 12:08:33
11182,935,App keeps crashing during checkout payment step!,Mobile App,General Praise,0.6763,0,2026-08-22 02:00:33
11183,248,Customer support resolved my billing issue in 5 minutes.,Twitter,UI Ergonomics,0.1924,1,2026-09-11 00:14:33
11184,888,Customer support resolved my billing issue in 5 minutes.,Web Review,App Crash,0.0344,1,2026-09-04 02:08:33
11185,256,Love the new design update! Very smooth.,Web Review,UI Ergonomics,0.0664,1,2026-09-03 23:24:33
11186,306,System latency is terrible after the latest update.,Email Support,Product Quality,0.8341,0,2026-08-31 08:17:33
11187,967,App keeps crashing during checkout payment step!,Web Review,UI Ergonomics,0.6411,0,2026-09-05 01:51:33
11188,509,"Great quality product, highly recommended!",Web Review,Product Quality,0.0148,1,2026-09-09 09:59:33
11189,162,Fast shipping and nice packaging.,Call Center Note,Billing Defect,0.0928,1,2026-09-01 17:21:33
11190,763,Love the new design update! Very smooth.,Web Review,UI Ergonomics,0.1071,1,2026-08-18 20:08:33
11191,546,"Great quality product, highly recommended!",Mobile App,App Crash,0.1793,1,2026-08-26 15:00:33
11192,337,Fast shipping and nice packaging.,Call Center Note,App Crash,0.1375,1,2026-09-09 06:17:33
11193,973,"Great quality product, highly recommended!",Web Review,App Crash,0.3687,1,2026-08-26 20:52:33
11194,953,Fast shipping and nice packaging.,Email Support,UI Ergonomics,0.3839,1,2026-08-20 21:23:33
11195,188,"Great quality product, highly recommended!",Web Review,App Crash,0.2763,1,2026-08-21 09:41:33
11196,912,"Major outage across the platform, unable to log in.",Web Review,UI Ergonomics,0.7969,0,2026-08-27 08:05:33
11197,118,"Major outage across the platform, unable to log in.",Email Support,Shipping Delay,0.6188,0,2026-08-29 18:24:33
11198,615,Customer support resolved my billing issue in 5 minutes.,Mobile App,Billing Defect,0.3312,1,2026-08-28 21:18:33
11199,329,Customer support resolved my billing issue in 5 minutes.,Web Review,Shipping Delay,0.0483,1,2026-08-29 00:08:33
11200,670,Love the new design update! Very smooth.,Email Support,App Crash,0.308,1,2026-09-05 23:21:33
11201,548,Love the new design update! Very smooth.,Web Review,Billing Defect,0.2826,1,2026-08-18 08:04:33
11202,142,Love the new design update! Very smooth.,Call Center Note,Billing Defect,0.3294,1,2026-08-21 02:52:33
11203,260,Customer support resolved my billing issue in 5 minutes.,Email Support,General Praise,0.3644,1,2026-09-02 14:40:33
11204,201,Fast shipping and nice packaging.,Twitter,General Praise,0.293,1,2026-08-30 01:42:33
11205,306,"Double charged on my credit card, fix this immediately!",Web Review,UI Ergonomics,0.6492,0,2026-08-13 19:36:33
11206,617,System latency is terrible after the latest update.,Twitter,Billing Defect,0.7365,0,2026-08-25 14:58:33
11207,780,System latency is terrible after the latest update.,Twitter,App Crash,0.7443,0,2026-09-06 14:56:33
11208,539,Customer support resolved my billing issue in 5 minutes.,Web Review,UI Ergonomics,0.0552,1,2026-09-03 09:29:33
11209,553,"Great quality product, highly recommended!",Twitter,Billing Defect,0.3775,1,2026-09-06 01:29:33
11210,511,Love the new design update! Very smooth.,Twitter,UI Ergonomics,0.1353,1,2026-08-16 07:33:33
11211,756,App keeps crashing during checkout payment step!,Twitter,Product Quality,0.8641,0,2026-08-16 03:33:33
11212,797,"Great quality product, highly recommended!",Call Center Note,Shipping Delay,0.1677,1,2026-08-27 19:03:33
11213,640,Love the new design update! Very smooth.,Call Center Note,App Crash,0.3308,1,2026-08-31 21:37:33
11214,739,Customer support resolved my billing issue in 5 minutes.,Call Center Note,General Praise,0.355,1,2026-09-02 15:21:33
11215,408,Fast shipping and nice packaging.,Mobile App,Billing Defect,0.3102,1,2026-09-06 23:26:33
11216,653,"Double charged on my credit card, fix this immediately!",Email Support,App Crash,0.8082,0,2026-08-17 17:48:33
11217,875,"Great quality product, highly recommended!",Twitter,Billing Defect,0.2085,1,2026-08-14 18:52:33
11218,892,"Great quality product, highly recommended!",Email Support,General Praise,0.0965,1,2026-09-01 18:10:33
11219,961,Love the new design update! Very smooth.,Email Support,Shipping Delay,0.2928,1,2026-09-11 01:15:33
11220,766,Love the new design update! Very smooth.,Mobile App,UI Ergonomics,0.0191,1,2026-08-27 01:52:33
11221,341,Love the new design update! Very smooth.,Call Center Note,Product Quality,0.1813,1,2026-09-11 02:04:33
11222,391,Customer support resolved my billing issue in 5 minutes.,Call Center Note,General Praise,0.1401,1,2026-08-19 21:18:33
11223,628,Customer support resolved my billing issue in 5 minutes.,Call Center Note,App Crash,0.0421,1,2026-08-29 23:01:33
11224,948,Customer support resolved my billing issue in 5 minutes.,Web Review,Billing Defect,0.2847,1,2026-08-17 17:10:33
11225,556,"Double charged on my credit card, fix this immediately!",Mobile App,Shipping Delay,0.7905,0,2026-09-06 11:13:33
11226,698,Fast shipping and nice packaging.,Web Review,General Praise,0.3488,1,2026-09-01 18:54:33
11227,526,Fast shipping and nice packaging.,Twitter,App Crash,0.2927,1,2026-09-05 12:52:33
11228,821,System latency is terrible after the latest update.,Call Center Note,Product Quality,0.6518,0,2026-08-18 21:22:33
11229,864,Fast shipping and nice packaging.,Twitter,Product Quality,0.1893,1,2026-08-30 07:49:33
11230,518,Love the new design update! Very smooth.,Mobile App,Billing Defect,0.2406,1,2026-08-30 08:06:33
11231,220,Love the new design update! Very smooth.,Email Support,Shipping Delay,0.2091,1,2026-08-30 13:25:33
11232,246,System latency is terrible after the latest update.,Twitter,Product Quality,0.6112,0,2026-09-01 17:05:33
11233,320,Package arrived damaged and customer support is ignoring my emails.,Twitter,General Praise,0.9556,0,2026-09-04 18:18:33
11234,991,"Major outage across the platform, unable to log in.",Mobile App,UI Ergonomics,0.7395,0,2026-09-04 09:59:33
11235,900,Fast shipping and nice packaging.,Web Review,UI Ergonomics,0.3601,1,2026-09-10 02:00:33
11236,571,"Double charged on my credit card, fix this immediately!",Web Review,General Praise,0.8019,0,2026-09-02 22:55:33
11237,739,Package arrived damaged and customer support is ignoring my emails.,Call Center Note,UI Ergonomics,0.6357,0,2026-08-31 03:22:33
11238,146,System latency is terrible after the latest update.,Web Review,General Praise,0.7356,0,2026-08-26 03:23:33
11239,685,Customer support resolved my billing issue in 5 minutes.,Email Support,Product Quality,0.2829,1,2026-09-11 21:06:33
11240,733,"Major outage across the platform, unable to log in.",Call Center Note,Product Quality,0.6341,0,2026-08-15 22:10:33
11241,614,Customer support resolved my billing issue in 5 minutes.,Mobile App,Billing Defect,0.3002,1,2026-09-12 11:24:33
11242,381,Customer support resolved my billing issue in 5 minutes.,Twitter,App Crash,0.385,1,2026-09-08 21:26:33
11243,146,"Great quality product, highly recommended!",Web Review,Billing Defect,0.1607,1,2026-08-28 23:44:33
11244,640,Fast shipping and nice packaging.,Email Support,UI Ergonomics,0.0096,1,2026-08-25 05:19:33
11245,392,App keeps crashing during checkout payment step!,Twitter,App Crash,0.8167,0,2026-08-25 03:33:33
11246,517,Customer support resolved my billing issue in 5 minutes.,Twitter,Billing Defect,0.1227,1,2026-09-10 11:35:33
11247,159,Customer support resolved my billing issue in 5 minutes.,Email Support,UI Ergonomics,0.0109,1,2026-08-18 00:16:33
11248,364,System latency is terrible after the latest update.,Web Review,Billing Defect,0.9572,0,2026-08-15 21:04:33
11249,604,"Major outage across the platform, unable to log in.",Call Center Note,Product Quality,0.8344,0,2026-08-31 00:59:33
11250,575,"Great quality product, highly recommended!",Call Center Note,UI Ergonomics,0.0243,1,2026-08-16 11:54:33
11251,119,Fast shipping and nice packaging.,Email Support,Product Quality,0.2534,1,2026-09-09 04:40:33
11252,767,Customer support resolved my billing issue in 5 minutes.,Twitter,Shipping Delay,0.3052,1,2026-09-08 09:05:33
11253,612,Love the new design update! Very smooth.,Twitter,App Crash,0.3385,1,2026-08-30 12:09:33
11254,650,Customer support resolved my billing issue in 5 minutes.,Web Review,Product Quality,0.3128,1,2026-09-03 01:50:33
11255,735,System latency is terrible after the latest update.,Email Support,General Praise,0.9844,0,2026-08-21 03:14:33
11256,356,System latency is terrible after the latest update.,Web Review,Shipping Delay,0.7093,0,2026-09-11 06:57:33
11257,265,"Major outage across the platform, unable to log in.",Call Center Note,Product Quality,0.7125,0,2026-08-16 16:48:33
11258,950,System latency is terrible after the latest update.,Twitter,General Praise,0.8794,0,2026-09-07 20:14:33
11259,616,Fast shipping and nice packaging.,Email Support,General Praise,0.0843,1,2026-08-29 02:39:33
11260,778,Fast shipping and nice packaging.,Email Support,Shipping Delay,0.1092,1,2026-08-23 02:28:33
11261,808,"Great quality product, highly recommended!",Twitter,General Praise,0.0063,1,2026-08-13 14:39:33
11262,788,Love the new design update! Very smooth.,Twitter,UI Ergonomics,0.3606,1,2026-09-07 19:29:33
11263,651,Fast shipping and nice packaging.,Mobile App,General Praise,0.305,1,2026-09-12 03:46:33
11264,935,App keeps crashing during checkout payment step!,Web Review,General Praise,0.957,0,2026-08-19 03:13:33
11265,466,System latency is terrible after the latest update.,Web Review,App Crash,0.931,0,2026-08-13 21:37:33
11266,555,Package arrived damaged and customer support is ignoring my emails.,Mobile App,App Crash,0.9745,0,2026-08-14 10:01:33
11267,935,"Great quality product, highly recommended!",Call Center Note,General Praise,0.0766,1,2026-08-27 07:34:33
11268,605,Customer support resolved my billing issue in 5 minutes.,Email Support,Billing Defect,0.0937,1,2026-08-26 07:04:33
11269,940,Customer support resolved my billing issue in 5 minutes.,Web Review,Billing Defect,0.0029,1,2026-08-26 03:21:33
11270,298,Fast shipping and nice packaging.,Call Center Note,General Praise,0.0682,1,2026-09-09 23:01:33
11271,863,Love the new design update! Very smooth.,Mobile App,App Crash,0.2353,1,2026-08-25 07:59:33
11272,846,Customer support resolved my billing issue in 5 minutes.,Email Support,App Crash,0.3524,1,2026-08-14 13:40:33
11273,564,"Great quality product, highly recommended!",Mobile App,UI Ergonomics,0.2723,1,2026-09-11 16:31:33
11274,430,Love the new design update! Very smooth.,Web Review,UI Ergonomics,0.3415,1,2026-08-25 23:44:33
11275,470,"Major outage across the platform, unable to log in.",Call Center Note,Billing Defect,0.7866,0,2026-08-23 17:40:33
11276,423,System latency is terrible after the latest update.,Mobile App,UI Ergonomics,0.813,0,2026-08-22 08:58:33
11277,855,"Major outage across the platform, unable to log in.",Twitter,General Praise,0.9231,0,2026-09-01 19:20:33
11278,437,Customer support resolved my billing issue in 5 minutes.,Email Support,Billing Defect,0.0788,1,2026-09-11 00:10:33
11279,927,Love the new design update! Very smooth.,Mobile App,Product Quality,0.192,1,2026-09-11 00:30:33
11280,584,"Great quality product, highly recommended!",Twitter,Shipping Delay,0.0989,1,2026-08-15 23:52:33
11281,894,Customer support resolved my billing issue in 5 minutes.,Call Center Note,Product Quality,0.3774,1,2026-09-02 11:24:33
11282,187,Fast shipping and nice packaging.,Mobile App,Billing Defect,0.2316,1,2026-08-30 16:37:33
11283,163,App keeps crashing during checkout payment step!,Web Review,Billing Defect,0.9131,0,2026-08-27 05:42:33
11284,793,Fast shipping and nice packaging.,Mobile App,Product Quality,0.0263,1,2026-08-15 21:26:33
11285,732,System latency is terrible after the latest update.,Web Review,App Crash,0.7607,0,2026-09-09 19:18:33
11286,575,Love the new design update! Very smooth.,Web Review,Product Quality,0.1814,1,2026-09-10 16:46:33
11287,436,App keeps crashing during checkout payment step!,Call Center Note,App Crash,0.7816,0,2026-08-18 10:23:33
11288,707,"Major outage across the platform, unable to log in.",Twitter,Product Quality,0.8853,0,2026-08-19 06:01:33
11289,592,"Great quality product, highly recommended!",Call Center Note,UI Ergonomics,0.1422,1,2026-08-21 23:29:33
11290,419,App keeps crashing during checkout payment step!,Call Center Note,UI Ergonomics,0.6242,0,2026-09-05 20:53:33
11291,654,"Great quality product, highly recommended!",Twitter,App Crash,0.1245,1,2026-09-03 21:15:33
11292,108,Package arrived damaged and customer support is ignoring my emails.,Call Center Note,Product Quality,0.7164,0,2026-09-12 10:46:33
11293,938,Love the new design update! Very smooth.,Call Center Note,Billing Defect,0.095,1,2026-09-01 17:25:33
11294,306,"Double charged on my credit card, fix this immediately!",Mobile App,Shipping Delay,0.8562,0,2026-08-22 03:14:33
11295,439,Fast shipping and nice packaging.,Call Center Note,Product Quality,0.2399,1,2026-08-28 19:02:33
11296,207,Fast shipping and nice packaging.,Web Review,Billing Defect,0.1314,1,2026-09-05 02:06:33
11297,809,App keeps crashing during checkout payment step!,Twitter,UI Ergonomics,0.8555,0,2026-09-10 21:54:33
11298,934,System latency is terrible after the latest update.,Email Support,General Praise,0.8938,0,2026-08-30 15:00:33
11299,106,"Double charged on my credit card, fix this immediately!",Email Support,Billing Defect,0.9304,0,2026-08-16 20:57:33
11300,397,"Major outage across the platform, unable to log in.",Web Review,App Crash,0.6461,0,2026-09-11 06:00:33
11301,130,"Great quality product, highly recommended!",Twitter,App Crash,0.0176,1,2026-08-26 10:43:33
11302,447,Package arrived damaged and customer support is ignoring my emails.,Call Center Note,App Crash,0.8875,0,2026-08-21 15:25:33
11303,203,"Double charged on my credit card, fix this immediately!",Mobile App,General Praise,0.9372,0,2026-08-19 18:19:33
11304,315,App keeps crashing during checkout payment step!,Email Support,UI Ergonomics,0.7354,0,2026-08-24 10:43:33
11305,639,Package arrived damaged and customer support is ignoring my emails.,Call Center Note,UI Ergonomics,0.8644,0,2026-08-16 11:49:33
11306,296,"Double charged on my credit card, fix this immediately!",Call Center Note,UI Ergonomics,0.918,0,2026-08-30 13:12:33
11307,350,System latency is terrible after the latest update.,Mobile App,Product Quality,0.9908,0,2026-09-09 05:55:33
11308,252,"Major outage across the platform, unable to log in.",Email Support,App Crash,0.7177,0,2026-08-15 22:35:33
11309,971,"Great quality product, highly recommended!",Call Center Note,Product Quality,0.3491,1,2026-09-04 18:31:33
11310,909,App keeps crashing during checkout payment step!,Call Center Note,Billing Defect,0.9139,0,2026-08-21 03:17:33
11311,575,"Great quality product, highly recommended!",Twitter,Shipping Delay,0.1994,1,2026-08-30 12:47:33
11312,606,Fast shipping and nice packaging.,Web Review,Shipping Delay,0.2863,1,2026-09-08 23:13:33
11313,307,Love the new design update! Very smooth.,Web Review,App Crash,0.0829,1,2026-08-31 12:50:33
11314,685,System latency is terrible after the latest update.,Twitter,Shipping Delay,0.9555,0,2026-08-25 02:25:33
11315,402,Customer support resolved my billing issue in 5 minutes.,Web Review,Product Quality,0.3006,1,2026-08-29 12:25:33
11316,736,App keeps crashing during checkout payment step!,Email Support,UI Ergonomics,0.7861,0,2026-09-03 01:11:33
11317,609,Fast shipping and nice packaging.,Email Support,Shipping Delay,0.147,1,2026-08-30 22:04:33
11318,760,System latency is terrible after the latest update.,Mobile App,Shipping Delay,0.6935,0,2026-08-17 06:26:33
11319,759,"Major outage across the platform, unable to log in.",Mobile App,Shipping Delay,0.8051,0,2026-08-23 21:10:33
11320,659,App keeps crashing during checkout payment step!,Twitter,Shipping Delay,0.7441,0,2026-08-22 11:12:33
11321,935,"Great quality product, highly recommended!",Email Support,App Crash,0.1211,1,2026-09-10 00:10:33
11322,406,"Great quality product, highly recommended!",Email Support,Shipping Delay,0.0034,1,2026-08-31 21:29:33
11323,624,Love the new design update! Very smooth.,Twitter,UI Ergonomics,0.1888,1,2026-08-23 20:59:33
11324,628,"Double charged on my credit card, fix this immediately!",Call Center Note,Product Quality,0.7898,0,2026-09-03 20:24:33
11325,187,Fast shipping and nice packaging.,Email Support,App Crash,0.1363,1,2026-09-02 00:46:33
11326,560,Fast shipping and nice packaging.,Call Center Note,Billing Defect,0.0838,1,2026-08-30 13:41:33
11327,855,"Double charged on my credit card, fix this immediately!",Mobile App,UI Ergonomics,0.7222,0,2026-09-12 12:03:33
11328,535,"Great quality product, highly recommended!",Web Review,General Praise,0.0902,1,2026-09-06 23:37:33
11329,904,"Major outage across the platform, unable to log in.",Mobile App,App Crash,0.6093,0,2026-08-20 12:17:33
11330,918,"Great quality product, highly recommended!",Call Center Note,Product Quality,0.2273,1,2026-09-08 15:14:33
11331,500,Fast shipping and nice packaging.,Mobile App,Product Quality,0.0817,1,2026-08-31 02:30:33
11332,562,App keeps crashing during checkout payment step!,Email Support,Billing Defect,0.7315,0,2026-08-21 07:39:33
11333,946,"Major outage across the platform, unable to log in.",Call Center Note,UI Ergonomics,0.6711,0,2026-08-14 17:43:33
11334,495,App keeps crashing during checkout payment step!,Email Support,App Crash,0.9645,0,2026-08-24 02:57:33
11335,158,"Major outage across the platform, unable to log in.",Email Support,Product Quality,0.628,0,2026-08-14 00:28:33
11336,213,System latency is terrible after the latest update.,Twitter,Product Quality,0.7564,0,2026-09-01 13:26:33
11337,986,Love the new design update! Very smooth.,Twitter,App Crash,0.1556,1,2026-08-22 21:04:33
11338,688,System latency is terrible after the latest update.,Email Support,Product Quality,0.6635,0,2026-08-22 18:07:33
11339,107,Fast shipping and nice packaging.,Twitter,UI Ergonomics,0.1102,1,2026-08-16 10:17:33
11340,682,Customer support resolved my billing issue in 5 minutes.,Web Review,UI Ergonomics,0.2103,1,2026-09-03 13:48:33
11341,567,Love the new design update! Very smooth.,Email Support,General Praise,0.1152,1,2026-08-27 01:18:33
11342,283,"Double charged on my credit card, fix this immediately!",Call Center Note,General Praise,0.766,0,2026-09-02 04:21:33
11343,197,Customer support resolved my billing issue in 5 minutes.,Web Review,General Praise,0.2794,1,2026-08-15 12:06:33
11344,743,"Double charged on my credit card, fix this immediately!",Call Center Note,Shipping Delay,0.7095,0,2026-08-16 13:19:33
11345,521,Customer support resolved my billing issue in 5 minutes.,Call Center Note,Billing Defect,0.3635,1,2026-08-30 07:10:33
11346,898,App keeps crashing during checkout payment step!,Email Support,UI Ergonomics,0.8018,0,2026-09-03 00:57:33
11347,573,"Double charged on my credit card, fix this immediately!",Mobile App,Billing Defect,0.8024,0,2026-09-11 14:13:33
11348,863,Fast shipping and nice packaging.,Web Review,App Crash,0.1525,1,2026-08-31 13:41:33
11349,239,Package arrived damaged and customer support is ignoring my emails.,Email Support,General Praise,0.6459,0,2026-09-03 15:29:33
11350,772,Love the new design update! Very smooth.,Twitter,General Praise,0.033,1,2026-09-02 10:31:33
11351,274,Package arrived damaged and customer support is ignoring my emails.,Mobile App,Product Quality,0.9366,0,2026-08-18 02:12:33
11352,500,App keeps crashing during checkout payment step!,Twitter,Billing Defect,0.8139,0,2026-08-14 00:39:33
11353,282,Customer support resolved my billing issue in 5 minutes.,Twitter,General Praise,0.1763,1,2026-08-15 02:02:33
11354,148,Customer support resolved my billing issue in 5 minutes.,Call Center Note,General Praise,0.1768,1,2026-08-18 04:41:33
11355,712,Package arrived damaged and customer support is ignoring my emails.,Mobile App,Billing Defect,0.7776,0,2026-08-30 16:37:33
11356,344,Customer support resolved my billing issue in 5 minutes.,Twitter,Billing Defect,0.1499,1,2026-08-14 05:56:33
11357,296,Love the new design update! Very smooth.,Mobile App,App Crash,0.1348,1,2026-08-17 21:55:33
11358,145,Customer support resolved my billing issue in 5 minutes.,Web Review,Product Quality,0.2896,1,2026-08-18 10:02:33
11359,294,"Great quality product, highly recommended!",Call Center Note,App Crash,0.2248,1,2026-09-07 04:06:33
11360,318,System latency is terrible after the latest update.,Mobile App,Shipping Delay,0.6483,0,2026-08-28 05:37:33
11361,112,System latency is terrible after the latest update.,Web Review,App Crash,0.8616,0,2026-09-03 09:31:33
11362,477,Package arrived damaged and customer support is ignoring my emails.,Mobile App,Billing Defect,0.86,0,2026-08-23 11:08:33
11363,204,Fast shipping and nice packaging.,Call Center Note,Product Quality,0.3932,1,2026-08-21 07:41:33
11364,746,App keeps crashing during checkout payment step!,Web Review,General Praise,0.8399,0,2026-08-19 13:36:33
11365,782,Package arrived damaged and customer support is ignoring my emails.,Web Review,Billing Defect,0.9912,0,2026-08-28 18:26:33
11366,623,"Major outage across the platform, unable to log in.",Twitter,Product Quality,0.7796,0,2026-09-09 06:05:33
11367,731,Love the new design update! Very smooth.,Mobile App,Shipping Delay,0.093,1,2026-08-24 06:37:33
11368,161,Customer support resolved my billing issue in 5 minutes.,Twitter,Shipping Delay,0.2479,1,2026-09-05 05:09:33
11369,757,"Double charged on my credit card, fix this immediately!",Mobile App,App Crash,0.7503,0,2026-09-09 17:40:33
11370,436,Fast shipping and nice packaging.,Twitter,Shipping Delay,0.2957,1,2026-08-27 23:15:33
11371,524,Love the new design update! Very smooth.,Email Support,Billing Defect,0.2083,1,2026-08-23 22:33:33
11372,310,"Great quality product, highly recommended!",Call Center Note,Billing Defect,0.1371,1,2026-08-24 19:40:33
11373,490,Customer support resolved my billing issue in 5 minutes.,Call Center Note,Shipping Delay,0.2432,1,2026-08-21 20:53:33
11374,603,Love the new design update! Very smooth.,Mobile App,App Crash,0.0258,1,2026-08-15 21:19:33
11375,228,Customer support resolved my billing issue in 5 minutes.,Mobile App,App Crash,0.3753,1,2026-09-09 11:43:33
11376,180,Customer support resolved my billing issue in 5 minutes.,Web Review,General Praise,0.0945,1,2026-09-03 18:35:33
11377,280,"Double charged on my credit card, fix this immediately!",Call Center Note,App Crash,0.698,0,2026-08-27 07:29:33
11378,306,System latency is terrible after the latest update.,Email Support,UI Ergonomics,0.9871,0,2026-08-17 03:48:33
11379,271,"Great quality product, highly recommended!",Web Review,UI Ergonomics,0.1593,1,2026-09-01 18:06:33
11380,939,Fast shipping and nice packaging.,Web Review,Billing Defect,0.3041,1,2026-08-30 21:01:33
11381,407,Love the new design update! Very smooth.,Call Center Note,Product Quality,0.3035,1,2026-08-20 11:18:33
11382,574,Customer support resolved my billing issue in 5 minutes.,Email Support,UI Ergonomics,0.1029,1,2026-08-26 09:46:33
11383,441,"Major outage across the platform, unable to log in.",Twitter,General Praise,0.7923,0,2026-09-03 20:58:33
11384,982,"Double charged on my credit card, fix this immediately!",Call Center Note,General Praise,0.6017,0,2026-08-30 13:12:33
11385,860,Fast shipping and nice packaging.,Email Support,UI Ergonomics,0.3761,1,2026-09-04 19:08:33
11386,139,"Major outage across the platform, unable to log in.",Mobile App,UI Ergonomics,0.6285,0,2026-09-08 06:12:33
11387,889,System latency is terrible after the latest update.,Email Support,Product Quality,0.9828,0,2026-09-04 18:07:33
11388,766,"Great quality product, highly recommended!",Web Review,UI Ergonomics,0.2786,1,2026-08-24 17:58:33
11389,470,App keeps crashing during checkout payment step!,Mobile App,General Praise,0.9686,0,2026-09-11 21:17:33
11390,797,"Major outage across the platform, unable to log in.",Twitter,Shipping Delay,0.7822,0,2026-08-24 18:39:33
11391,889,Customer support resolved my billing issue in 5 minutes.,Mobile App,General Praise,0.0049,1,2026-08-31 00:13:33
11392,182,"Major outage across the platform, unable to log in.",Call Center Note,App Crash,0.9897,0,2026-09-01 18:23:33
11393,409,System latency is terrible after the latest update.,Call Center Note,Product Quality,0.7011,0,2026-09-12 11:39:33
11394,870,"Great quality product, highly recommended!",Mobile App,Billing Defect,0.2936,1,2026-09-11 11:17:33
11395,375,"Great quality product, highly recommended!",Twitter,General Praise,0.3257,1,2026-08-31 15:06:33
11396,935,Love the new design update! Very smooth.,Web Review,Billing Defect,0.3948,1,2026-08-17 22:13:33
11397,770,System latency is terrible after the latest update.,Email Support,General Praise,0.81,0,2026-09-02 03:07:33
11398,237,Package arrived damaged and customer support is ignoring my emails.,Twitter,UI Ergonomics,0.6746,0,2026-08-21 19:11:33
11399,933,Love the new design update! Very smooth.,Twitter,App Crash,0.1803,1,2026-08-22 15:53:33
11400,296,"Double charged on my credit card, fix this immediately!",Email Support,UI Ergonomics,0.9237,0,2026-09-02 13:48:33
11401,270,Love the new design update! Very smooth.,Mobile App,Shipping Delay,0.3473,1,2026-08-17 10:01:33
11402,130,Package arrived damaged and customer support is ignoring my emails.,Call Center Note,App Crash,0.6257,0,2026-09-04 06:24:33
11403,372,Love the new design update! Very smooth.,Mobile App,General Praise,0.0038,1,2026-09-09 00:36:33
11404,634,Love the new design update! Very smooth.,Mobile App,UI Ergonomics,0.0387,1,2026-09-09 23:02:33
11405,584,"Great quality product, highly recommended!",Email Support,Product Quality,0.3729,1,2026-09-02 01:29:33
11406,936,Package arrived damaged and customer support is ignoring my emails.,Twitter,Shipping Delay,0.9998,0,2026-08-31 15:39:33
11407,994,App keeps crashing during checkout payment step!,Email Support,Billing Defect,0.9901,0,2026-08-13 15:47:33
11408,242,Fast shipping and nice packaging.,Mobile App,Product Quality,0.2901,1,2026-08-19 02:39:33
11409,869,"Great quality product, highly recommended!",Twitter,Shipping Delay,0.3804,1,2026-09-03 02:01:33
11410,776,Fast shipping and nice packaging.,Twitter,Billing Defect,0.206,1,2026-09-11 13:21:33
11411,468,"Great quality product, highly recommended!",Mobile App,General Praise,0.0067,1,2026-08-28 07:58:33
11412,509,Customer support resolved my billing issue in 5 minutes.,Call Center Note,Billing Defect,0.2427,1,2026-08-29 08:53:33
11413,977,Fast shipping and nice packaging.,Mobile App,General Praise,0.3947,1,2026-08-31 00:47:33
11414,990,"Double charged on my credit card, fix this immediately!",Call Center Note,Product Quality,0.8848,0,2026-09-05 11:36:33
11415,408,System latency is terrible after the latest update.,Call Center Note,UI Ergonomics,0.9187,0,2026-08-21 03:58:33
11416,653,Love the new design update! Very smooth.,Twitter,App Crash,0.1929,1,2026-08-23 03:35:33
11417,832,App keeps crashing during checkout payment step!,Mobile App,App Crash,0.6422,0,2026-08-28 09:02:33
11418,363,"Great quality product, highly recommended!",Web Review,General Praise,0.0882,1,2026-08-19 02:52:33
11419,808,Fast shipping and nice packaging.,Email Support,App Crash,0.0362,1,2026-09-08 17:31:33
11420,486,Love the new design update! Very smooth.,Web Review,General Praise,0.2576,1,2026-09-11 17:45:33
11421,328,Fast shipping and nice packaging.,Email Support,Billing Defect,0.3234,1,2026-08-26 18:14:33
11422,706,App keeps crashing during checkout payment step!,Twitter,General Praise,0.7361,0,2026-08-18 19:14:33
11423,489,Customer support resolved my billing issue in 5 minutes.,Call Center Note,General Praise,0.3413,1,2026-08-13 14:15:33
11424,967,"Major outage across the platform, unable to log in.",Web Review,UI Ergonomics,0.8142,0,2026-08-28 01:33:33
11425,716,Customer support resolved my billing issue in 5 minutes.,Call Center Note,App Crash,0.2079,1,2026-08-18 08:50:33
11426,423,"Major outage across the platform, unable to log in.",Twitter,Shipping Delay,0.9409,0,2026-08-23 11:31:33
11427,390,Fast shipping and nice packaging.,Twitter,General Praise,0.059,1,2026-08-15 01:55:33
11428,805,"Great quality product, highly recommended!",Mobile App,Shipping Delay,0.201,1,2026-09-08 15:20:33
11429,821,Customer support resolved my billing issue in 5 minutes.,Web Review,Billing Defect,0.198,1,2026-08-28 16:17:33
11430,929,"Double charged on my credit card, fix this immediately!",Twitter,General Praise,0.9392,0,2026-08-15 21:49:33
11431,844,Customer support resolved my billing issue in 5 minutes.,Web Review,Shipping Delay,0.3427,1,2026-08-20 18:17:33
11432,794,Fast shipping and nice packaging.,Web Review,Shipping Delay,0.135,1,2026-08-31 07:53:33
11433,389,"Major outage across the platform, unable to log in.",Twitter,General Praise,0.8907,0,2026-09-07 10:59:33
11434,910,"Double charged on my credit card, fix this immediately!",Call Center Note,Billing Defect,0.7294,0,2026-08-27 08:32:33
11435,552,Customer support resolved my billing issue in 5 minutes.,Web Review,Shipping Delay,0.2309,1,2026-08-20 02:36:33
11436,109,"Double charged on my credit card, fix this immediately!",Email Support,General Praise,0.8941,0,2026-09-08 17:12:33
11437,537,"Double charged on my credit card, fix this immediately!",Twitter,Billing Defect,0.7506,0,2026-08-17 21:19:33
11438,153,System latency is terrible after the latest update.,Mobile App,Product Quality,0.6719,0,2026-09-12 02:29:33
11439,742,System latency is terrible after the latest update.,Web Review,App Crash,0.9879,0,2026-08-15 01:32:33
11440,804,System latency is terrible after the latest update.,Call Center Note,App Crash,0.7955,0,2026-09-12 05:26:33
11441,985,Love the new design update! Very smooth.,Web Review,Shipping Delay,0.3111,1,2026-09-11 07:05:33
11442,219,"Great quality product, highly recommended!",Mobile App,Billing Defect,0.0046,1,2026-09-04 18:46:33
11443,686,Customer support resolved my billing issue in 5 minutes.,Call Center Note,UI Ergonomics,0.0092,1,2026-08-25 23:23:33
11444,285,Love the new design update! Very smooth.,Web Review,UI Ergonomics,0.3177,1,2026-09-11 20:29:33
11445,201,"Great quality product, highly recommended!",Email Support,Billing Defect,0.2286,1,2026-09-06 23:31:33
11446,937,App keeps crashing during checkout payment step!,Call Center Note,Product Quality,0.7575,0,2026-09-04 18:03:33
11447,938,"Major outage across the platform, unable to log in.",Mobile App,App Crash,0.8156,0,2026-09-12 11:45:33
11448,811,Customer support resolved my billing issue in 5 minutes.,Twitter,Billing Defect,0.3448,1,2026-09-07 18:19:33
11449,231,"Great quality product, highly recommended!",Call Center Note,App Crash,0.0492,1,2026-09-12 05:16:33
11450,871,"Major outage across the platform, unable to log in.",Mobile App,Billing Defect,0.7027,0,2026-08-19 04:38:33
11451,275,"Great quality product, highly recommended!",Web Review,General Praise,0.3865,1,2026-08-13 12:30:33
11452,631,App keeps crashing during checkout payment step!,Email Support,General Praise,0.9785,0,2026-09-06 19:47:33
11453,635,Fast shipping and nice packaging.,Email Support,Product Quality,0.278,1,2026-09-07 00:17:33
11454,145,Love the new design update! Very smooth.,Twitter,Billing Defect,0.265,1,2026-08-22 01:50:33
11455,716,"Double charged on my credit card, fix this immediately!",Call Center Note,App Crash,0.983,0,2026-09-09 10:48:33
11456,532,"Double charged on my credit card, fix this immediately!",Mobile App,Product Quality,0.8916,0,2026-08-25 02:54:33
11457,185,"Double charged on my credit card, fix this immediately!",Email Support,General Praise,0.76,0,2026-09-01 21:00:33
11458,172,Customer support resolved my billing issue in 5 minutes.,Email Support,General Praise,0.2144,1,2026-09-11 21:33:33
11459,763,Package arrived damaged and customer support is ignoring my emails.,Call Center Note,Product Quality,0.8255,0,2026-08-20 23:35:33
11460,906,Customer support resolved my billing issue in 5 minutes.,Web Review,UI Ergonomics,0.1265,1,2026-08-14 16:43:33
11461,227,Customer support resolved my billing issue in 5 minutes.,Call Center Note,Billing Defect,0.031,1,2026-09-07 11:22:33
11462,471,"Great quality product, highly recommended!",Email Support,Shipping Delay,0.2561,1,2026-08-20 04:14:33
11463,200,Customer support resolved my billing issue in 5 minutes.,Web Review,App Crash,0.1095,1,2026-08-30 17:59:33
11464,845,Love the new design update! Very smooth.,Email Support,Product Quality,0.0703,1,2026-09-04 19:12:33
11465,986,Package arrived damaged and customer support is ignoring my emails.,Email Support,Product Quality,0.8802,0,2026-08-25 20:28:33
11466,869,Love the new design update! Very smooth.,Web Review,App Crash,0.0683,1,2026-08-29 05:26:33
11467,230,Fast shipping and nice packaging.,Email Support,Billing Defect,0.1907,1,2026-09-05 21:22:33
11468,681,Customer support resolved my billing issue in 5 minutes.,Email Support,Billing Defect,0.0571,1,2026-09-11 14:35:33
11469,528,Customer support resolved my billing issue in 5 minutes.,Web Review,App Crash,0.2713,1,2026-09-02 11:52:33
11470,382,Fast shipping and nice packaging.,Web Review,Product Quality,0.2009,1,2026-08-23 22:17:33
11471,516,App keeps crashing during checkout payment step!,Email Support,Billing Defect,0.979,0,2026-09-11 09:39:33
11472,269,"Double charged on my credit card, fix this immediately!",Call Center Note,Billing Defect,0.9779,0,2026-08-17 08:48:33
11473,110,Fast shipping and nice packaging.,Web Review,General Praise,0.3233,1,2026-09-05 16:02:33
11474,627,Customer support resolved my billing issue in 5 minutes.,Call Center Note,General Praise,0.1919,1,2026-08-19 04:36:33
11475,863,Customer support resolved my billing issue in 5 minutes.,Mobile App,General Praise,0.3644,1,2026-09-01 20:36:33
11476,856,"Great quality product, highly recommended!",Call Center Note,General Praise,0.0977,1,2026-09-10 05:49:33
11477,790,System latency is terrible after the latest update.,Call Center Note,App Crash,0.9859,0,2026-08-21 11:21:33
11478,152,"Double charged on my credit card, fix this immediately!",Web Review,UI Ergonomics,0.8055,0,2026-08-30 18:29:33
11479,795,App keeps crashing during checkout payment step!,Twitter,Product Quality,0.7352,0,2026-08-18 21:09:33
11480,318,System latency is terrible after the latest update.,Mobile App,General Praise,0.7174,0,2026-09-11 05:49:33
11481,758,Customer support resolved my billing issue in 5 minutes.,Call Center Note,Billing Defect,0.3692,1,2026-09-03 14:11:33
11482,106,Fast shipping and nice packaging.,Call Center Note,UI Ergonomics,0.023,1,2026-08-28 11:16:33
11483,839,App keeps crashing during checkout payment step!,Twitter,UI Ergonomics,0.6021,0,2026-08-29 15:39:33
11484,186,System latency is terrible after the latest update.,Call Center Note,Product Quality,0.7968,0,2026-08-20 12:18:33
11485,887,Fast shipping and nice packaging.,Email Support,App Crash,0.0028,1,2026-09-03 22:32:33
11486,286,Package arrived damaged and customer support is ignoring my emails.,Call Center Note,Shipping Delay,0.7458,0,2026-08-18 11:08:33
11487,462,Fast shipping and nice packaging.,Web Review,Billing Defect,0.0647,1,2026-08-29 20:47:33
11488,391,Customer support resolved my billing issue in 5 minutes.,Mobile App,App Crash,0.0443,1,2026-08-31 11:21:33
11489,264,"Great quality product, highly recommended!",Twitter,UI Ergonomics,0.3604,1,2026-08-25 14:44:33
11490,919,System latency is terrible after the latest update.,Twitter,Shipping Delay,0.82,0,2026-08-31 17:11:33
11491,210,Fast shipping and nice packaging.,Mobile App,App Crash,0.0526,1,2026-08-20 14:18:33
11492,342,App keeps crashing during checkout payment step!,Mobile App,General Praise,0.907,0,2026-08-29 02:07:33
11493,396,Love the new design update! Very smooth.,Email Support,UI Ergonomics,0.1737,1,2026-08-17 06:39:33
11494,846,Customer support resolved my billing issue in 5 minutes.,Call Center Note,App Crash,0.247,1,2026-08-24 20:54:33
11495,817,App keeps crashing during checkout payment step!,Twitter,General Praise,0.9457,0,2026-09-02 01:10:33
11496,614,App keeps crashing during checkout payment step!,Call Center Note,App Crash,0.8805,0,2026-08-22 02:29:33
11497,235,Customer support resolved my billing issue in 5 minutes.,Web Review,Billing Defect,0.0918,1,2026-08-25 23:32:33
11498,731,Customer support resolved my billing issue in 5 minutes.,Twitter,Billing Defect,0.1705,1,2026-08-15 20:04:33
11499,748,"Major outage across the platform, unable to log in.",Twitter,App Crash,0.7226,0,2026-08-28 19:36:33
11500,759,Love the new design update! Very smooth.,Mobile App,Shipping Delay,0.2039,1,2026-08-18 12:37:33
11501,828,Package arrived damaged and customer support is ignoring my emails.,Web Review,App Crash,0.9772,0,2026-08-28 01:46:33
11502,153,Customer support resolved my billing issue in 5 minutes.,Email Support,App Crash,0.0164,1,2026-08-26 12:03:33
11503,358,Love the new design update! Very smooth.,Web Review,Shipping Delay,0.1724,1,2026-08-28 17:32:33
11504,799,App keeps crashing during checkout payment step!,Call Center Note,App Crash,0.8676,0,2026-08-28 14:11:33
11505,703,Package arrived damaged and customer support is ignoring my emails.,Call Center Note,Product Quality,0.8972,0,2026-08-30 10:17:33
11506,493,Package arrived damaged and customer support is ignoring my emails.,Mobile App,Billing Defect,0.684,0,2026-08-19 10:56:33
11507,770,Love the new design update! Very smooth.,Twitter,App Crash,0.0164,1,2026-09-02 19:18:33
11508,733,Love the new design update! Very smooth.,Email Support,Shipping Delay,0.3767,1,2026-09-04 02:22:33
11509,257,Customer support resolved my billing issue in 5 minutes.,Mobile App,App Crash,0.2134,1,2026-08-22 05:48:33
11510,877,"Great quality product, highly recommended!",Call Center Note,Shipping Delay,0.3566,1,2026-08-30 04:11:33
11511,169,Love the new design update! Very smooth.,Web Review,UI Ergonomics,0.3643,1,2026-09-06 08:30:33
11512,380,Love the new design update! Very smooth.,Twitter,Shipping Delay,0.0668,1,2026-08-15 14:03:33
11513,810,Love the new design update! Very smooth.,Twitter,General Praise,0.3178,1,2026-08-31 14:35:33
11514,868,Love the new design update! Very smooth.,Call Center Note,UI Ergonomics,0.0662,1,2026-09-08 02:48:33
11515,311,Fast shipping and nice packaging.,Twitter,Billing Defect,0.2429,1,2026-08-20 19:10:33
11516,909,Love the new design update! Very smooth.,Call Center Note,UI Ergonomics,0.3517,1,2026-09-05 10:43:33
11517,325,"Great quality product, highly recommended!",Email Support,General Praise,0.1214,1,2026-08-25 17:42:33
11518,646,Customer support resolved my billing issue in 5 minutes.,Twitter,Shipping Delay,0.0896,1,2026-08-15 07:06:33
11519,376,"Great quality product, highly recommended!",Mobile App,General Praise,0.3709,1,2026-08-24 20:23:33
11520,101,Customer support resolved my billing issue in 5 minutes.,Email Support,General Praise,0.2138,1,2026-09-10 01:24:33
11521,822,"Great quality product, highly recommended!",Call Center Note,Shipping Delay,0.0333,1,2026-08-19 14:21:33
11522,158,"Great quality product, highly recommended!",Mobile App,Shipping Delay,0.1299,1,2026-08-23 11:55:33
11523,116,"Great quality product, highly recommended!",Call Center Note,General Praise,0.0707,1,2026-09-09 01:29:33
11524,363,System latency is terrible after the latest update.,Call Center Note,Product Quality,0.9783,0,2026-08-22 21:35:33
11525,308,Customer support resolved my billing issue in 5 minutes.,Call Center Note,General Praise,0.1297,1,2026-08-31 12:22:33
11526,544,"Double charged on my credit card, fix this immediately!",Email Support,App Crash,0.8919,0,2026-09-04 07:37:33
11527,935,"Double charged on my credit card, fix this immediately!",Twitter,App Crash,0.7838,0,2026-09-08 10:38:33
11528,121,Customer support resolved my billing issue in 5 minutes.,Email Support,App Crash,0.259,1,2026-08-21 14:32:33
11529,173,Customer support resolved my billing issue in 5 minutes.,Web Review,App Crash,0.0278,1,2026-09-03 05:25:33
11530,639,Fast shipping and nice packaging.,Twitter,General Praise,0.0401,1,2026-08-14 01:17:33
11531,212,Fast shipping and nice packaging.,Mobile App,General Praise,0.1536,1,2026-08-15 12:11:33
11532,742,App keeps crashing during checkout payment step!,Call Center Note,Billing Defect,0.7071,0,2026-08-13 22:40:33
11533,937,Love the new design update! Very smooth.,Email Support,General Praise,0.2169,1,2026-08-17 09:13:33
11534,554,System latency is terrible after the latest update.,Twitter,Shipping Delay,0.9039,0,2026-08-28 14:46:33
11535,808,Customer support resolved my billing issue in 5 minutes.,Email Support,General Praise,0.0224,1,2026-09-07 06:11:33
11536,403,App keeps crashing during checkout payment step!,Mobile App,Product Quality,0.6411,0,2026-09-01 10:01:33
11537,537,"Double charged on my credit card, fix this immediately!",Web Review,App Crash,0.6096,0,2026-08-29 14:19:33
11538,800,Customer support resolved my billing issue in 5 minutes.,Web Review,General Praise,0.3687,1,2026-08-18 15:11:33
11539,388,Love the new design update! Very smooth.,Email Support,Billing Defect,0.0898,1,2026-09-10 12:55:33
11540,186,Package arrived damaged and customer support is ignoring my emails.,Mobile App,Product Quality,0.9693,0,2026-08-20 09:27:33
11541,285,"Major outage across the platform, unable to log in.",Web Review,App Crash,0.7339,0,2026-08-27 05:48:33
11542,206,"Great quality product, highly recommended!",Email Support,UI Ergonomics,0.1394,1,2026-08-30 07:35:33
11543,982,Love the new design update! Very smooth.,Twitter,General Praise,0.3155,1,2026-08-20 04:31:33
11544,915,System latency is terrible after the latest update.,Web Review,Billing Defect,0.7787,0,2026-08-18 16:01:33
11545,430,"Great quality product, highly recommended!",Twitter,App Crash,0.0579,1,2026-08-31 00:57:33
11546,810,System latency is terrible after the latest update.,Web Review,Product Quality,0.7695,0,2026-09-11 11:45:33
11547,662,"Double charged on my credit card, fix this immediately!",Web Review,Product Quality,0.7533,0,2026-09-06 19:26:33
11548,694,Customer support resolved my billing issue in 5 minutes.,Web Review,Product Quality,0.1539,1,2026-09-08 19:36:33
11549,340,Customer support resolved my billing issue in 5 minutes.,Email Support,Billing Defect,0.2812,1,2026-08-22 18:27:33
11550,585,Love the new design update! Very smooth.,Twitter,Billing Defect,0.145,1,2026-08-16 05:29:33
11551,987,"Great quality product, highly recommended!",Twitter,Shipping Delay,0.3395,1,2026-09-03 11:17:33
11552,531,"Major outage across the platform, unable to log in.",Twitter,App Crash,0.9887,0,2026-08-23 17:43:33
11553,812,"Double charged on my credit card, fix this immediately!",Twitter,UI Ergonomics,0.6469,0,2026-08-14 17:11:33
11554,818,Fast shipping and nice packaging.,Mobile App,General Praise,0.1487,1,2026-09-08 23:41:33
11555,130,"Major outage across the platform, unable to log in.",Twitter,Shipping Delay,0.9482,0,2026-08-19 22:43:33
11556,951,App keeps crashing during checkout payment step!,Web Review,App Crash,0.605,0,2026-08-21 19:40:33
11557,815,Customer support resolved my billing issue in 5 minutes.,Email Support,UI Ergonomics,0.2992,1,2026-09-01 05:54:33
11558,811,Fast shipping and nice packaging.,Mobile App,Shipping Delay,0.3126,1,2026-08-18 13:56:33
11559,277,App keeps crashing during checkout payment step!,Call Center Note,App Crash,0.8417,0,2026-08-14 00:17:33
11560,996,System latency is terrible after the latest update.,Web Review,Product Quality,0.872,0,2026-08-25 06:16:33
11561,533,"Great quality product, highly recommended!",Twitter,Shipping Delay,0.2837,1,2026-08-17 16:50:33
11562,510,Customer support resolved my billing issue in 5 minutes.,Call Center Note,Billing Defect,0.2973,1,2026-08-23 11:31:33
11563,179,"Major outage across the platform, unable to log in.",Web Review,UI Ergonomics,0.842,0,2026-08-27 18:30:33
11564,268,Fast shipping and nice packaging.,Mobile App,Shipping Delay,0.3309,1,2026-09-11 22:43:33
11565,179,"Great quality product, highly recommended!",Email Support,Product Quality,0.0434,1,2026-08-28 18:50:33
11566,209,Package arrived damaged and customer support is ignoring my emails.,Mobile App,App Crash,0.6651,0,2026-09-09 16:37:33
11567,306,Package arrived damaged and customer support is ignoring my emails.,Mobile App,App Crash,0.6751,0,2026-08-25 18:25:33
11568,677,"Major outage across the platform, unable to log in.",Web Review,Billing Defect,0.8259,0,2026-08-15 16:53:33
11569,465,Package arrived damaged and customer support is ignoring my emails.,Email Support,UI Ergonomics,0.6034,0,2026-09-05 06:47:33
11570,232,System latency is terrible after the latest update.,Mobile App,Shipping Delay,0.8903,0,2026-09-01 01:16:33
11571,893,Love the new design update! Very smooth.,Twitter,Billing Defect,0.2009,1,2026-09-09 05:46:33
11572,972,Fast shipping and nice packaging.,Mobile App,Shipping Delay,0.2345,1,2026-08-20 20:30:33
11573,740,System latency is terrible after the latest update.,Mobile App,General Praise,0.6315,0,2026-08-24 01:21:33
11574,264,Customer support resolved my billing issue in 5 minutes.,Call Center Note,Product Quality,0.3075,1,2026-09-10 05:19:33
11575,234,"Great quality product, highly recommended!",Email Support,Shipping Delay,0.179,1,2026-08-29 21:58:33
11576,829,Fast shipping and nice packaging.,Web Review,App Crash,0.016,1,2026-08-23 00:30:33
11577,680,Love the new design update! Very smooth.,Web Review,Billing Defect,0.3832,1,2026-08-14 04:44:33
11578,916,Package arrived damaged and customer support is ignoring my emails.,Mobile App,UI Ergonomics,0.8189,0,2026-08-17 19:12:33
11579,265,Customer support resolved my billing issue in 5 minutes.,Mobile App,Shipping Delay,0.3736,1,2026-09-08 18:07:33
11580,827,App keeps crashing during checkout payment step!,Web Review,Shipping Delay,0.6285,0,2026-09-04 01:20:33
11581,243,Fast shipping and nice packaging.,Mobile App,Product Quality,0.2601,1,2026-09-04 17:43:33
11582,977,Package arrived damaged and customer support is ignoring my emails.,Call Center Note,General Praise,0.7604,0,2026-08-19 09:18:33
11583,798,"Great quality product, highly recommended!",Web Review,Product Quality,0.1495,1,2026-09-03 00:02:33
11584,759,App keeps crashing during checkout payment step!,Mobile App,General Praise,0.8482,0,2026-08-24 15:49:33
11585,207,Love the new design update! Very smooth.,Email Support,UI Ergonomics,0.0618,1,2026-08-20 17:13:33
11586,995,Love the new design update! Very smooth.,Web Review,General Praise,0.0892,1,2026-08-17 18:32:33
11587,937,System latency is terrible after the latest update.,Web Review,Billing Defect,0.857,0,2026-08-17 10:09:33
11588,506,App keeps crashing during checkout payment step!,Web Review,App Crash,0.967,0,2026-08-31 18:59:33
11589,718,Package arrived damaged and customer support is ignoring my emails.,Web Review,App Crash,0.737,0,2026-09-04 04:34:33
11590,259,System latency is terrible after the latest update.,Web Review,App Crash,0.6153,0,2026-09-11 15:42:33
11591,715,"Major outage across the platform, unable to log in.",Web Review,Billing Defect,0.6125,0,2026-08-29 23:15:33
11592,316,Fast shipping and nice packaging.,Mobile App,General Praise,0.0854,1,2026-09-01 18:21:33
11593,170,"Double charged on my credit card, fix this immediately!",Email Support,UI Ergonomics,0.6334,0,2026-08-17 05:39:33
11594,637,System latency is terrible after the latest update.,Twitter,General Praise,0.9485,0,2026-08-25 07:48:33
11595,538,App keeps crashing during checkout payment step!,Email Support,Shipping Delay,0.637,0,2026-08-21 00:07:33
11596,648,System latency is terrible after the latest update.,Twitter,General Praise,0.7927,0,2026-09-02 09:30:33
11597,110,"Major outage across the platform, unable to log in.",Call Center Note,Product Quality,0.7557,0,2026-08-22 13:17:33
11598,431,"Major outage across the platform, unable to log in.",Email Support,Billing Defect,0.8466,0,2026-08-20 08:48:33
11599,424,Customer support resolved my billing issue in 5 minutes.,Mobile App,General Praise,0.1998,1,2026-09-01 00:17:33
11600,952,App keeps crashing during checkout payment step!,Twitter,General Praise,0.9953,0,2026-09-02 23:12:33
11601,863,Love the new design update! Very smooth.,Twitter,UI Ergonomics,0.0146,1,2026-09-07 08:53:33
11602,314,Fast shipping and nice packaging.,Twitter,General Praise,0.0865,1,2026-09-08 18:28:33
11603,116,"Great quality product, highly recommended!",Email Support,Shipping Delay,0.3255,1,2026-09-05 08:49:33
11604,764,Love the new design update! Very smooth.,Web Review,UI Ergonomics,0.2797,1,2026-09-01 04:40:33
11605,883,"Major outage across the platform, unable to log in.",Email Support,Billing Defect,0.7703,0,2026-08-21 12:27:33
11606,709,"Great quality product, highly recommended!",Twitter,Product Quality,0.0708,1,2026-09-02 08:30:33
11607,818,System latency is terrible after the latest update.,Call Center Note,Billing Defect,0.8536,0,2026-08-17 12:07:33
11608,116,Love the new design update! Very smooth.,Call Center Note,UI Ergonomics,0.0359,1,2026-08-18 05:39:33
11609,615,Love the new design update! Very smooth.,Call Center Note,Billing Defect,0.2534,1,2026-08-26 17:04:33
11610,565,Customer support resolved my billing issue in 5 minutes.,Call Center Note,UI Ergonomics,0.0892,1,2026-08-18 17:28:33
11611,459,System latency is terrible after the latest update.,Web Review,UI Ergonomics,0.9802,0,2026-09-11 20:46:33
11612,483,Fast shipping and nice packaging.,Twitter,Product Quality,0.003,1,2026-08-26 10:11:33
11613,914,Package arrived damaged and customer support is ignoring my emails.,Web Review,General Praise,0.723,0,2026-08-24 12:15:33
11614,126,System latency is terrible after the latest update.,Twitter,Shipping Delay,0.6131,0,2026-09-06 03:15:33
11615,685,"Great quality product, highly recommended!",Web Review,App Crash,0.134,1,2026-09-07 19:25:33
11616,502,Customer support resolved my billing issue in 5 minutes.,Mobile App,Product Quality,0.2465,1,2026-09-02 01:06:33
11617,277,System latency is terrible after the latest update.,Web Review,Shipping Delay,0.9909,0,2026-09-06 01:25:33
11618,920,"Double charged on my credit card, fix this immediately!",Twitter,Product Quality,0.6398,0,2026-08-18 21:42:33
11619,742,Fast shipping and nice packaging.,Email Support,Product Quality,0.3372,1,2026-08-20 18:08:33
11620,126,Customer support resolved my billing issue in 5 minutes.,Web Review,Billing Defect,0.0373,1,2026-09-11 03:20:33
11621,824,Customer support resolved my billing issue in 5 minutes.,Call Center Note,Billing Defect,0.0111,1,2026-09-08 12:58:33
11622,749,"Double charged on my credit card, fix this immediately!",Email Support,App Crash,0.9934,0,2026-08-24 10:15:33
11623,648,Customer support resolved my billing issue in 5 minutes.,Twitter,General Praise,0.1188,1,2026-08-30 17:24:33
11624,247,Love the new design update! Very smooth.,Mobile App,General Praise,0.11,1,2026-09-08 21:13:33
11625,710,Love the new design update! Very smooth.,Mobile App,Billing Defect,0.1837,1,2026-08-19 23:20:33
11626,606,"Double charged on my credit card, fix this immediately!",Email Support,App Crash,0.6371,0,2026-08-31 07:16:33
11627,598,App keeps crashing during checkout payment step!,Mobile App,App Crash,0.7655,0,2026-09-01 15:04:33
11628,561,Package arrived damaged and customer support is ignoring my emails.,Twitter,App Crash,0.8534,0,2026-08-27 02:44:33
11629,746,"Double charged on my credit card, fix this immediately!",Call Center Note,Billing Defect,0.8639,0,2026-08-18 20:26:33
11630,728,"Great quality product, highly recommended!",Call Center Note,Product Quality,0.1936,1,2026-08-13 17:53:33
11631,297,Package arrived damaged and customer support is ignoring my emails.,Call Center Note,Billing Defect,0.9706,0,2026-09-06 21:49:33
11632,321,"Major outage across the platform, unable to log in.",Email Support,Billing Defect,0.9044,0,2026-08-23 09:23:33
11633,845,"Double charged on my credit card, fix this immediately!",Twitter,Shipping Delay,0.6879,0,2026-08-25 23:20:33
11634,664,Love the new design update! Very smooth.,Email Support,UI Ergonomics,0.1394,1,2026-09-05 01:57:33
11635,356,Fast shipping and nice packaging.,Twitter,App Crash,0.3689,1,2026-08-26 07:26:33
11636,884,Love the new design update! Very smooth.,Call Center Note,Shipping Delay,0.2335,1,2026-08-21 01:21:33
11637,556,Fast shipping and nice packaging.,Web Review,Product Quality,0.1734,1,2026-08-25 21:09:33
11638,539,Love the new design update! Very smooth.,Twitter,Product Quality,0.2429,1,2026-08-29 13:53:33
11639,134,App keeps crashing during checkout payment step!,Call Center Note,Shipping Delay,0.7798,0,2026-09-09 05:26:33
11640,217,"Great quality product, highly recommended!",Twitter,Shipping Delay,0.1593,1,2026-09-02 01:25:33
11641,320,"Great quality product, highly recommended!",Email Support,Shipping Delay,0.0981,1,2026-08-20 02:50:33
11642,804,Love the new design update! Very smooth.,Mobile App,General Praise,0.0039,1,2026-08-28 11:37:33
11643,338,"Major outage across the platform, unable to log in.",Call Center Note,Billing Defect,0.9181,0,2026-08-31 01:35:33
11644,205,"Double charged on my credit card, fix this immediately!",Call Center Note,Shipping Delay,0.8109,0,2026-09-10 04:24:33
11645,761,Love the new design update! Very smooth.,Web Review,General Praise,0.2296,1,2026-09-02 07:46:33
11646,150,Package arrived damaged and customer support is ignoring my emails.,Web Review,UI Ergonomics,0.6793,0,2026-08-15 15:31:33
11647,563,Fast shipping and nice packaging.,Twitter,Product Quality,0.0477,1,2026-08-28 09:27:33
11648,391,Customer support resolved my billing issue in 5 minutes.,Mobile App,General Praise,0.2306,1,2026-09-08 17:17:33
11649,961,Fast shipping and nice packaging.,Web Review,Billing Defect,0.1137,1,2026-09-06 19:06:33
11650,116,Love the new design update! Very smooth.,Mobile App,UI Ergonomics,0.135,1,2026-08-17 20:18:33
11651,381,Fast shipping and nice packaging.,Email Support,Shipping Delay,0.2893,1,2026-08-31 17:41:33
11652,148,Package arrived damaged and customer support is ignoring my emails.,Web Review,Shipping Delay,0.7975,0,2026-09-03 04:56:33
11653,732,Love the new design update! Very smooth.,Mobile App,Billing Defect,0.3372,1,2026-08-23 17:06:33
11654,430,App keeps crashing during checkout payment step!,Web Review,App Crash,0.6555,0,2026-08-21 06:18:33
11655,650,Package arrived damaged and customer support is ignoring my emails.,Mobile App,General Praise,0.9265,0,2026-08-15 21:45:33
11656,411,App keeps crashing during checkout payment step!,Mobile App,Shipping Delay,0.6443,0,2026-08-28 12:07:33
11657,274,Fast shipping and nice packaging.,Twitter,Product Quality,0.108,1,2026-09-03 11:37:33
11658,871,Package arrived damaged and customer support is ignoring my emails.,Call Center Note,UI Ergonomics,0.9448,0,2026-09-11 12:05:33
11659,346,Love the new design update! Very smooth.,Call Center Note,UI Ergonomics,0.2087,1,2026-09-04 19:44:33
11660,594,"Great quality product, highly recommended!",Twitter,Billing Defect,0.3091,1,2026-08-25 12:34:33
11661,955,Love the new design update! Very smooth.,Twitter,General Praise,0.1412,1,2026-09-11 23:15:33
11662,176,Customer support resolved my billing issue in 5 minutes.,Web Review,Billing Defect,0.278,1,2026-08-23 04:29:33
11663,494,"Double charged on my credit card, fix this immediately!",Twitter,UI Ergonomics,0.7873,0,2026-08-18 06:35:33
11664,626,"Major outage across the platform, unable to log in.",Email Support,Shipping Delay,0.9046,0,2026-09-03 04:19:33
11665,324,Love the new design update! Very smooth.,Email Support,UI Ergonomics,0.3657,1,2026-09-03 02:35:33
11666,292,Customer support resolved my billing issue in 5 minutes.,Mobile App,Shipping Delay,0.312,1,2026-09-01 18:32:33
11667,691,Package arrived damaged and customer support is ignoring my emails.,Mobile App,App Crash,0.9806,0,2026-09-03 11:54:33
11668,571,Love the new design update! Very smooth.,Twitter,Shipping Delay,0.0962,1,2026-08-14 19:38:33
11669,221,Fast shipping and nice packaging.,Call Center Note,Billing Defect,0.1408,1,2026-08-29 15:32:33
11670,541,Customer support resolved my billing issue in 5 minutes.,Call Center Note,Shipping Delay,0.1588,1,2026-08-15 22:28:33
11671,764,"Great quality product, highly recommended!",Web Review,General Praise,0.0391,1,2026-09-01 17:59:33
11672,708,"Double charged on my credit card, fix this immediately!",Email Support,Product Quality,0.7611,0,2026-09-10 03:54:33
11673,151,Fast shipping and nice packaging.,Twitter,Billing Defect,0.0437,1,2026-08-23 12:15:33
11674,344,App keeps crashing during checkout payment step!,Mobile App,Product Quality,0.8301,0,2026-08-18 02:46:33
11675,514,"Major outage across the platform, unable to log in.",Web Review,UI Ergonomics,0.8798,0,2026-08-18 03:04:33
11676,275,Package arrived damaged and customer support is ignoring my emails.,Twitter,Shipping Delay,0.7981,0,2026-09-11 12:04:33
11677,103,"Major outage across the platform, unable to log in.",Mobile App,App Crash,0.7152,0,2026-09-05 10:05:33
11678,973,Fast shipping and nice packaging.,Twitter,App Crash,0.2956,1,2026-08-27 20:36:33
11679,566,Customer support resolved my billing issue in 5 minutes.,Twitter,Billing Defect,0.0749,1,2026-09-04 02:48:33
11680,370,Love the new design update! Very smooth.,Mobile App,App Crash,0.071,1,2026-08-13 23:02:33
11681,600,Fast shipping and nice packaging.,Twitter,UI Ergonomics,0.2333,1,2026-08-18 11:53:33
11682,397,App keeps crashing during checkout payment step!,Twitter,Product Quality,0.8269,0,2026-09-05 09:59:33
11683,202,"Double charged on my credit card, fix this immediately!",Email Support,General Praise,0.9101,0,2026-08-28 19:03:33
11684,363,"Great quality product, highly recommended!",Web Review,Shipping Delay,0.3959,1,2026-08-30 02:19:33
11685,441,"Great quality product, highly recommended!",Call Center Note,General Praise,0.1205,1,2026-09-09 15:07:33
11686,845,"Great quality product, highly recommended!",Mobile App,App Crash,0.2743,1,2026-09-01 04:35:33
11687,131,Customer support resolved my billing issue in 5 minutes.,Twitter,Product Quality,0.1429,1,2026-09-02 02:52:33
11688,486,App keeps crashing during checkout payment step!,Mobile App,Shipping Delay,0.6775,0,2026-09-11 01:08:33
11689,997,Fast shipping and nice packaging.,Call Center Note,App Crash,0.3949,1,2026-08-25 14:12:33
11690,500,"Great quality product, highly recommended!",Call Center Note,UI Ergonomics,0.3552,1,2026-08-26 02:09:33
11691,818,App keeps crashing during checkout payment step!,Email Support,Product Quality,0.8318,0,2026-08-19 02:43:33
11692,911,Fast shipping and nice packaging.,Email Support,Shipping Delay,0.2267,1,2026-08-18 12:46:33
11693,250,Fast shipping and nice packaging.,Web Review,General Praise,0.3709,1,2026-08-20 08:30:33
11694,780,"Great quality product, highly recommended!",Twitter,Shipping Delay,0.2495,1,2026-09-04 16:09:33
11695,141,Package arrived damaged and customer support is ignoring my emails.,Twitter,Shipping Delay,0.6062,0,2026-09-09 12:12:33
11696,540,System latency is terrible after the latest update.,Email Support,General Praise,0.7223,0,2026-08-13 13:07:33
11697,390,"Double charged on my credit card, fix this immediately!",Call Center Note,General Praise,0.7401,0,2026-09-08 00:54:33
11698,246,App keeps crashing during checkout payment step!,Twitter,UI Ergonomics,0.8853,0,2026-09-09 03:38:33
11699,584,"Great quality product, highly recommended!",Email Support,App Crash,0.0875,1,2026-09-11 12:14:33
11700,200,System latency is terrible after the latest update.,Email Support,Shipping Delay,0.9868,0,2026-09-09 16:32:33
11701,996,"Major outage across the platform, unable to log in.",Email Support,Product Quality,0.7743,0,2026-08-19 20:26:33
11702,526,Customer support resolved my billing issue in 5 minutes.,Call Center Note,App Crash,0.1,1,2026-08-27 05:15:33
11703,743,Package arrived damaged and customer support is ignoring my emails.,Web Review,Product Quality,0.8267,0,2026-08-21 20:42:33
11704,639,System latency is terrible after the latest update.,Web Review,General Praise,0.6384,0,2026-08-27 18:34:33
11705,537,"Great quality product, highly recommended!",Web Review,UI Ergonomics,0.1874,1,2026-09-01 04:31:33
11706,531,Love the new design update! Very smooth.,Mobile App,App Crash,0.383,1,2026-09-10 12:23:33
11707,482,Customer support resolved my billing issue in 5 minutes.,Twitter,Product Quality,0.2321,1,2026-09-07 05:48:33
11708,965,"Great quality product, highly recommended!",Web Review,App Crash,0.0214,1,2026-08-31 20:32:33
11709,995,Fast shipping and nice packaging.,Call Center Note,UI Ergonomics,0.323,1,2026-08-15 23:46:33
11710,765,Package arrived damaged and customer support is ignoring my emails.,Mobile App,Shipping Delay,0.932,0,2026-09-09 13:35:33
11711,807,Package arrived damaged and customer support is ignoring my emails.,Email Support,Billing Defect,0.8262,0,2026-08-19 01:03:33
11712,628,Love the new design update! Very smooth.,Twitter,Product Quality,0.2806,1,2026-09-05 01:25:33
11713,418,"Double charged on my credit card, fix this immediately!",Mobile App,UI Ergonomics,0.7204,0,2026-09-10 21:37:33
11714,256,Love the new design update! Very smooth.,Call Center Note,Billing Defect,0.0269,1,2026-09-06 04:12:33
11715,125,"Double charged on my credit card, fix this immediately!",Call Center Note,UI Ergonomics,0.6414,0,2026-08-31 07:10:33
11716,595,App keeps crashing during checkout payment step!,Twitter,App Crash,0.72,0,2026-09-07 09:34:33
11717,979,"Major outage across the platform, unable to log in.",Call Center Note,Billing Defect,0.8725,0,2026-09-02 04:39:33
11718,938,App keeps crashing during checkout payment step!,Twitter,App Crash,0.6739,0,2026-09-05 19:07:33
11719,396,Customer support resolved my billing issue in 5 minutes.,Email Support,General Praise,0.1905,1,2026-08-18 01:39:33
11720,381,Fast shipping and nice packaging.,Web Review,UI Ergonomics,0.1469,1,2026-08-18 09:39:33
11721,390,Fast shipping and nice packaging.,Web Review,Billing Defect,0.0593,1,2026-09-08 04:41:33
11722,760,"Major outage across the platform, unable to log in.",Call Center Note,UI Ergonomics,0.7211,0,2026-08-15 10:58:33
11723,579,"Great quality product, highly recommended!",Web Review,Shipping Delay,0.3851,1,2026-08-13 22:22:33
11724,981,"Great quality product, highly recommended!",Call Center Note,App Crash,0.2003,1,2026-08-29 09:26:33
11725,278,Fast shipping and nice packaging.,Twitter,Shipping Delay,0.2052,1,2026-09-12 08:52:33
11726,979,"Great quality product, highly recommended!",Twitter,Shipping Delay,0.1838,1,2026-09-12 11:36:33
11727,959,System latency is terrible after the latest update.,Web Review,UI Ergonomics,0.6273,0,2026-09-03 23:41:33
11728,619,Customer support resolved my billing issue in 5 minutes.,Call Center Note,Shipping Delay,0.2304,1,2026-08-19 09:46:33
11729,949,"Great quality product, highly recommended!",Web Review,Billing Defect,0.2338,1,2026-08-15 13:29:33
11730,781,"Double charged on my credit card, fix this immediately!",Mobile App,UI Ergonomics,0.6927,0,2026-09-04 04:47:33
11731,927,"Double charged on my credit card, fix this immediately!",Twitter,Billing Defect,0.9925,0,2026-08-21 10:28:33
11732,530,Fast shipping and nice packaging.,Mobile App,Billing Defect,0.3023,1,2026-09-10 08:46:33
11733,174,App keeps crashing during checkout payment step!,Web Review,Shipping Delay,0.9387,0,2026-09-10 02:54:33
11734,428,Love the new design update! Very smooth.,Mobile App,General Praise,0.3694,1,2026-09-02 23:24:33
11735,300,"Major outage across the platform, unable to log in.",Email Support,UI Ergonomics,0.8226,0,2026-09-02 10:17:33
11736,265,Customer support resolved my billing issue in 5 minutes.,Web Review,Product Quality,0.0805,1,2026-08-22 06:27:33
11737,784,App keeps crashing during checkout payment step!,Mobile App,App Crash,0.8516,0,2026-08-15 00:43:33
11738,517,Love the new design update! Very smooth.,Call Center Note,Product Quality,0.1438,1,2026-08-16 19:01:33
11739,952,"Major outage across the platform, unable to log in.",Twitter,Product Quality,0.7985,0,2026-09-04 01:51:33
11740,672,"Great quality product, highly recommended!",Twitter,Billing Defect,0.2474,1,2026-09-02 11:47:33
11741,682,Fast shipping and nice packaging.,Mobile App,App Crash,0.3496,1,2026-09-06 01:23:33
11742,152,App keeps crashing during checkout payment step!,Call Center Note,Product Quality,0.7995,0,2026-08-28 13:52:33
11743,357,Package arrived damaged and customer support is ignoring my emails.,Web Review,General Praise,0.9689,0,2026-08-29 19:20:33
11744,176,"Double charged on my credit card, fix this immediately!",Call Center Note,Product Quality,0.9872,0,2026-08-24 12:05:33
11745,158,"Great quality product, highly recommended!",Call Center Note,General Praise,0.1597,1,2026-08-18 13:31:33
11746,133,"Great quality product, highly recommended!",Email Support,UI Ergonomics,0.2613,1,2026-08-25 09:22:33
11747,660,App keeps crashing during checkout payment step!,Email Support,General Praise,0.6557,0,2026-08-16 08:29:33
11748,677,App keeps crashing during checkout payment step!,Call Center Note,General Praise,0.9223,0,2026-08-15 03:02:33
11749,712,App keeps crashing during checkout payment step!,Call Center Note,Billing Defect,0.98,0,2026-09-07 14:43:33
11750,142,Customer support resolved my billing issue in 5 minutes.,Mobile App,Billing Defect,0.1082,1,2026-09-05 02:49:33
11751,410,"Great quality product, highly recommended!",Twitter,Billing Defect,0.1726,1,2026-08-16 00:52:33
11752,980,"Double charged on my credit card, fix this immediately!",Web Review,General Praise,0.8137,0,2026-08-14 08:10:33
11753,486,Love the new design update! Very smooth.,Twitter,UI Ergonomics,0.1548,1,2026-09-01 22:37:33
11754,730,Love the new design update! Very smooth.,Email Support,Shipping Delay,0.1752,1,2026-08-22 07:55:33
11755,194,App keeps crashing during checkout payment step!,Call Center Note,Billing Defect,0.6953,0,2026-08-23 20:29:33
11756,115,Love the new design update! Very smooth.,Twitter,Billing Defect,0.3964,1,2026-08-17 00:05:33
11757,144,System latency is terrible after the latest update.,Email Support,Shipping Delay,0.6722,0,2026-09-09 22:24:33
11758,232,Customer support resolved my billing issue in 5 minutes.,Call Center Note,UI Ergonomics,0.3992,1,2026-09-04 07:17:33
11759,656,Love the new design update! Very smooth.,Twitter,UI Ergonomics,0.0306,1,2026-08-29 18:18:33
11760,409,Customer support resolved my billing issue in 5 minutes.,Email Support,Product Quality,0.1774,1,2026-08-26 20:06:33
11761,373,Customer support resolved my billing issue in 5 minutes.,Email Support,General Praise,0.2107,1,2026-09-07 03:47:33
11762,520,Love the new design update! Very smooth.,Call Center Note,UI Ergonomics,0.1387,1,2026-08-26 06:00:33
11763,633,"Double charged on my credit card, fix this immediately!",Twitter,Shipping Delay,0.9366,0,2026-09-07 16:24:33
11764,906,Package arrived damaged and customer support is ignoring my emails.,Twitter,Billing Defect,0.89,0,2026-08-24 05:12:33
11765,121,Fast shipping and nice packaging.,Web Review,Billing Defect,0.3812,1,2026-08-25 19:39:33
11766,186,System latency is terrible after the latest update.,Mobile App,Shipping Delay,0.7202,0,2026-09-10 06:25:33
11767,493,App keeps crashing during checkout payment step!,Web Review,Billing Defect,0.9451,0,2026-08-23 17:34:33
11768,645,"Double charged on my credit card, fix this immediately!",Mobile App,General Praise,0.864,0,2026-08-27 09:43:33
11769,723,Package arrived damaged and customer support is ignoring my emails.,Email Support,Shipping Delay,0.9749,0,2026-09-09 09:54:33
11770,949,App keeps crashing during checkout payment step!,Call Center Note,UI Ergonomics,0.7364,0,2026-09-01 23:24:33
11771,666,Love the new design update! Very smooth.,Web Review,General Praise,0.323,1,2026-08-26 14:21:33
11772,836,Fast shipping and nice packaging.,Call Center Note,Product Quality,0.1695,1,2026-08-25 08:30:33
11773,343,System latency is terrible after the latest update.,Twitter,Billing Defect,0.7869,0,2026-08-26 07:00:33
11774,355,"Great quality product, highly recommended!",Call Center Note,Shipping Delay,0.0342,1,2026-08-28 21:05:33
11775,470,Love the new design update! Very smooth.,Email Support,General Praise,0.2462,1,2026-08-24 22:02:33
11776,682,Love the new design update! Very smooth.,Email Support,Shipping Delay,0.0497,1,2026-08-21 15:41:33
11777,577,Love the new design update! Very smooth.,Mobile App,Shipping Delay,0.176,1,2026-09-04 08:55:33
11778,693,Customer support resolved my billing issue in 5 minutes.,Mobile App,Shipping Delay,0.1634,1,2026-09-10 07:03:33
11779,364,Love the new design update! Very smooth.,Email Support,Shipping Delay,0.1762,1,2026-09-05 01:00:33
11780,732,"Double charged on my credit card, fix this immediately!",Mobile App,App Crash,0.6588,0,2026-08-18 17:25:33
11781,981,Customer support resolved my billing issue in 5 minutes.,Web Review,Product Quality,0.2738,1,2026-08-27 23:01:33
11782,831,"Double charged on my credit card, fix this immediately!",Email Support,Shipping Delay,0.6243,0,2026-08-14 06:01:33
11783,145,"Great quality product, highly recommended!",Call Center Note,App Crash,0.2162,1,2026-08-29 10:24:33
11784,623,"Major outage across the platform, unable to log in.",Mobile App,App Crash,0.7775,0,2026-08-22 19:17:33
11785,797,Package arrived damaged and customer support is ignoring my emails.,Web Review,Billing Defect,0.9317,0,2026-09-11 17:31:33
11786,434,"Great quality product, highly recommended!",Call Center Note,Shipping Delay,0.0572,1,2026-08-28 18:18:33
11787,401,"Great quality product, highly recommended!",Call Center Note,Billing Defect,0.1883,1,2026-08-20 19:31:33
11788,705,Package arrived damaged and customer support is ignoring my emails.,Mobile App,Billing Defect,0.9721,0,2026-09-10 05:38:33
11789,899,Package arrived damaged and customer support is ignoring my emails.,Call Center Note,Product Quality,0.8043,0,2026-08-29 04:12:33
11790,133,Fast shipping and nice packaging.,Twitter,UI Ergonomics,0.3323,1,2026-09-12 01:31:33
11791,329,App keeps crashing during checkout payment step!,Call Center Note,Product Quality,0.9835,0,2026-09-08 15:51:33
11792,224,Fast shipping and nice packaging.,Call Center Note,Billing Defect,0.2156,1,2026-09-10 03:32:33
11793,299,Fast shipping and nice packaging.,Call Center Note,Shipping Delay,0.1268,1,2026-08-24 14:57:33
11794,422,Package arrived damaged and customer support is ignoring my emails.,Mobile App,General Praise,0.6924,0,2026-08-24 11:42:33
11795,460,Fast shipping and nice packaging.,Call Center Note,Product Quality,0.1448,1,2026-08-16 23:54:33
11796,559,Fast shipping and nice packaging.,Web Review,App Crash,0.2421,1,2026-09-08 10:17:33
11797,350,Customer support resolved my billing issue in 5 minutes.,Web Review,General Praise,0.3703,1,2026-09-09 03:07:33
11798,449,"Great quality product, highly recommended!",Email Support,Billing Defect,0.3183,1,2026-08-17 05:26:33
11799,747,Customer support resolved my billing issue in 5 minutes.,Twitter,App Crash,0.2304,1,2026-09-03 04:22:33
11800,883,App keeps crashing during checkout payment step!,Call Center Note,General Praise,0.7675,0,2026-09-03 21:37:33
11801,953,Customer support resolved my billing issue in 5 minutes.,Web Review,Billing Defect,0.3478,1,2026-08-21 02:45:33
11802,642,Customer support resolved my billing issue in 5 minutes.,Web Review,UI Ergonomics,0.206,1,2026-08-29 15:28:33
11803,400,"Major outage across the platform, unable to log in.",Mobile App,Shipping Delay,0.6966,0,2026-08-28 20:07:33
11804,146,Love the new design update! Very smooth.,Mobile App,General Praise,0.3977,1,2026-08-29 16:07:33
11805,858,Fast shipping and nice packaging.,Web Review,Shipping Delay,0.2523,1,2026-09-04 05:32:33
11806,703,Customer support resolved my billing issue in 5 minutes.,Call Center Note,Billing Defect,0.2895,1,2026-08-20 10:43:33
11807,564,"Great quality product, highly recommended!",Web Review,Shipping Delay,0.2696,1,2026-09-02 11:28:33
11808,891,"Major outage across the platform, unable to log in.",Mobile App,App Crash,0.7117,0,2026-08-27 01:12:33
11809,637,Love the new design update! Very smooth.,Call Center Note,Product Quality,0.2257,1,2026-09-01 22:28:33
11810,282,System latency is terrible after the latest update.,Twitter,Billing Defect,0.7274,0,2026-08-23 02:32:33
11811,730,"Great quality product, highly recommended!",Email Support,Billing Defect,0.2301,1,2026-08-29 07:48:33
11812,598,App keeps crashing during checkout payment step!,Web Review,App Crash,0.7151,0,2026-08-21 05:21:33
11813,871,Package arrived damaged and customer support is ignoring my emails.,Mobile App,App Crash,0.9955,0,2026-08-26 04:45:33
11814,620,"Double charged on my credit card, fix this immediately!",Twitter,Billing Defect,0.8209,0,2026-09-09 18:01:33
11815,952,Customer support resolved my billing issue in 5 minutes.,Mobile App,Shipping Delay,0.0027,1,2026-08-22 18:18:33
11816,555,"Major outage across the platform, unable to log in.",Call Center Note,App Crash,0.7706,0,2026-09-03 04:08:33
11817,965,App keeps crashing during checkout payment step!,Mobile App,UI Ergonomics,0.8865,0,2026-09-02 04:33:33
11818,385,Love the new design update! Very smooth.,Mobile App,Shipping Delay,0.3458,1,2026-08-17 02:46:33
11819,434,Customer support resolved my billing issue in 5 minutes.,Twitter,Product Quality,0.2909,1,2026-08-28 18:41:33
11820,175,"Major outage across the platform, unable to log in.",Email Support,Billing Defect,0.8688,0,2026-09-02 05:46:33
11821,961,"Major outage across the platform, unable to log in.",Call Center Note,General Praise,0.727,0,2026-09-11 00:15:33
11822,700,App keeps crashing during checkout payment step!,Web Review,App Crash,0.6984,0,2026-08-22 10:08:33
11823,291,"Double charged on my credit card, fix this immediately!",Web Review,Shipping Delay,0.7938,0,2026-08-19 12:22:33
11824,977,App keeps crashing during checkout payment step!,Twitter,Billing Defect,0.9803,0,2026-09-02 06:48:33
11825,827,"Major outage across the platform, unable to log in.",Twitter,Billing Defect,0.8445,0,2026-09-01 13:09:33
11826,340,Fast shipping and nice packaging.,Email Support,UI Ergonomics,0.2524,1,2026-09-06 15:49:33
11827,960,Customer support resolved my billing issue in 5 minutes.,Twitter,Shipping Delay,0.3512,1,2026-09-04 14:13:33
11828,656,Fast shipping and nice packaging.,Web Review,Shipping Delay,0.2391,1,2026-08-17 21:51:33
11829,557,Package arrived damaged and customer support is ignoring my emails.,Email Support,App Crash,0.7678,0,2026-09-01 20:28:33
11830,776,System latency is terrible after the latest update.,Mobile App,Shipping Delay,0.9825,0,2026-08-31 15:14:33
11831,984,Fast shipping and nice packaging.,Web Review,Product Quality,0.336,1,2026-09-01 06:26:33
11832,619,Love the new design update! Very smooth.,Twitter,UI Ergonomics,0.1164,1,2026-08-16 06:49:33
11833,425,"Great quality product, highly recommended!",Web Review,UI Ergonomics,0.1046,1,2026-09-02 15:08:33
11834,374,"Great quality product, highly recommended!",Web Review,General Praise,0.3649,1,2026-08-23 11:33:33
11835,519,App keeps crashing during checkout payment step!,Twitter,Product Quality,0.7234,0,2026-08-21 02:19:33
11836,728,Love the new design update! Very smooth.,Call Center Note,Shipping Delay,0.3792,1,2026-08-19 09:33:33
11837,121,Love the new design update! Very smooth.,Web Review,Billing Defect,0.3801,1,2026-08-28 16:27:33
11838,631,Love the new design update! Very smooth.,Twitter,Shipping Delay,0.262,1,2026-09-06 21:17:33
11839,505,"Double charged on my credit card, fix this immediately!",Twitter,Shipping Delay,0.9353,0,2026-08-20 20:42:33
11840,666,"Great quality product, highly recommended!",Twitter,Billing Defect,0.1654,1,2026-08-15 03:49:33
11841,910,Love the new design update! Very smooth.,Web Review,Billing Defect,0.2006,1,2026-08-20 15:50:33
11842,890,App keeps crashing during checkout payment step!,Twitter,Billing Defect,0.692,0,2026-08-25 22:00:33
11843,234,Fast shipping and nice packaging.,Email Support,Billing Defect,0.2621,1,2026-08-17 00:00:33
11844,860,System latency is terrible after the latest update.,Call Center Note,Product Quality,0.6081,0,2026-08-20 10:16:33
11845,298,"Major outage across the platform, unable to log in.",Call Center Note,Shipping Delay,0.917,0,2026-08-28 06:00:33
11846,569,Love the new design update! Very smooth.,Twitter,Billing Defect,0.1209,1,2026-08-25 13:04:33
11847,539,Fast shipping and nice packaging.,Mobile App,App Crash,0.1506,1,2026-09-01 00:14:33
11848,819,Fast shipping and nice packaging.,Call Center Note,Product Quality,0.1138,1,2026-08-24 15:36:33
11849,481,System latency is terrible after the latest update.,Call Center Note,General Praise,0.891,0,2026-08-18 10:42:33
11850,337,Love the new design update! Very smooth.,Web Review,Shipping Delay,0.1589,1,2026-09-04 05:12:33
11851,929,"Great quality product, highly recommended!",Mobile App,Billing Defect,0.133,1,2026-09-08 01:03:33
11852,185,System latency is terrible after the latest update.,Twitter,UI Ergonomics,0.8374,0,2026-09-10 13:47:33
11853,605,Customer support resolved my billing issue in 5 minutes.,Email Support,UI Ergonomics,0.0236,1,2026-08-27 16:36:33
11854,805,Customer support resolved my billing issue in 5 minutes.,Call Center Note,Product Quality,0.0146,1,2026-09-01 00:27:33
11855,873,"Great quality product, highly recommended!",Call Center Note,UI Ergonomics,0.2762,1,2026-09-07 08:20:33
11856,825,Customer support resolved my billing issue in 5 minutes.,Web Review,Product Quality,0.1287,1,2026-09-07 18:24:33
11857,535,Love the new design update! Very smooth.,Mobile App,UI Ergonomics,0.3685,1,2026-08-19 07:26:33
11858,224,Customer support resolved my billing issue in 5 minutes.,Twitter,App Crash,0.208,1,2026-09-02 10:23:33
11859,534,Love the new design update! Very smooth.,Web Review,App Crash,0.0156,1,2026-09-11 00:21:33
11860,995,Fast shipping and nice packaging.,Call Center Note,UI Ergonomics,0.0559,1,2026-08-31 16:40:33
11861,401,App keeps crashing during checkout payment step!,Email Support,Product Quality,0.7742,0,2026-08-28 04:32:33
11862,269,"Great quality product, highly recommended!",Twitter,Shipping Delay,0.2255,1,2026-09-06 07:56:33
11863,357,"Great quality product, highly recommended!",Web Review,UI Ergonomics,0.2078,1,2026-08-23 02:28:33
11864,832,Customer support resolved my billing issue in 5 minutes.,Web Review,Billing Defect,0.0657,1,2026-08-27 23:25:33
11865,105,Customer support resolved my billing issue in 5 minutes.,Email Support,General Praise,0.1882,1,2026-08-22 01:24:33
11866,438,App keeps crashing during checkout payment step!,Mobile App,Billing Defect,0.8151,0,2026-09-10 23:03:33
11867,751,Customer support resolved my billing issue in 5 minutes.,Call Center Note,App Crash,0.0267,1,2026-08-29 05:12:33
11868,940,Customer support resolved my billing issue in 5 minutes.,Web Review,Product Quality,0.1098,1,2026-08-27 10:22:33
11869,674,System latency is terrible after the latest update.,Call Center Note,General Praise,0.9737,0,2026-08-22 17:41:33
11870,321,"Double charged on my credit card, fix this immediately!",Email Support,App Crash,0.6412,0,2026-08-25 11:36:33
11871,701,Customer support resolved my billing issue in 5 minutes.,Web Review,Shipping Delay,0.3188,1,2026-09-08 17:11:33
11872,854,"Great quality product, highly recommended!",Call Center Note,General Praise,0.3867,1,2026-09-04 01:30:33
11873,321,App keeps crashing during checkout payment step!,Mobile App,Product Quality,0.9133,0,2026-08-20 04:25:33
11874,431,System latency is terrible after the latest update.,Mobile App,Billing Defect,0.9498,0,2026-08-19 18:01:33
11875,583,Fast shipping and nice packaging.,Email Support,Shipping Delay,0.1702,1,2026-09-05 06:57:33
11876,486,Customer support resolved my billing issue in 5 minutes.,Web Review,General Praise,0.2241,1,2026-09-04 02:40:33
11877,180,"Major outage across the platform, unable to log in.",Call Center Note,App Crash,0.7268,0,2026-08-21 01:51:33
11878,960,"Great quality product, highly recommended!",Web Review,Product Quality,0.2845,1,2026-09-02 14:48:33
11879,671,"Great quality product, highly recommended!",Web Review,General Praise,0.2741,1,2026-08-29 08:43:33
11880,889,Package arrived damaged and customer support is ignoring my emails.,Email Support,General Praise,0.9421,0,2026-09-01 19:37:33
11881,295,"Major outage across the platform, unable to log in.",Web Review,Shipping Delay,0.9505,0,2026-08-21 15:56:33
11882,469,Love the new design update! Very smooth.,Call Center Note,App Crash,0.0783,1,2026-08-13 18:32:33
11883,477,"Great quality product, highly recommended!",Email Support,Product Quality,0.0376,1,2026-08-14 02:36:33
11884,757,Love the new design update! Very smooth.,Web Review,UI Ergonomics,0.2589,1,2026-08-15 12:23:33
11885,158,"Great quality product, highly recommended!",Call Center Note,Billing Defect,0.1097,1,2026-09-03 22:39:33
11886,584,Fast shipping and nice packaging.,Call Center Note,Billing Defect,0.1961,1,2026-08-15 06:08:33
11887,256,"Major outage across the platform, unable to log in.",Twitter,App Crash,0.9577,0,2026-08-17 06:52:33
11888,752,Love the new design update! Very smooth.,Mobile App,Shipping Delay,0.0224,1,2026-08-17 22:53:33
11889,298,"Great quality product, highly recommended!",Call Center Note,General Praise,0.3934,1,2026-08-14 06:37:33
11890,273,Package arrived damaged and customer support is ignoring my emails.,Call Center Note,General Praise,0.9591,0,2026-08-30 04:27:33
11891,783,Fast shipping and nice packaging.,Mobile App,Billing Defect,0.1666,1,2026-08-22 07:09:33
11892,185,Customer support resolved my billing issue in 5 minutes.,Twitter,UI Ergonomics,0.2916,1,2026-08-15 13:01:33
11893,519,"Double charged on my credit card, fix this immediately!",Twitter,General Praise,0.8755,0,2026-08-13 15:56:33
11894,449,"Major outage across the platform, unable to log in.",Web Review,Product Quality,0.7403,0,2026-08-17 10:27:33
11895,192,Fast shipping and nice packaging.,Twitter,General Praise,0.0353,1,2026-08-17 10:48:33
11896,120,"Major outage across the platform, unable to log in.",Twitter,Billing Defect,0.8506,0,2026-08-23 10:00:33
11897,841,Fast shipping and nice packaging.,Twitter,Shipping Delay,0.0325,1,2026-09-11 17:59:33
11898,855,Customer support resolved my billing issue in 5 minutes.,Twitter,Shipping Delay,0.299,1,2026-08-15 22:40:33
11899,243,Package arrived damaged and customer support is ignoring my emails.,Call Center Note,Shipping Delay,0.6712,0,2026-09-01 08:35:33
11900,304,"Double charged on my credit card, fix this immediately!",Twitter,Shipping Delay,0.7091,0,2026-08-25 07:42:33
11901,463,"Great quality product, highly recommended!",Call Center Note,Shipping Delay,0.037,1,2026-08-29 09:27:33
11902,803,Fast shipping and nice packaging.,Twitter,Billing Defect,0.3318,1,2026-09-09 03:38:33
11903,819,"Major outage across the platform, unable to log in.",Web Review,Shipping Delay,0.8275,0,2026-09-11 22:01:33
11904,816,"Great quality product, highly recommended!",Call Center Note,Product Quality,0.083,1,2026-08-25 18:10:33
11905,578,"Double charged on my credit card, fix this immediately!",Email Support,Billing Defect,0.7033,0,2026-08-18 18:21:33
11906,578,Customer support resolved my billing issue in 5 minutes.,Call Center Note,Shipping Delay,0.1901,1,2026-08-30 11:02:33
11907,207,Love the new design update! Very smooth.,Email Support,Billing Defect,0.1289,1,2026-08-20 17:48:33
11908,202,"Great quality product, highly recommended!",Twitter,Shipping Delay,0.1347,1,2026-08-27 10:57:33
11909,122,"Major outage across the platform, unable to log in.",Web Review,Product Quality,0.6745,0,2026-09-03 06:58:33
11910,584,Fast shipping and nice packaging.,Twitter,Shipping Delay,0.2924,1,2026-08-30 12:04:33
11911,407,Fast shipping and nice packaging.,Mobile App,App Crash,0.2714,1,2026-09-05 14:09:33
11912,691,System latency is terrible after the latest update.,Web Review,Product Quality,0.9096,0,2026-08-14 19:36:33
11913,711,"Double charged on my credit card, fix this immediately!",Call Center Note,App Crash,0.9689,0,2026-09-08 08:48:33
11914,907,Customer support resolved my billing issue in 5 minutes.,Mobile App,Billing Defect,0.2654,1,2026-08-27 14:13:33
11915,569,Customer support resolved my billing issue in 5 minutes.,Web Review,App Crash,0.3206,1,2026-09-03 11:30:33
11916,276,"Double charged on my credit card, fix this immediately!",Email Support,Shipping Delay,0.6802,0,2026-08-17 04:12:33
11917,841,"Double charged on my credit card, fix this immediately!",Twitter,App Crash,0.7746,0,2026-09-07 19:00:33
11918,263,"Great quality product, highly recommended!",Email Support,Billing Defect,0.002,1,2026-09-03 22:39:33
11919,583,Fast shipping and nice packaging.,Web Review,UI Ergonomics,0.2795,1,2026-08-24 13:33:33
11920,425,Love the new design update! Very smooth.,Twitter,UI Ergonomics,0.155,1,2026-08-28 09:42:33
11921,646,Fast shipping and nice packaging.,Mobile App,Shipping Delay,0.2388,1,2026-09-04 17:46:33
11922,723,Love the new design update! Very smooth.,Twitter,App Crash,0.0887,1,2026-08-30 07:36:33
11923,725,"Major outage across the platform, unable to log in.",Call Center Note,UI Ergonomics,0.9293,0,2026-08-17 00:48:33
11924,145,Customer support resolved my billing issue in 5 minutes.,Twitter,Shipping Delay,0.2,1,2026-09-02 07:59:33
11925,535,System latency is terrible after the latest update.,Twitter,Shipping Delay,0.8616,0,2026-08-27 16:12:33
11926,531,System latency is terrible after the latest update.,Twitter,App Crash,0.6139,0,2026-08-31 15:22:33
11927,184,Love the new design update! Very smooth.,Email Support,General Praise,0.186,1,2026-08-18 03:10:33
11928,112,Fast shipping and nice packaging.,Twitter,Shipping Delay,0.3214,1,2026-08-19 09:02:33
11929,111,Fast shipping and nice packaging.,Web Review,General Praise,0.2745,1,2026-08-31 19:11:33
11930,364,Love the new design update! Very smooth.,Mobile App,Product Quality,0.1212,1,2026-09-03 00:13:33
11931,964,Fast shipping and nice packaging.,Call Center Note,Shipping Delay,0.2848,1,2026-08-18 14:23:33
11932,492,Fast shipping and nice packaging.,Mobile App,App Crash,0.2127,1,2026-08-13 20:00:33
11933,627,"Major outage across the platform, unable to log in.",Call Center Note,General Praise,0.7031,0,2026-09-03 05:23:33
11934,224,Fast shipping and nice packaging.,Web Review,UI Ergonomics,0.1127,1,2026-08-30 05:23:33
11935,358,"Major outage across the platform, unable to log in.",Web Review,Shipping Delay,0.8746,0,2026-08-26 23:53:33
11936,283,Love the new design update! Very smooth.,Email Support,Shipping Delay,0.2171,1,2026-09-01 11:57:33
11937,136,Package arrived damaged and customer support is ignoring my emails.,Call Center Note,Billing Defect,0.7191,0,2026-08-29 18:37:33
11938,186,Fast shipping and nice packaging.,Call Center Note,Billing Defect,0.0995,1,2026-08-19 06:06:33
11939,381,Fast shipping and nice packaging.,Email Support,UI Ergonomics,0.1724,1,2026-09-10 14:36:33
11940,141,"Major outage across the platform, unable to log in.",Mobile App,Shipping Delay,0.8276,0,2026-08-30 11:36:33
11941,753,"Major outage across the platform, unable to log in.",Mobile App,UI Ergonomics,0.9907,0,2026-09-05 20:20:33
11942,752,Love the new design update! Very smooth.,Email Support,UI Ergonomics,0.1351,1,2026-08-31 18:07:33
11943,860,Package arrived damaged and customer support is ignoring my emails.,Mobile App,UI Ergonomics,0.8886,0,2026-08-18 19:35:33
11944,730,"Great quality product, highly recommended!",Call Center Note,Product Quality,0.398,1,2026-08-24 14:39:33
11945,584,Love the new design update! Very smooth.,Twitter,UI Ergonomics,0.1497,1,2026-08-26 00:33:33
11946,787,Customer support resolved my billing issue in 5 minutes.,Mobile App,Product Quality,0.1107,1,2026-08-31 15:52:33
11947,516,"Great quality product, highly recommended!",Twitter,Billing Defect,0.1091,1,2026-09-01 08:58:33
11948,713,"Great quality product, highly recommended!",Email Support,Billing Defect,0.1068,1,2026-08-23 14:09:33
11949,726,Package arrived damaged and customer support is ignoring my emails.,Email Support,General Praise,0.6884,0,2026-09-10 05:57:33
11950,436,Fast shipping and nice packaging.,Call Center Note,UI Ergonomics,0.2539,1,2026-09-04 03:54:33
11951,427,Love the new design update! Very smooth.,Email Support,UI Ergonomics,0.1372,1,2026-08-20 10:11:33
11952,814,Fast shipping and nice packaging.,Twitter,General Praise,0.0843,1,2026-08-31 06:28:33
11953,685,App keeps crashing during checkout payment step!,Mobile App,General Praise,0.8643,0,2026-09-04 15:50:33
11954,865,"Great quality product, highly recommended!",Call Center Note,Shipping Delay,0.0332,1,2026-08-27 08:30:33
11955,578,Package arrived damaged and customer support is ignoring my emails.,Mobile App,App Crash,0.7806,0,2026-09-10 22:56:33
11956,525,"Great quality product, highly recommended!",Mobile App,Shipping Delay,0.226,1,2026-09-07 20:11:33
11957,650,Customer support resolved my billing issue in 5 minutes.,Twitter,UI Ergonomics,0.1501,1,2026-09-10 03:33:33
11958,323,Love the new design update! Very smooth.,Twitter,Billing Defect,0.0388,1,2026-09-08 11:49:33
11959,852,"Double charged on my credit card, fix this immediately!",Web Review,Product Quality,0.9067,0,2026-09-01 02:37:33
11960,713,"Double charged on my credit card, fix this immediately!",Email Support,Shipping Delay,0.7673,0,2026-08-30 01:06:33
11961,645,"Great quality product, highly recommended!",Web Review,App Crash,0.2009,1,2026-08-31 21:39:33
11962,560,Fast shipping and nice packaging.,Twitter,App Crash,0.1145,1,2026-08-31 17:22:33
11963,881,"Major outage across the platform, unable to log in.",Web Review,General Praise,0.9319,0,2026-08-21 08:34:33
11964,768,Love the new design update! Very smooth.,Web Review,UI Ergonomics,0.1533,1,2026-09-01 04:34:33
11965,241,App keeps crashing during checkout payment step!,Call Center Note,Product Quality,0.8476,0,2026-09-05 10:13:33
11966,432,Fast shipping and nice packaging.,Call Center Note,App Crash,0.3782,1,2026-08-21 02:14:33
11967,479,Fast shipping and nice packaging.,Mobile App,General Praise,0.2737,1,2026-09-09 21:14:33
11968,984,Fast shipping and nice packaging.,Twitter,App Crash,0.2208,1,2026-09-03 08:25:33
11969,829,"Double charged on my credit card, fix this immediately!",Twitter,Shipping Delay,0.6701,0,2026-08-19 13:18:33
11970,572,App keeps crashing during checkout payment step!,Web Review,App Crash,0.6828,0,2026-09-09 23:19:33
11971,572,Customer support resolved my billing issue in 5 minutes.,Call Center Note,General Praise,0.3187,1,2026-08-18 13:49:33
11972,263,"Great quality product, highly recommended!",Twitter,UI Ergonomics,0.3488,1,2026-08-16 16:42:33
11973,516,App keeps crashing during checkout payment step!,Call Center Note,UI Ergonomics,0.8728,0,2026-08-31 01:17:33
11974,833,System latency is terrible after the latest update.,Call Center Note,Billing Defect,0.983,0,2026-09-10 03:23:33
11975,947,Love the new design update! Very smooth.,Mobile App,Shipping Delay,0.1754,1,2026-08-31 15:34:33
11976,833,Love the new design update! Very smooth.,Call Center Note,General Praise,0.1453,1,2026-09-12 01:59:33
11977,967,Love the new design update! Very smooth.,Email Support,Product Quality,0.0414,1,2026-08-18 14:30:33
11978,447,"Great quality product, highly recommended!",Twitter,App Crash,0.1652,1,2026-09-04 11:32:33
11979,810,App keeps crashing during checkout payment step!,Mobile App,UI Ergonomics,0.732,0,2026-09-04 21:20:33
11980,805,"Great quality product, highly recommended!",Web Review,Shipping Delay,0.137,1,2026-09-03 00:20:33
11981,879,"Great quality product, highly recommended!",Twitter,App Crash,0.2378,1,2026-09-06 06:20:33
11982,677,"Double charged on my credit card, fix this immediately!",Email Support,General Praise,0.9521,0,2026-08-26 18:30:33
11983,412,"Double charged on my credit card, fix this immediately!",Web Review,General Praise,0.8271,0,2026-09-02 12:51:33
11984,811,Customer support resolved my billing issue in 5 minutes.,Twitter,App Crash,0.2975,1,2026-09-10 03:54:33
11985,333,System latency is terrible after the latest update.,Mobile App,App Crash,0.7029,0,2026-09-09 01:27:33
11986,472,"Major outage across the platform, unable to log in.",Call Center Note,General Praise,0.6048,0,2026-09-06 00:55:33
11987,759,Customer support resolved my billing issue in 5 minutes.,Twitter,Product Quality,0.389,1,2026-09-05 07:44:33
11988,596,Package arrived damaged and customer support is ignoring my emails.,Twitter,Product Quality,0.7512,0,2026-09-04 10:56:33
11989,166,System latency is terrible after the latest update.,Email Support,App Crash,0.6057,0,2026-08-27 14:15:33
11990,896,"Double charged on my credit card, fix this immediately!",Mobile App,General Praise,0.7113,0,2026-08-22 11:31:33
11991,753,System latency is terrible after the latest update.,Mobile App,General Praise,0.8278,0,2026-09-06 08:53:33
11992,133,Customer support resolved my billing issue in 5 minutes.,Web Review,General Praise,0.1454,1,2026-08-18 00:22:33
11993,647,Love the new design update! Very smooth.,Call Center Note,Billing Defect,0.1086,1,2026-08-16 01:33:33
11994,916,Customer support resolved my billing issue in 5 minutes.,Twitter,General Praise,0.0979,1,2026-09-12 03:16:33
11995,567,Customer support resolved my billing issue in 5 minutes.,Twitter,Billing Defect,0.2759,1,2026-09-10 05:45:33
11996,294,Package arrived damaged and customer support is ignoring my emails.,Mobile App,App Crash,0.6365,0,2026-09-06 07:11:33
11997,699,"Double charged on my credit card, fix this immediately!",Call Center Note,UI Ergonomics,0.691,0,2026-09-03 15:31:33
11998,749,App keeps crashing during checkout payment step!,Mobile App,App Crash,0.7275,0,2026-09-04 06:50:33
11999,202,App keeps crashing during checkout payment step!,Call Center Note,Product Quality,0.7904,0,2026-08-23 07:14:33
12000,695,"Great quality product, highly recommended!",Web Review,Billing Defect,0.2277,1,2026-09-02 15:53:33
12001,750,Customer support resolved my billing issue in 5 minutes.,Call Center Note,UI Ergonomics,0.2356,1,2026-08-13 12:57:33
12002,604,System latency is terrible after the latest update.,Twitter,Shipping Delay,0.8405,0,2026-09-05 14:30:33
12003,406,"Great quality product, highly recommended!",Email Support,Product Quality,0.3806,1,2026-08-24 20:24:33
12004,740,"Major outage across the platform, unable to log in.",Web Review,Billing Defect,0.8012,0,2026-08-21 19:24:33
12005,621,"Great quality product, highly recommended!",Web Review,UI Ergonomics,0.3573,1,2026-08-20 22:35:33
12006,196,System latency is terrible after the latest update.,Web Review,Shipping Delay,0.8692,0,2026-09-11 13:09:33
12007,211,Customer support resolved my billing issue in 5 minutes.,Twitter,App Crash,0.0774,1,2026-08-27 11:57:33
12008,583,"Great quality product, highly recommended!",Mobile App,General Praise,0.3066,1,2026-08-27 04:09:33
12009,258,Customer support resolved my billing issue in 5 minutes.,Email Support,App Crash,0.2284,1,2026-08-22 06:01:33
12010,724,Customer support resolved my billing issue in 5 minutes.,Twitter,Shipping Delay,0.3409,1,2026-09-06 00:32:33
12011,375,Fast shipping and nice packaging.,Twitter,Shipping Delay,0.3119,1,2026-09-03 23:56:33
12012,413,"Great quality product, highly recommended!",Email Support,General Praise,0.1483,1,2026-08-29 15:00:33
12013,535,"Great quality product, highly recommended!",Call Center Note,UI Ergonomics,0.1799,1,2026-09-01 12:01:33
12014,518,System latency is terrible after the latest update.,Email Support,General Praise,0.6221,0,2026-08-19 21:15:33
12015,821,"Great quality product, highly recommended!",Twitter,App Crash,0.0078,1,2026-08-25 03:57:33
12016,537,Package arrived damaged and customer support is ignoring my emails.,Web Review,Shipping Delay,0.6095,0,2026-09-07 21:58:33
12017,732,Customer support resolved my billing issue in 5 minutes.,Call Center Note,UI Ergonomics,0.319,1,2026-08-25 23:39:33
12018,840,"Double charged on my credit card, fix this immediately!",Web Review,General Praise,0.6642,0,2026-09-09 12:03:33
12019,499,Love the new design update! Very smooth.,Web Review,App Crash,0.3125,1,2026-08-26 06:24:33
12020,157,Fast shipping and nice packaging.,Email Support,Shipping Delay,0.0237,1,2026-09-06 23:56:33
12021,237,Package arrived damaged and customer support is ignoring my emails.,Mobile App,Shipping Delay,0.6444,0,2026-09-01 08:22:33
12022,687,Customer support resolved my billing issue in 5 minutes.,Twitter,Product Quality,0.2359,1,2026-08-17 12:32:33
12023,881,"Great quality product, highly recommended!",Email Support,Product Quality,0.2291,1,2026-09-06 16:26:33
12024,888,Love the new design update! Very smooth.,Mobile App,General Praise,0.0562,1,2026-08-27 19:20:33
12025,556,"Great quality product, highly recommended!",Twitter,App Crash,0.362,1,2026-08-28 03:19:33
12026,303,Fast shipping and nice packaging.,Email Support,Shipping Delay,0.1449,1,2026-09-09 23:43:33
12027,757,Love the new design update! Very smooth.,Web Review,UI Ergonomics,0.0561,1,2026-08-31 13:17:33
12028,161,Love the new design update! Very smooth.,Call Center Note,Shipping Delay,0.3327,1,2026-08-14 06:06:33
12029,994,Love the new design update! Very smooth.,Email Support,Product Quality,0.3839,1,2026-09-04 21:49:33
12030,852,Package arrived damaged and customer support is ignoring my emails.,Mobile App,Product Quality,0.8537,0,2026-08-17 17:03:33
12031,917,Love the new design update! Very smooth.,Call Center Note,Billing Defect,0.2127,1,2026-09-08 15:17:33
12032,885,Customer support resolved my billing issue in 5 minutes.,Web Review,Shipping Delay,0.3008,1,2026-09-03 17:06:33
12033,174,Customer support resolved my billing issue in 5 minutes.,Twitter,General Praise,0.2602,1,2026-09-08 16:42:33
12034,857,"Major outage across the platform, unable to log in.",Web Review,Billing Defect,0.9124,0,2026-08-31 18:55:33
12035,499,Love the new design update! Very smooth.,Mobile App,Billing Defect,0.2495,1,2026-08-23 18:25:33
12036,328,"Double charged on my credit card, fix this immediately!",Call Center Note,General Praise,0.7035,0,2026-08-28 09:10:33
12037,688,Customer support resolved my billing issue in 5 minutes.,Email Support,General Praise,0.308,1,2026-09-08 18:29:33
12038,285,"Double charged on my credit card, fix this immediately!",Mobile App,Billing Defect,0.6825,0,2026-09-06 19:03:33
12039,653,Love the new design update! Very smooth.,Email Support,Billing Defect,0.3118,1,2026-08-28 10:05:33
12040,306,Customer support resolved my billing issue in 5 minutes.,Email Support,App Crash,0.2633,1,2026-09-01 19:50:33
12041,322,Customer support resolved my billing issue in 5 minutes.,Email Support,Billing Defect,0.3745,1,2026-08-19 18:23:33
12042,484,Fast shipping and nice packaging.,Mobile App,UI Ergonomics,0.0492,1,2026-08-23 00:14:33
12043,303,System latency is terrible after the latest update.,Twitter,UI Ergonomics,0.7754,0,2026-09-09 09:05:33
12044,618,Love the new design update! Very smooth.,Call Center Note,General Praise,0.3877,1,2026-09-06 00:34:33
12045,600,"Double charged on my credit card, fix this immediately!",Call Center Note,Shipping Delay,0.6481,0,2026-08-27 22:32:33
12046,918,Customer support resolved my billing issue in 5 minutes.,Call Center Note,Shipping Delay,0.3941,1,2026-09-04 06:29:33
12047,116,App keeps crashing during checkout payment step!,Mobile App,UI Ergonomics,0.978,0,2026-09-01 15:11:33
12048,417,Love the new design update! Very smooth.,Mobile App,UI Ergonomics,0.1419,1,2026-09-12 04:34:33
12049,929,App keeps crashing during checkout payment step!,Web Review,UI Ergonomics,0.8602,0,2026-08-14 05:43:33
12050,431,"Great quality product, highly recommended!",Mobile App,App Crash,0.2919,1,2026-08-24 20:23:33
12051,259,App keeps crashing during checkout payment step!,Twitter,General Praise,0.6512,0,2026-09-03 21:34:33
12052,314,Love the new design update! Very smooth.,Email Support,Shipping Delay,0.2385,1,2026-09-10 14:57:33
12053,278,Customer support resolved my billing issue in 5 minutes.,Call Center Note,App Crash,0.1677,1,2026-08-21 18:47:33
12054,130,App keeps crashing during checkout payment step!,Web Review,App Crash,0.9146,0,2026-08-27 10:43:33
12055,371,"Great quality product, highly recommended!",Call Center Note,Shipping Delay,0.3636,1,2026-08-14 19:31:33
12056,581,"Great quality product, highly recommended!",Mobile App,General Praise,0.0114,1,2026-08-20 02:04:33
12057,880,Love the new design update! Very smooth.,Call Center Note,General Praise,0.2158,1,2026-09-06 10:04:33
12058,328,App keeps crashing during checkout payment step!,Mobile App,UI Ergonomics,0.606,0,2026-08-16 12:51:33
12059,525,System latency is terrible after the latest update.,Call Center Note,UI Ergonomics,0.7858,0,2026-08-19 15:13:33
12060,580,Love the new design update! Very smooth.,Email Support,App Crash,0.1246,1,2026-08-28 05:05:33
12061,784,"Great quality product, highly recommended!",Mobile App,UI Ergonomics,0.3828,1,2026-09-04 22:41:33
12062,627,Customer support resolved my billing issue in 5 minutes.,Twitter,App Crash,0.0503,1,2026-08-23 18:46:33
12063,389,Love the new design update! Very smooth.,Call Center Note,Billing Defect,0.2869,1,2026-08-24 21:14:33
12064,408,"Double charged on my credit card, fix this immediately!",Email Support,General Praise,0.892,0,2026-09-03 13:12:33
12065,234,"Great quality product, highly recommended!",Email Support,UI Ergonomics,0.304,1,2026-08-30 13:45:33
12066,918,Love the new design update! Very smooth.,Web Review,General Praise,0.2992,1,2026-08-15 16:51:33
12067,749,Customer support resolved my billing issue in 5 minutes.,Mobile App,App Crash,0.0057,1,2026-08-20 21:14:33
12068,595,App keeps crashing during checkout payment step!,Email Support,App Crash,0.8288,0,2026-09-11 03:08:33
12069,319,Fast shipping and nice packaging.,Web Review,Product Quality,0.1808,1,2026-08-25 11:28:33
12070,771,Love the new design update! Very smooth.,Call Center Note,Shipping Delay,0.298,1,2026-08-28 20:47:33
12071,926,Customer support resolved my billing issue in 5 minutes.,Web Review,Product Quality,0.1021,1,2026-09-03 06:50:33
12072,369,"Great quality product, highly recommended!",Mobile App,Shipping Delay,0.3053,1,2026-09-01 22:17:33
12073,568,Customer support resolved my billing issue in 5 minutes.,Mobile App,Billing Defect,0.0378,1,2026-09-07 13:40:33
12074,414,Customer support resolved my billing issue in 5 minutes.,Web Review,UI Ergonomics,0.3493,1,2026-09-07 16:45:33
12075,616,Love the new design update! Very smooth.,Twitter,UI Ergonomics,0.3865,1,2026-09-05 18:27:33
12076,303,"Double charged on my credit card, fix this immediately!",Email Support,Product Quality,0.9104,0,2026-09-09 20:47:33
12077,471,Love the new design update! Very smooth.,Call Center Note,App Crash,0.3201,1,2026-09-06 16:16:33
12078,269,"Double charged on my credit card, fix this immediately!",Call Center Note,App Crash,0.6401,0,2026-08-20 10:29:33
12079,385,Fast shipping and nice packaging.,Mobile App,UI Ergonomics,0.3433,1,2026-08-27 00:16:33
12080,587,"Major outage across the platform, unable to log in.",Web Review,Shipping Delay,0.9888,0,2026-08-19 17:05:33
12081,357,"Great quality product, highly recommended!",Call Center Note,General Praise,0.0001,1,2026-08-27 16:46:33
12082,168,"Major outage across the platform, unable to log in.",Mobile App,UI Ergonomics,0.8376,0,2026-08-19 21:39:33
12083,926,"Double charged on my credit card, fix this immediately!",Twitter,UI Ergonomics,0.9058,0,2026-08-20 18:34:33
12084,354,Fast shipping and nice packaging.,Email Support,Billing Defect,0.2366,1,2026-08-23 19:36:33
12085,511,"Great quality product, highly recommended!",Mobile App,General Praise,0.0562,1,2026-09-09 04:24:33
12086,245,Customer support resolved my billing issue in 5 minutes.,Email Support,Shipping Delay,0.0823,1,2026-08-14 00:10:33
12087,890,"Great quality product, highly recommended!",Call Center Note,UI Ergonomics,0.2097,1,2026-08-24 02:01:33
12088,654,"Great quality product, highly recommended!",Call Center Note,UI Ergonomics,0.3289,1,2026-08-20 12:16:33
12089,141,Package arrived damaged and customer support is ignoring my emails.,Web Review,Shipping Delay,0.9501,0,2026-08-18 15:39:33
12090,997,Fast shipping and nice packaging.,Web Review,Shipping Delay,0.234,1,2026-08-23 17:46:33
12091,717,Love the new design update! Very smooth.,Call Center Note,Shipping Delay,0.399,1,2026-08-24 11:58:33
12092,542,Fast shipping and nice packaging.,Web Review,Billing Defect,0.3347,1,2026-09-11 13:20:33
12093,850,Package arrived damaged and customer support is ignoring my emails.,Email Support,Shipping Delay,0.9369,0,2026-09-11 15:45:33
12094,357,Fast shipping and nice packaging.,Email Support,Billing Defect,0.2668,1,2026-08-14 02:32:33
12095,606,System latency is terrible after the latest update.,Twitter,Product Quality,0.6971,0,2026-09-02 06:12:33
12096,946,Love the new design update! Very smooth.,Web Review,Product Quality,0.3989,1,2026-09-10 03:01:33
12097,991,Fast shipping and nice packaging.,Web Review,Billing Defect,0.2427,1,2026-09-09 21:35:33
12098,220,App keeps crashing during checkout payment step!,Twitter,Shipping Delay,0.8303,0,2026-09-08 22:03:33
12099,835,Fast shipping and nice packaging.,Mobile App,Shipping Delay,0.3261,1,2026-09-11 23:12:33
12100,635,Fast shipping and nice packaging.,Mobile App,UI Ergonomics,0.2293,1,2026-09-11 02:29:33
12101,126,Fast shipping and nice packaging.,Twitter,Product Quality,0.2676,1,2026-08-21 17:49:33
12102,522,Package arrived damaged and customer support is ignoring my emails.,Mobile App,General Praise,0.6395,0,2026-09-03 07:10:33
12103,799,"Great quality product, highly recommended!",Email Support,Shipping Delay,0.1434,1,2026-08-24 20:03:33
12104,815,App keeps crashing during checkout payment step!,Email Support,App Crash,0.7298,0,2026-08-23 01:06:33
12105,871,"Great quality product, highly recommended!",Email Support,App Crash,0.2963,1,2026-09-05 06:22:33
12106,651,"Great quality product, highly recommended!",Twitter,Shipping Delay,0.1407,1,2026-08-27 10:28:33
12107,420,App keeps crashing during checkout payment step!,Call Center Note,UI Ergonomics,0.8558,0,2026-09-11 14:53:33
12108,976,System latency is terrible after the latest update.,Web Review,Shipping Delay,0.6809,0,2026-08-28 20:30:33
12109,272,"Great quality product, highly recommended!",Email Support,Billing Defect,0.3019,1,2026-08-18 14:10:33
12110,817,Package arrived damaged and customer support is ignoring my emails.,Call Center Note,Shipping Delay,0.9635,0,2026-09-07 23:59:33
12111,177,Fast shipping and nice packaging.,Twitter,Billing Defect,0.2474,1,2026-08-17 15:18:33
12112,249,Fast shipping and nice packaging.,Email Support,Product Quality,0.3409,1,2026-08-29 14:51:33
12113,853,System latency is terrible after the latest update.,Email Support,Product Quality,0.6415,0,2026-09-08 11:07:33
12114,553,"Great quality product, highly recommended!",Mobile App,App Crash,0.3998,1,2026-09-07 10:57:33
12115,329,Package arrived damaged and customer support is ignoring my emails.,Twitter,App Crash,0.6105,0,2026-08-23 19:05:33
12116,403,Customer support resolved my billing issue in 5 minutes.,Twitter,Billing Defect,0.0582,1,2026-09-10 09:07:33
12117,664,Fast shipping and nice packaging.,Call Center Note,App Crash,0.1658,1,2026-09-01 06:47:33
12118,742,"Major outage across the platform, unable to log in.",Call Center Note,UI Ergonomics,0.8324,0,2026-08-25 10:02:33
12119,369,"Great quality product, highly recommended!",Web Review,Shipping Delay,0.3214,1,2026-08-30 02:33:33
12120,465,Customer support resolved my billing issue in 5 minutes.,Mobile App,General Praise,0.1281,1,2026-08-19 15:19:33
12121,692,"Double charged on my credit card, fix this immediately!",Twitter,Billing Defect,0.9182,0,2026-09-05 14:41:33
12122,946,"Great quality product, highly recommended!",Call Center Note,App Crash,0.0419,1,2026-08-29 08:53:33
12123,688,Customer support resolved my billing issue in 5 minutes.,Mobile App,UI Ergonomics,0.1861,1,2026-09-10 16:19:33
12124,275,Fast shipping and nice packaging.,Mobile App,Product Quality,0.0259,1,2026-09-02 22:15:33
12125,588,Love the new design update! Very smooth.,Twitter,Billing Defect,0.3583,1,2026-08-29 15:31:33
12126,845,Package arrived damaged and customer support is ignoring my emails.,Mobile App,General Praise,0.8279,0,2026-09-09 17:18:33
12127,320,Customer support resolved my billing issue in 5 minutes.,Web Review,Shipping Delay,0.3945,1,2026-09-07 00:29:33
12128,683,"Great quality product, highly recommended!",Call Center Note,UI Ergonomics,0.1322,1,2026-08-20 01:57:33
12129,724,"Great quality product, highly recommended!",Mobile App,General Praise,0.3451,1,2026-08-29 19:49:33
12130,642,Love the new design update! Very smooth.,Web Review,General Praise,0.2455,1,2026-08-20 20:29:33
12131,892,Customer support resolved my billing issue in 5 minutes.,Twitter,App Crash,0.3919,1,2026-08-14 20:37:33
12132,439,Fast shipping and nice packaging.,Mobile App,Billing Defect,0.2915,1,2026-08-31 21:12:33
12133,490,Fast shipping and nice packaging.,Web Review,App Crash,0.322,1,2026-08-29 03:23:33
12134,824,Package arrived damaged and customer support is ignoring my emails.,Web Review,Shipping Delay,0.7421,0,2026-09-05 06:12:33
12135,332,Package arrived damaged and customer support is ignoring my emails.,Email Support,General Praise,0.7606,0,2026-09-11 07:49:33
12136,636,System latency is terrible after the latest update.,Email Support,Billing Defect,0.9007,0,2026-09-10 02:30:33
12137,482,"Major outage across the platform, unable to log in.",Mobile App,App Crash,0.6237,0,2026-08-13 14:18:33
12138,493,Love the new design update! Very smooth.,Email Support,Billing Defect,0.0019,1,2026-09-08 08:54:33
12139,293,Love the new design update! Very smooth.,Call Center Note,UI Ergonomics,0.3823,1,2026-08-21 18:58:33
12140,799,"Great quality product, highly recommended!",Twitter,Product Quality,0.0388,1,2026-08-30 13:06:33
12141,890,Fast shipping and nice packaging.,Twitter,Product Quality,0.2825,1,2026-08-20 07:00:33
12142,139,Fast shipping and nice packaging.,Call Center Note,Billing Defect,0.0121,1,2026-08-27 16:50:33
12143,284,Love the new design update! Very smooth.,Call Center Note,Product Quality,0.1396,1,2026-08-21 03:14:33
12144,258,Fast shipping and nice packaging.,Call Center Note,Shipping Delay,0.0773,1,2026-09-03 05:02:33
12145,219,Fast shipping and nice packaging.,Call Center Note,Billing Defect,0.3136,1,2026-08-28 21:58:33
12146,937,"Double charged on my credit card, fix this immediately!",Web Review,App Crash,0.6958,0,2026-08-31 22:00:33
12147,591,App keeps crashing during checkout payment step!,Call Center Note,Billing Defect,0.9666,0,2026-09-06 04:13:33
12148,676,Package arrived damaged and customer support is ignoring my emails.,Call Center Note,General Praise,0.9647,0,2026-09-06 17:25:33
12149,238,Customer support resolved my billing issue in 5 minutes.,Web Review,App Crash,0.113,1,2026-08-26 20:24:33
12150,486,Fast shipping and nice packaging.,Mobile App,UI Ergonomics,0.1617,1,2026-08-14 14:26:33
12151,724,"Great quality product, highly recommended!",Web Review,Shipping Delay,0.2245,1,2026-09-05 03:56:33
12152,815,"Great quality product, highly recommended!",Mobile App,Product Quality,0.3083,1,2026-08-15 09:53:33
12153,701,App keeps crashing during checkout payment step!,Call Center Note,Product Quality,0.7228,0,2026-08-21 09:46:33
12154,148,Love the new design update! Very smooth.,Email Support,UI Ergonomics,0.2137,1,2026-08-22 02:01:33
12155,945,"Major outage across the platform, unable to log in.",Web Review,General Praise,0.621,0,2026-09-05 15:41:33
12156,797,Customer support resolved my billing issue in 5 minutes.,Mobile App,App Crash,0.2035,1,2026-08-18 00:10:33
12157,829,Customer support resolved my billing issue in 5 minutes.,Email Support,Billing Defect,0.3569,1,2026-08-22 18:48:33
12158,490,Love the new design update! Very smooth.,Twitter,General Praise,0.0181,1,2026-08-18 19:28:33
12159,775,Love the new design update! Very smooth.,Email Support,App Crash,0.3618,1,2026-08-31 06:18:33
12160,511,"Great quality product, highly recommended!",Mobile App,App Crash,0.367,1,2026-08-19 23:09:33
12161,532,"Great quality product, highly recommended!",Call Center Note,General Praise,0.3528,1,2026-09-11 00:23:33
12162,110,Package arrived damaged and customer support is ignoring my emails.,Web Review,UI Ergonomics,0.7637,0,2026-08-30 16:20:33
12163,599,"Double charged on my credit card, fix this immediately!",Email Support,Product Quality,0.9267,0,2026-08-13 23:48:33
12164,885,Fast shipping and nice packaging.,Web Review,App Crash,0.0167,1,2026-08-23 15:57:33
12165,910,App keeps crashing during checkout payment step!,Web Review,Billing Defect,0.6461,0,2026-08-21 20:41:33
12166,362,Customer support resolved my billing issue in 5 minutes.,Web Review,Shipping Delay,0.3774,1,2026-09-06 22:09:33
12167,879,"Major outage across the platform, unable to log in.",Mobile App,UI Ergonomics,0.7046,0,2026-08-22 17:11:33
12168,630,Fast shipping and nice packaging.,Mobile App,UI Ergonomics,0.0803,1,2026-09-04 07:24:33
12169,497,"Double charged on my credit card, fix this immediately!",Twitter,Billing Defect,0.6152,0,2026-08-16 14:02:33
12170,856,"Major outage across the platform, unable to log in.",Twitter,UI Ergonomics,0.7484,0,2026-09-09 16:30:33
12171,842,Customer support resolved my billing issue in 5 minutes.,Email Support,Billing Defect,0.3074,1,2026-09-08 09:41:33
12172,356,"Double charged on my credit card, fix this immediately!",Twitter,Shipping Delay,0.7365,0,2026-09-03 13:04:33
12173,256,App keeps crashing during checkout payment step!,Email Support,Product Quality,0.7565,0,2026-08-16 09:56:33
12174,838,"Double charged on my credit card, fix this immediately!",Web Review,Billing Defect,0.7344,0,2026-09-02 13:35:33
12175,394,"Double charged on my credit card, fix this immediately!",Call Center Note,App Crash,0.8407,0,2026-08-20 01:00:33
12176,801,"Great quality product, highly recommended!",Mobile App,UI Ergonomics,0.0227,1,2026-09-06 02:15:33
12177,429,Customer support resolved my billing issue in 5 minutes.,Email Support,Billing Defect,0.2896,1,2026-08-20 01:08:33
12178,103,Customer support resolved my billing issue in 5 minutes.,Call Center Note,Billing Defect,0.0024,1,2026-08-31 03:41:33
12179,880,Love the new design update! Very smooth.,Mobile App,Product Quality,0.3428,1,2026-09-07 08:20:33
12180,760,System latency is terrible after the latest update.,Web Review,Shipping Delay,0.9749,0,2026-09-10 13:18:33
12181,727,"Double charged on my credit card, fix this immediately!",Email Support,Shipping Delay,0.8732,0,2026-09-11 11:51:33
12182,468,Customer support resolved my billing issue in 5 minutes.,Twitter,App Crash,0.1817,1,2026-08-26 13:44:33
12183,497,Customer support resolved my billing issue in 5 minutes.,Email Support,App Crash,0.3852,1,2026-08-30 06:27:33
12184,247,Fast shipping and nice packaging.,Mobile App,UI Ergonomics,0.3222,1,2026-09-01 04:39:33
12185,228,Customer support resolved my billing issue in 5 minutes.,Email Support,App Crash,0.395,1,2026-08-31 23:39:33
12186,563,Fast shipping and nice packaging.,Web Review,UI Ergonomics,0.1842,1,2026-09-03 14:42:33
12187,236,Package arrived damaged and customer support is ignoring my emails.,Call Center Note,App Crash,0.8661,0,2026-08-24 17:07:33
12188,994,"Double charged on my credit card, fix this immediately!",Call Center Note,Shipping Delay,0.8274,0,2026-09-03 14:32:33
12189,414,Fast shipping and nice packaging.,Twitter,UI Ergonomics,0.1499,1,2026-08-19 22:47:33
12190,952,Fast shipping and nice packaging.,Call Center Note,UI Ergonomics,0.1201,1,2026-08-15 19:59:33
12191,260,Package arrived damaged and customer support is ignoring my emails.,Web Review,Product Quality,0.8207,0,2026-09-02 04:02:33
12192,311,System latency is terrible after the latest update.,Web Review,Product Quality,0.6095,0,2026-08-21 08:39:33
12193,756,"Major outage across the platform, unable to log in.",Web Review,Product Quality,0.9077,0,2026-08-22 12:28:33
12194,988,Package arrived damaged and customer support is ignoring my emails.,Twitter,UI Ergonomics,0.7874,0,2026-08-27 21:48:33
12195,905,Love the new design update! Very smooth.,Mobile App,Billing Defect,0.2705,1,2026-08-14 11:51:33
12196,192,App keeps crashing during checkout payment step!,Email Support,Shipping Delay,0.7326,0,2026-08-22 18:09:33
12197,167,Customer support resolved my billing issue in 5 minutes.,Email Support,Product Quality,0.123,1,2026-08-27 21:01:33
12198,820,Fast shipping and nice packaging.,Twitter,Shipping Delay,0.19,1,2026-08-27 07:38:33
12199,255,"Major outage across the platform, unable to log in.",Twitter,UI Ergonomics,0.6639,0,2026-08-18 21:47:33
12200,665,Fast shipping and nice packaging.,Web Review,General Praise,0.0633,1,2026-08-26 07:35:33
12201,779,Customer support resolved my billing issue in 5 minutes.,Twitter,UI Ergonomics,0.3904,1,2026-08-17 22:26:33
12202,584,Customer support resolved my billing issue in 5 minutes.,Web Review,UI Ergonomics,0.3521,1,2026-08-21 06:36:33
12203,698,"Great quality product, highly recommended!",Call Center Note,App Crash,0.3724,1,2026-09-02 21:01:33
12204,680,Fast shipping and nice packaging.,Email Support,Shipping Delay,0.3786,1,2026-08-17 09:16:33
12205,739,Love the new design update! Very smooth.,Email Support,General Praise,0.0709,1,2026-08-31 10:21:33
12206,909,Love the new design update! Very smooth.,Twitter,General Praise,0.3972,1,2026-08-28 02:42:33
12207,918,App keeps crashing during checkout payment step!,Web Review,Billing Defect,0.7419,0,2026-09-10 19:39:33
12208,473,Fast shipping and nice packaging.,Email Support,App Crash,0.3967,1,2026-09-05 21:12:33
12209,124,"Major outage across the platform, unable to log in.",Web Review,Shipping Delay,0.9617,0,2026-08-21 02:41:33
12210,369,"Double charged on my credit card, fix this immediately!",Web Review,UI Ergonomics,0.8802,0,2026-08-28 21:04:33
12211,440,System latency is terrible after the latest update.,Call Center Note,Billing Defect,0.8638,0,2026-08-19 11:07:33
12212,119,Love the new design update! Very smooth.,Email Support,UI Ergonomics,0.2939,1,2026-08-22 14:28:33
12213,811,Fast shipping and nice packaging.,Email Support,General Praise,0.1554,1,2026-08-30 14:10:33
12214,902,"Major outage across the platform, unable to log in.",Web Review,UI Ergonomics,0.9415,0,2026-08-29 02:06:33
12215,665,Package arrived damaged and customer support is ignoring my emails.,Twitter,UI Ergonomics,0.8876,0,2026-08-26 08:02:33
12216,186,System latency is terrible after the latest update.,Email Support,Product Quality,0.9675,0,2026-08-18 16:24:33
12217,209,"Double charged on my credit card, fix this immediately!",Twitter,Billing Defect,0.9225,0,2026-08-21 13:51:33
12218,342,"Double charged on my credit card, fix this immediately!",Mobile App,Billing Defect,0.8288,0,2026-08-13 22:57:33
12219,732,"Great quality product, highly recommended!",Mobile App,App Crash,0.3481,1,2026-09-09 00:56:33
12220,438,Fast shipping and nice packaging.,Mobile App,Product Quality,0.2524,1,2026-08-19 01:38:33
12221,863,"Double charged on my credit card, fix this immediately!",Mobile App,App Crash,0.6798,0,2026-08-17 16:34:33
12222,910,Love the new design update! Very smooth.,Twitter,App Crash,0.0015,1,2026-08-15 19:01:33
12223,642,Fast shipping and nice packaging.,Twitter,UI Ergonomics,0.1282,1,2026-08-22 11:55:33
12224,290,Fast shipping and nice packaging.,Web Review,Shipping Delay,0.2422,1,2026-09-09 10:49:33
12225,619,Love the new design update! Very smooth.,Mobile App,Billing Defect,0.177,1,2026-08-21 12:29:33
12226,655,"Great quality product, highly recommended!",Call Center Note,App Crash,0.0576,1,2026-08-19 03:52:33
12227,968,Love the new design update! Very smooth.,Email Support,App Crash,0.0753,1,2026-08-20 21:49:33
12228,522,"Major outage across the platform, unable to log in.",Call Center Note,General Praise,0.7187,0,2026-08-26 12:09:33
12229,853,Package arrived damaged and customer support is ignoring my emails.,Twitter,Product Quality,0.9298,0,2026-08-13 20:02:33
12230,265,"Great quality product, highly recommended!",Mobile App,Billing Defect,0.1126,1,2026-08-16 08:59:33
12231,937,Love the new design update! Very smooth.,Web Review,Billing Defect,0.2479,1,2026-09-02 19:29:33
12232,889,App keeps crashing during checkout payment step!,Email Support,General Praise,0.7274,0,2026-09-10 01:47:33
12233,844,Love the new design update! Very smooth.,Email Support,UI Ergonomics,0.2277,1,2026-08-29 19:34:33
12234,407,Fast shipping and nice packaging.,Web Review,Shipping Delay,0.1482,1,2026-09-07 08:42:33
12235,274,Customer support resolved my billing issue in 5 minutes.,Mobile App,General Praise,0.0912,1,2026-08-29 13:52:33
12236,915,Fast shipping and nice packaging.,Web Review,UI Ergonomics,0.1297,1,2026-09-03 15:39:33
12237,494,Customer support resolved my billing issue in 5 minutes.,Web Review,Billing Defect,0.2951,1,2026-08-19 20:42:33
12238,747,Fast shipping and nice packaging.,Twitter,UI Ergonomics,0.3959,1,2026-08-30 03:52:33
12239,288,"Double charged on my credit card, fix this immediately!",Twitter,Billing Defect,0.6604,0,2026-08-14 06:19:33
12240,302,"Double charged on my credit card, fix this immediately!",Mobile App,UI Ergonomics,0.7084,0,2026-08-31 08:50:33
12241,294,"Major outage across the platform, unable to log in.",Web Review,Product Quality,0.7111,0,2026-09-05 05:36:33
12242,781,Customer support resolved my billing issue in 5 minutes.,Mobile App,Shipping Delay,0.1949,1,2026-08-18 08:12:33
12243,722,Package arrived damaged and customer support is ignoring my emails.,Email Support,App Crash,0.8824,0,2026-08-24 05:15:33
12244,526,Fast shipping and nice packaging.,Web Review,Billing Defect,0.3214,1,2026-08-27 12:50:33
12245,800,"Great quality product, highly recommended!",Call Center Note,UI Ergonomics,0.2522,1,2026-09-10 08:28:33
12246,449,"Double charged on my credit card, fix this immediately!",Email Support,General Praise,0.8119,0,2026-08-19 08:22:33
12247,557,System latency is terrible after the latest update.,Email Support,UI Ergonomics,0.6252,0,2026-08-24 17:14:33
12248,992,Package arrived damaged and customer support is ignoring my emails.,Email Support,General Praise,0.8753,0,2026-09-04 04:32:33
12249,439,"Great quality product, highly recommended!",Twitter,App Crash,0.2309,1,2026-08-28 03:56:33
12250,724,Customer support resolved my billing issue in 5 minutes.,Twitter,App Crash,0.2832,1,2026-09-04 18:05:33
12251,197,Love the new design update! Very smooth.,Web Review,App Crash,0.1254,1,2026-09-10 21:33:33
12252,717,"Major outage across the platform, unable to log in.",Email Support,Billing Defect,0.7964,0,2026-09-02 23:22:33
12253,382,"Double charged on my credit card, fix this immediately!",Twitter,Shipping Delay,0.9165,0,2026-08-16 04:53:33
12254,435,Customer support resolved my billing issue in 5 minutes.,Email Support,Product Quality,0.2532,1,2026-09-04 11:29:33
12255,596,"Great quality product, highly recommended!",Email Support,Product Quality,0.3827,1,2026-09-06 22:12:33
12256,711,"Double charged on my credit card, fix this immediately!",Call Center Note,Billing Defect,0.9831,0,2026-08-26 23:18:33
12257,616,Customer support resolved my billing issue in 5 minutes.,Email Support,App Crash,0.2094,1,2026-08-30 15:07:33
12258,309,Love the new design update! Very smooth.,Twitter,Shipping Delay,0.1193,1,2026-08-14 16:01:33
12259,576,System latency is terrible after the latest update.,Twitter,UI Ergonomics,0.6315,0,2026-09-11 00:03:33
12260,876,"Double charged on my credit card, fix this immediately!",Email Support,Billing Defect,0.8375,0,2026-08-25 23:12:33
12261,564,Customer support resolved my billing issue in 5 minutes.,Email Support,App Crash,0.2825,1,2026-09-09 05:00:33
12262,988,App keeps crashing during checkout payment step!,Email Support,Product Quality,0.6496,0,2026-09-04 05:32:33
12263,484,Package arrived damaged and customer support is ignoring my emails.,Call Center Note,Billing Defect,0.9327,0,2026-09-11 03:19:33
12264,434,"Great quality product, highly recommended!",Call Center Note,Billing Defect,0.1582,1,2026-09-11 19:25:33
12265,140,"Major outage across the platform, unable to log in.",Call Center Note,Billing Defect,0.9026,0,2026-08-19 12:27:33
12266,204,Love the new design update! Very smooth.,Call Center Note,App Crash,0.056,1,2026-08-24 05:06:33
12267,446,Package arrived damaged and customer support is ignoring my emails.,Mobile App,UI Ergonomics,0.9889,0,2026-08-29 03:41:33
12268,163,Fast shipping and nice packaging.,Call Center Note,UI Ergonomics,0.1602,1,2026-09-11 17:27:33
12269,191,Customer support resolved my billing issue in 5 minutes.,Twitter,UI Ergonomics,0.2192,1,2026-08-20 18:09:33
12270,157,Package arrived damaged and customer support is ignoring my emails.,Call Center Note,Billing Defect,0.691,0,2026-08-15 21:44:33
12271,143,Customer support resolved my billing issue in 5 minutes.,Twitter,App Crash,0.1915,1,2026-08-20 11:07:33
12272,430,Customer support resolved my billing issue in 5 minutes.,Web Review,General Praise,0.2002,1,2026-08-31 12:44:33
12273,785,Package arrived damaged and customer support is ignoring my emails.,Web Review,Product Quality,0.7969,0,2026-08-16 14:38:33
12274,335,"Major outage across the platform, unable to log in.",Call Center Note,UI Ergonomics,0.6144,0,2026-08-13 20:13:33
12275,476,App keeps crashing during checkout payment step!,Call Center Note,App Crash,0.8326,0,2026-08-31 14:14:33
12276,742,"Major outage across the platform, unable to log in.",Call Center Note,Shipping Delay,0.6029,0,2026-08-25 14:34:33
12277,306,Fast shipping and nice packaging.,Call Center Note,Shipping Delay,0.0639,1,2026-08-28 17:45:33
12278,766,Package arrived damaged and customer support is ignoring my emails.,Email Support,UI Ergonomics,0.7571,0,2026-08-14 19:53:33
12279,215,Fast shipping and nice packaging.,Mobile App,UI Ergonomics,0.0818,1,2026-08-18 08:59:33
12280,683,Customer support resolved my billing issue in 5 minutes.,Email Support,General Praise,0.0801,1,2026-08-23 06:32:33
12281,155,"Great quality product, highly recommended!",Twitter,Product Quality,0.1444,1,2026-08-25 00:01:33
12282,321,App keeps crashing during checkout payment step!,Twitter,Shipping Delay,0.724,0,2026-08-22 21:48:33
12283,568,Fast shipping and nice packaging.,Web Review,Product Quality,0.288,1,2026-08-21 00:55:33
12284,392,Fast shipping and nice packaging.,Twitter,Billing Defect,0.2243,1,2026-09-10 13:39:33
12285,734,App keeps crashing during checkout payment step!,Mobile App,Billing Defect,0.9411,0,2026-08-25 23:57:33
12286,846,"Great quality product, highly recommended!",Call Center Note,App Crash,0.178,1,2026-08-17 22:37:33
12287,533,"Double charged on my credit card, fix this immediately!",Email Support,Billing Defect,0.8583,0,2026-08-26 06:13:33
12288,135,Love the new design update! Very smooth.,Mobile App,Shipping Delay,0.119,1,2026-08-19 23:20:33
12289,751,"Double charged on my credit card, fix this immediately!",Mobile App,UI Ergonomics,0.6481,0,2026-08-21 11:06:33
12290,566,App keeps crashing during checkout payment step!,Call Center Note,General Praise,0.8899,0,2026-09-07 21:17:33
12291,591,App keeps crashing during checkout payment step!,Mobile App,General Praise,0.8812,0,2026-08-20 11:51:33
12292,130,System latency is terrible after the latest update.,Mobile App,UI Ergonomics,0.8712,0,2026-09-02 04:48:33
12293,113,Fast shipping and nice packaging.,Call Center Note,Billing Defect,0.07,1,2026-09-12 09:36:33
12294,836,Package arrived damaged and customer support is ignoring my emails.,Web Review,App Crash,0.884,0,2026-08-25 16:21:33
12295,292,Package arrived damaged and customer support is ignoring my emails.,Twitter,General Praise,0.9853,0,2026-09-02 21:44:33
12296,955,Love the new design update! Very smooth.,Web Review,Product Quality,0.3494,1,2026-09-04 18:01:33
12297,190,Love the new design update! Very smooth.,Call Center Note,Shipping Delay,0.1146,1,2026-09-03 06:46:33
12298,480,Customer support resolved my billing issue in 5 minutes.,Call Center Note,Product Quality,0.1493,1,2026-08-20 03:33:33
12299,694,Package arrived damaged and customer support is ignoring my emails.,Web Review,Shipping Delay,0.7628,0,2026-09-03 19:02:33
12300,788,"Great quality product, highly recommended!",Web Review,General Praise,0.0591,1,2026-09-07 04:43:33
12301,359,Fast shipping and nice packaging.,Twitter,Shipping Delay,0.0346,1,2026-08-29 20:10:33
12302,982,Fast shipping and nice packaging.,Twitter,Billing Defect,0.3015,1,2026-08-29 03:33:33
12303,653,Customer support resolved my billing issue in 5 minutes.,Twitter,Product Quality,0.2395,1,2026-08-19 20:48:33
12304,505,Customer support resolved my billing issue in 5 minutes.,Mobile App,UI Ergonomics,0.3299,1,2026-08-18 14:37:33
12305,689,Love the new design update! Very smooth.,Mobile App,Shipping Delay,0.2078,1,2026-09-07 13:39:33
12306,800,Customer support resolved my billing issue in 5 minutes.,Email Support,UI Ergonomics,0.2959,1,2026-08-18 20:07:33
12307,504,Package arrived damaged and customer support is ignoring my emails.,Call Center Note,General Praise,0.8194,0,2026-08-31 09:27:33
12308,804,Package arrived damaged and customer support is ignoring my emails.,Mobile App,App Crash,0.8999,0,2026-09-11 15:58:33
12309,871,Customer support resolved my billing issue in 5 minutes.,Twitter,General Praise,0.3337,1,2026-08-13 13:04:33
12310,173,Love the new design update! Very smooth.,Email Support,App Crash,0.1981,1,2026-09-01 00:00:33
12311,198,"Double charged on my credit card, fix this immediately!",Twitter,Billing Defect,0.8168,0,2026-08-14 06:07:33
12312,947,App keeps crashing during checkout payment step!,Mobile App,Billing Defect,0.6828,0,2026-08-25 01:14:33
12313,466,Love the new design update! Very smooth.,Web Review,Billing Defect,0.1688,1,2026-09-09 17:06:33
12314,411,System latency is terrible after the latest update.,Web Review,Product Quality,0.75,0,2026-09-09 08:30:33
12315,132,Love the new design update! Very smooth.,Web Review,Shipping Delay,0.2716,1,2026-08-29 12:20:33
12316,492,System latency is terrible after the latest update.,Call Center Note,Billing Defect,0.9445,0,2026-09-01 18:07:33
12317,801,"Great quality product, highly recommended!",Web Review,Billing Defect,0.3796,1,2026-08-30 19:26:33
12318,188,System latency is terrible after the latest update.,Web Review,Shipping Delay,0.9036,0,2026-09-07 06:19:33
12319,832,"Double charged on my credit card, fix this immediately!",Mobile App,UI Ergonomics,0.8897,0,2026-08-30 19:18:33
12320,580,Customer support resolved my billing issue in 5 minutes.,Mobile App,Shipping Delay,0.2414,1,2026-08-27 14:48:33
12321,520,Fast shipping and nice packaging.,Mobile App,Billing Defect,0.0866,1,2026-08-19 08:38:33
12322,555,Love the new design update! Very smooth.,Mobile App,Product Quality,0.3742,1,2026-08-21 18:22:33
12323,648,Fast shipping and nice packaging.,Mobile App,Shipping Delay,0.3205,1,2026-09-09 04:06:33
12324,562,"Major outage across the platform, unable to log in.",Email Support,App Crash,0.7964,0,2026-08-15 07:54:33
12325,803,Package arrived damaged and customer support is ignoring my emails.,Twitter,Billing Defect,0.7707,0,2026-08-22 13:54:33
12326,894,Customer support resolved my billing issue in 5 minutes.,Twitter,UI Ergonomics,0.0023,1,2026-08-15 12:20:33
12327,799,"Double charged on my credit card, fix this immediately!",Call Center Note,UI Ergonomics,0.736,0,2026-08-23 22:15:33
12328,242,Love the new design update! Very smooth.,Twitter,General Praise,0.0406,1,2026-09-10 01:27:33
12329,913,Fast shipping and nice packaging.,Web Review,Billing Defect,0.1985,1,2026-09-06 10:02:33
12330,208,"Great quality product, highly recommended!",Web Review,UI Ergonomics,0.2539,1,2026-08-15 01:02:33
12331,168,"Major outage across the platform, unable to log in.",Mobile App,Billing Defect,0.8808,0,2026-08-25 11:26:33
12332,619,"Great quality product, highly recommended!",Twitter,App Crash,0.1899,1,2026-08-19 00:35:33
12333,780,App keeps crashing during checkout payment step!,Twitter,UI Ergonomics,0.8282,0,2026-09-07 08:42:33
12334,908,Package arrived damaged and customer support is ignoring my emails.,Twitter,Product Quality,0.7912,0,2026-09-01 07:48:33
12335,250,App keeps crashing during checkout payment step!,Email Support,App Crash,0.6929,0,2026-08-31 07:10:33
12336,112,App keeps crashing during checkout payment step!,Mobile App,Product Quality,0.8041,0,2026-08-25 14:50:33
12337,930,Love the new design update! Very smooth.,Twitter,Shipping Delay,0.1213,1,2026-08-24 14:34:33
12338,586,Customer support resolved my billing issue in 5 minutes.,Web Review,UI Ergonomics,0.0755,1,2026-08-23 06:17:33
12339,742,System latency is terrible after the latest update.,Call Center Note,Billing Defect,0.8212,0,2026-08-20 04:00:33
12340,169,Customer support resolved my billing issue in 5 minutes.,Web Review,Product Quality,0.3445,1,2026-08-16 19:42:33
12341,523,Customer support resolved my billing issue in 5 minutes.,Email Support,App Crash,0.2508,1,2026-08-25 11:06:33
12342,428,Fast shipping and nice packaging.,Web Review,Billing Defect,0.0172,1,2026-08-22 06:47:33
12343,720,"Great quality product, highly recommended!",Twitter,General Praise,0.1563,1,2026-08-19 07:29:33
12344,873,Fast shipping and nice packaging.,Twitter,App Crash,0.2584,1,2026-09-09 18:39:33
12345,543,Fast shipping and nice packaging.,Call Center Note,Billing Defect,0.3092,1,2026-09-01 12:14:33
12346,895,App keeps crashing during checkout payment step!,Twitter,General Praise,0.8818,0,2026-08-15 08:03:33
12347,765,System latency is terrible after the latest update.,Email Support,Shipping Delay,0.7123,0,2026-09-06 21:05:33
12348,581,"Great quality product, highly recommended!",Call Center Note,UI Ergonomics,0.3422,1,2026-08-31 02:08:33
12349,193,Customer support resolved my billing issue in 5 minutes.,Web Review,Shipping Delay,0.1877,1,2026-09-06 18:18:33
12350,374,Love the new design update! Very smooth.,Email Support,Shipping Delay,0.1006,1,2026-09-09 13:41:33
12351,431,"Great quality product, highly recommended!",Twitter,Product Quality,0.3707,1,2026-08-22 05:19:33
12352,443,Package arrived damaged and customer support is ignoring my emails.,Call Center Note,General Praise,0.6767,0,2026-09-01 05:55:33
12353,774,"Major outage across the platform, unable to log in.",Twitter,Product Quality,0.7695,0,2026-08-19 20:32:33
12354,802,"Great quality product, highly recommended!",Email Support,General Praise,0.076,1,2026-09-07 05:16:33
12355,695,Customer support resolved my billing issue in 5 minutes.,Call Center Note,App Crash,0.3192,1,2026-08-18 20:26:33
12356,310,"Great quality product, highly recommended!",Call Center Note,General Praise,0.2554,1,2026-08-28 20:55:33
12357,501,System latency is terrible after the latest update.,Web Review,General Praise,0.75,0,2026-08-25 20:08:33
12358,249,Fast shipping and nice packaging.,Email Support,Product Quality,0.215,1,2026-08-16 19:06:33
12359,502,System latency is terrible after the latest update.,Mobile App,Billing Defect,0.9252,0,2026-08-22 02:46:33
12360,565,"Great quality product, highly recommended!",Call Center Note,Product Quality,0.3711,1,2026-08-26 03:04:33
12361,152,Fast shipping and nice packaging.,Web Review,General Praise,0.0797,1,2026-09-04 19:08:33
12362,420,Fast shipping and nice packaging.,Mobile App,App Crash,0.1749,1,2026-08-21 18:13:33
12363,171,App keeps crashing during checkout payment step!,Email Support,Billing Defect,0.6164,0,2026-09-07 11:30:33
12364,860,Customer support resolved my billing issue in 5 minutes.,Web Review,App Crash,0.3135,1,2026-08-15 08:02:33
12365,445,Love the new design update! Very smooth.,Call Center Note,General Praise,0.0039,1,2026-08-26 03:09:33
12366,733,"Double charged on my credit card, fix this immediately!",Call Center Note,Product Quality,0.6922,0,2026-08-25 15:45:33
12367,255,"Great quality product, highly recommended!",Mobile App,Product Quality,0.3363,1,2026-09-09 02:25:33
12368,944,"Double charged on my credit card, fix this immediately!",Web Review,App Crash,0.6687,0,2026-09-07 04:06:33
12369,858,Customer support resolved my billing issue in 5 minutes.,Call Center Note,Shipping Delay,0.0365,1,2026-09-04 15:32:33
12370,326,"Double charged on my credit card, fix this immediately!",Twitter,UI Ergonomics,0.9382,0,2026-09-10 06:16:33
12371,386,"Double charged on my credit card, fix this immediately!",Mobile App,Billing Defect,0.9671,0,2026-08-24 09:13:33
12372,714,Fast shipping and nice packaging.,Web Review,UI Ergonomics,0.2319,1,2026-08-23 05:29:33
12373,554,App keeps crashing during checkout payment step!,Web Review,App Crash,0.7634,0,2026-08-31 00:21:33
12374,883,Fast shipping and nice packaging.,Email Support,App Crash,0.0092,1,2026-09-04 21:17:33
12375,611,"Great quality product, highly recommended!",Call Center Note,Product Quality,0.1288,1,2026-08-31 04:06:33
12376,820,Customer support resolved my billing issue in 5 minutes.,Mobile App,Product Quality,0.1492,1,2026-08-30 16:55:33
12377,421,System latency is terrible after the latest update.,Email Support,UI Ergonomics,0.6829,0,2026-08-25 23:51:33
12378,488,Package arrived damaged and customer support is ignoring my emails.,Call Center Note,UI Ergonomics,0.9594,0,2026-08-14 14:55:33
12379,166,Customer support resolved my billing issue in 5 minutes.,Web Review,General Praise,0.2582,1,2026-08-14 12:18:33
12380,120,Package arrived damaged and customer support is ignoring my emails.,Web Review,UI Ergonomics,0.7438,0,2026-09-02 18:49:33
12381,456,Love the new design update! Very smooth.,Twitter,Shipping Delay,0.1749,1,2026-08-30 04:50:33
12382,272,"Great quality product, highly recommended!",Twitter,Product Quality,0.1914,1,2026-09-11 20:56:33
12383,490,Customer support resolved my billing issue in 5 minutes.,Email Support,Billing Defect,0.3384,1,2026-08-23 22:05:33
12384,812,"Double charged on my credit card, fix this immediately!",Call Center Note,Billing Defect,0.637,0,2026-08-24 21:54:33
12385,400,Package arrived damaged and customer support is ignoring my emails.,Twitter,UI Ergonomics,0.7812,0,2026-08-26 04:37:33
12386,419,Customer support resolved my billing issue in 5 minutes.,Twitter,Product Quality,0.0916,1,2026-08-16 13:21:33
12387,686,App keeps crashing during checkout payment step!,Twitter,Shipping Delay,0.8484,0,2026-09-07 10:54:33
12388,341,Fast shipping and nice packaging.,Mobile App,App Crash,0.358,1,2026-09-09 22:39:33
12389,375,Love the new design update! Very smooth.,Twitter,Product Quality,0.3091,1,2026-08-19 04:00:33
12390,256,"Great quality product, highly recommended!",Call Center Note,App Crash,0.2893,1,2026-08-24 16:43:33
12391,884,"Great quality product, highly recommended!",Email Support,Product Quality,0.3422,1,2026-08-14 11:02:33
12392,271,Love the new design update! Very smooth.,Mobile App,UI Ergonomics,0.1575,1,2026-08-20 14:42:33
12393,954,Customer support resolved my billing issue in 5 minutes.,Email Support,Product Quality,0.3447,1,2026-08-26 05:27:33
12394,212,Fast shipping and nice packaging.,Twitter,App Crash,0.0701,1,2026-09-11 15:36:33
12395,486,Love the new design update! Very smooth.,Twitter,Billing Defect,0.0268,1,2026-08-26 14:07:33
12396,504,Fast shipping and nice packaging.,Call Center Note,Product Quality,0.271,1,2026-08-31 21:34:33
12397,632,Fast shipping and nice packaging.,Email Support,Product Quality,0.3848,1,2026-09-08 19:10:33
12398,636,Fast shipping and nice packaging.,Web Review,App Crash,0.3007,1,2026-09-05 09:59:33
12399,311,Customer support resolved my billing issue in 5 minutes.,Mobile App,Product Quality,0.3219,1,2026-08-30 05:49:33
12400,522,Love the new design update! Very smooth.,Web Review,UI Ergonomics,0.2418,1,2026-08-27 03:34:33
12401,868,Package arrived damaged and customer support is ignoring my emails.,Mobile App,App Crash,0.7949,0,2026-09-02 08:08:33
12402,704,Customer support resolved my billing issue in 5 minutes.,Twitter,General Praise,0.18,1,2026-08-27 06:15:33
12403,332,"Double charged on my credit card, fix this immediately!",Web Review,Shipping Delay,0.6066,0,2026-09-04 16:06:33
12404,309,System latency is terrible after the latest update.,Web Review,App Crash,0.7486,0,2026-09-01 10:34:33
12405,755,Customer support resolved my billing issue in 5 minutes.,Mobile App,Shipping Delay,0.3791,1,2026-08-30 12:57:33
12406,769,System latency is terrible after the latest update.,Web Review,Billing Defect,0.9638,0,2026-09-09 17:51:33
12407,141,"Major outage across the platform, unable to log in.",Web Review,Billing Defect,0.8206,0,2026-08-29 13:25:33
12408,269,Package arrived damaged and customer support is ignoring my emails.,Mobile App,Billing Defect,0.9688,0,2026-08-20 03:49:33
12409,621,"Great quality product, highly recommended!",Twitter,General Praise,0.024,1,2026-09-06 05:35:33
12410,917,System latency is terrible after the latest update.,Call Center Note,UI Ergonomics,0.7614,0,2026-08-29 07:21:33
12411,920,"Great quality product, highly recommended!",Call Center Note,Product Quality,0.1472,1,2026-08-19 03:05:33
12412,626,Fast shipping and nice packaging.,Mobile App,General Praise,0.1734,1,2026-09-07 10:58:33
12413,257,Love the new design update! Very smooth.,Web Review,Shipping Delay,0.3995,1,2026-09-02 12:51:33
12414,880,"Great quality product, highly recommended!",Twitter,Billing Defect,0.0576,1,2026-09-10 14:12:33
12415,145,System latency is terrible after the latest update.,Email Support,Billing Defect,0.6881,0,2026-08-19 13:37:33
12416,918,"Major outage across the platform, unable to log in.",Twitter,UI Ergonomics,0.6775,0,2026-09-07 09:56:33
12417,167,Customer support resolved my billing issue in 5 minutes.,Twitter,Billing Defect,0.0002,1,2026-08-25 14:25:33
12418,269,Love the new design update! Very smooth.,Web Review,Billing Defect,0.0876,1,2026-08-17 03:45:33
12419,481,"Great quality product, highly recommended!",Web Review,Shipping Delay,0.2467,1,2026-09-08 18:42:33
12420,434,"Great quality product, highly recommended!",Call Center Note,App Crash,0.2526,1,2026-09-09 08:36:33
12421,896,"Great quality product, highly recommended!",Twitter,App Crash,0.3225,1,2026-08-14 12:41:33
12422,621,"Great quality product, highly recommended!",Email Support,UI Ergonomics,0.1313,1,2026-08-31 22:28:33
12423,983,"Major outage across the platform, unable to log in.",Email Support,Billing Defect,0.7201,0,2026-08-20 06:02:33
12424,354,Customer support resolved my billing issue in 5 minutes.,Web Review,App Crash,0.3523,1,2026-08-18 00:06:33
12425,509,"Great quality product, highly recommended!",Web Review,Product Quality,0.1651,1,2026-08-28 14:11:33
12426,592,"Double charged on my credit card, fix this immediately!",Mobile App,Shipping Delay,0.665,0,2026-08-16 02:34:33
12427,584,Fast shipping and nice packaging.,Mobile App,Shipping Delay,0.0616,1,2026-08-30 08:58:33
12428,603,"Double charged on my credit card, fix this immediately!",Web Review,Product Quality,0.7946,0,2026-08-23 06:11:33
12429,725,Customer support resolved my billing issue in 5 minutes.,Twitter,Shipping Delay,0.1146,1,2026-08-20 18:17:33
12430,203,Fast shipping and nice packaging.,Mobile App,Billing Defect,0.3413,1,2026-08-13 21:41:33
12431,194,System latency is terrible after the latest update.,Twitter,Billing Defect,0.7971,0,2026-08-13 14:41:33
12432,963,Love the new design update! Very smooth.,Email Support,General Praise,0.0534,1,2026-08-29 18:37:33
12433,417,Love the new design update! Very smooth.,Email Support,Billing Defect,0.0162,1,2026-08-15 06:57:33
12434,729,Love the new design update! Very smooth.,Mobile App,App Crash,0.3953,1,2026-08-21 06:01:33
12435,707,Fast shipping and nice packaging.,Email Support,Product Quality,0.043,1,2026-09-06 11:02:33
12436,166,"Major outage across the platform, unable to log in.",Web Review,Product Quality,0.7138,0,2026-08-25 08:23:33
12437,721,"Major outage across the platform, unable to log in.",Twitter,General Praise,0.6384,0,2026-08-26 10:17:33
12438,811,Package arrived damaged and customer support is ignoring my emails.,Web Review,UI Ergonomics,0.866,0,2026-08-29 20:16:33
12439,822,"Great quality product, highly recommended!",Web Review,UI Ergonomics,0.1175,1,2026-08-24 05:14:33
12440,315,"Great quality product, highly recommended!",Twitter,UI Ergonomics,0.2665,1,2026-08-20 06:51:33
12441,701,Love the new design update! Very smooth.,Mobile App,App Crash,0.0318,1,2026-08-18 10:01:33
12442,175,Customer support resolved my billing issue in 5 minutes.,Email Support,Shipping Delay,0.0597,1,2026-08-28 01:53:33
12443,225,Fast shipping and nice packaging.,Call Center Note,General Praise,0.1741,1,2026-09-09 06:18:33
12444,771,"Double charged on my credit card, fix this immediately!",Mobile App,Shipping Delay,0.9582,0,2026-08-20 15:23:33
12445,132,Package arrived damaged and customer support is ignoring my emails.,Email Support,UI Ergonomics,0.6264,0,2026-08-22 00:11:33
12446,507,Fast shipping and nice packaging.,Email Support,UI Ergonomics,0.2633,1,2026-08-19 13:34:33
12447,869,Fast shipping and nice packaging.,Call Center Note,General Praise,0.2634,1,2026-08-21 21:21:33
12448,525,"Double charged on my credit card, fix this immediately!",Mobile App,UI Ergonomics,0.9817,0,2026-08-28 17:50:33
12449,718,"Double charged on my credit card, fix this immediately!",Web Review,Shipping Delay,0.696,0,2026-08-22 17:20:33
12450,109,Fast shipping and nice packaging.,Email Support,General Praise,0.0154,1,2026-08-29 03:01:33
12451,207,"Great quality product, highly recommended!",Web Review,Product Quality,0.1349,1,2026-08-22 16:44:33
12452,978,Package arrived damaged and customer support is ignoring my emails.,Call Center Note,Shipping Delay,0.8721,0,2026-09-06 16:16:33
12453,727,"Major outage across the platform, unable to log in.",Call Center Note,App Crash,0.9975,0,2026-09-02 07:29:33
12454,836,Love the new design update! Very smooth.,Call Center Note,Product Quality,0.182,1,2026-08-26 17:23:33
12455,440,Fast shipping and nice packaging.,Mobile App,UI Ergonomics,0.0178,1,2026-09-09 08:06:33
12456,999,Love the new design update! Very smooth.,Web Review,UI Ergonomics,0.1898,1,2026-09-10 05:20:33
12457,328,"Great quality product, highly recommended!",Web Review,Shipping Delay,0.3339,1,2026-08-27 04:24:33
12458,784,Love the new design update! Very smooth.,Call Center Note,Shipping Delay,0.3267,1,2026-08-31 11:39:33
12459,327,"Major outage across the platform, unable to log in.",Web Review,App Crash,0.6917,0,2026-08-31 14:01:33
12460,921,App keeps crashing during checkout payment step!,Email Support,Product Quality,0.9835,0,2026-09-07 09:23:33
12461,850,Love the new design update! Very smooth.,Email Support,Product Quality,0.2007,1,2026-08-15 20:20:33
12462,665,Customer support resolved my billing issue in 5 minutes.,Email Support,Billing Defect,0.2136,1,2026-08-24 04:55:33
12463,436,Fast shipping and nice packaging.,Twitter,Product Quality,0.2243,1,2026-09-12 09:03:33
12464,762,System latency is terrible after the latest update.,Twitter,UI Ergonomics,0.6319,0,2026-08-14 11:00:33
12465,399,Package arrived damaged and customer support is ignoring my emails.,Email Support,UI Ergonomics,0.6676,0,2026-08-20 21:12:33
12466,470,Customer support resolved my billing issue in 5 minutes.,Mobile App,Shipping Delay,0.2917,1,2026-08-27 14:27:33
12467,259,Love the new design update! Very smooth.,Mobile App,Billing Defect,0.0305,1,2026-08-24 10:04:33
12468,216,Package arrived damaged and customer support is ignoring my emails.,Web Review,Shipping Delay,0.9861,0,2026-08-19 01:03:33
12469,592,Fast shipping and nice packaging.,Call Center Note,Shipping Delay,0.2043,1,2026-08-17 07:22:33
12470,497,App keeps crashing during checkout payment step!,Twitter,Product Quality,0.7413,0,2026-08-24 21:47:33
12471,266,Love the new design update! Very smooth.,Twitter,Shipping Delay,0.3968,1,2026-08-20 19:33:33
12472,875,Customer support resolved my billing issue in 5 minutes.,Email Support,Billing Defect,0.1915,1,2026-08-28 23:59:33
12473,624,Fast shipping and nice packaging.,Web Review,App Crash,0.0414,1,2026-08-21 03:23:33
12474,865,System latency is terrible after the latest update.,Mobile App,General Praise,0.9094,0,2026-08-23 20:05:33
12475,568,Fast shipping and nice packaging.,Web Review,Shipping Delay,0.223,1,2026-09-11 18:13:33
12476,292,App keeps crashing during checkout payment step!,Mobile App,Product Quality,0.6146,0,2026-08-29 16:37:33
12477,525,Package arrived damaged and customer support is ignoring my emails.,Mobile App,Shipping Delay,0.8595,0,2026-09-03 14:39:33
12478,674,App keeps crashing during checkout payment step!,Mobile App,Product Quality,0.8379,0,2026-08-19 16:42:33
12479,930,"Great quality product, highly recommended!",Mobile App,General Praise,0.0479,1,2026-08-27 22:44:33
12480,400,"Major outage across the platform, unable to log in.",Mobile App,Billing Defect,0.9289,0,2026-08-16 00:23:33
12481,935,Customer support resolved my billing issue in 5 minutes.,Web Review,App Crash,0.2784,1,2026-08-26 06:58:33
12482,643,System latency is terrible after the latest update.,Email Support,Billing Defect,0.9925,0,2026-09-05 04:40:33
12483,126,Package arrived damaged and customer support is ignoring my emails.,Email Support,Shipping Delay,0.7627,0,2026-08-21 22:14:33
12484,717,Customer support resolved my billing issue in 5 minutes.,Call Center Note,Billing Defect,0.3726,1,2026-08-30 00:23:33
12485,425,Package arrived damaged and customer support is ignoring my emails.,Mobile App,App Crash,0.9072,0,2026-09-08 18:00:33
12486,383,App keeps crashing during checkout payment step!,Email Support,Product Quality,0.6926,0,2026-09-07 03:40:33
12487,662,Love the new design update! Very smooth.,Call Center Note,General Praise,0.3246,1,2026-09-07 08:51:33
12488,202,"Major outage across the platform, unable to log in.",Web Review,Billing Defect,0.8632,0,2026-08-27 17:05:33
12489,441,Fast shipping and nice packaging.,Email Support,General Praise,0.0372,1,2026-08-15 21:16:33
12490,702,App keeps crashing during checkout payment step!,Mobile App,Billing Defect,0.9796,0,2026-09-04 05:24:33
12491,209,Package arrived damaged and customer support is ignoring my emails.,Email Support,App Crash,0.7624,0,2026-09-09 09:47:33
12492,272,Customer support resolved my billing issue in 5 minutes.,Twitter,General Praise,0.0328,1,2026-09-08 09:55:33
12493,117,Love the new design update! Very smooth.,Web Review,App Crash,0.2523,1,2026-08-19 06:45:33
12494,517,"Major outage across the platform, unable to log in.",Mobile App,General Praise,0.6954,0,2026-09-06 07:38:33
12495,343,Customer support resolved my billing issue in 5 minutes.,Mobile App,UI Ergonomics,0.1971,1,2026-08-23 02:53:33
12496,640,Fast shipping and nice packaging.,Email Support,Shipping Delay,0.077,1,2026-08-19 17:11:33
12497,394,Fast shipping and nice packaging.,Email Support,App Crash,0.3643,1,2026-09-10 13:40:33
12498,361,Love the new design update! Very smooth.,Call Center Note,UI Ergonomics,0.2828,1,2026-08-13 14:00:33
12499,864,Fast shipping and nice packaging.,Email Support,General Praise,0.2363,1,2026-08-19 08:26:33
12500,354,Love the new design update! Very smooth.,Twitter,General Praise,0.3869,1,2026-08-15 08:19:33
12501,848,"Double charged on my credit card, fix this immediately!",Mobile App,General Praise,0.898,0,2026-08-31 11:33:33
12502,215,"Double charged on my credit card, fix this immediately!",Call Center Note,Billing Defect,0.7106,0,2026-09-12 04:24:33
12503,114,App keeps crashing during checkout payment step!,Web Review,Billing Defect,0.932,0,2026-08-29 01:16:33
12504,763,"Double charged on my credit card, fix this immediately!",Mobile App,Shipping Delay,0.6588,0,2026-08-28 07:31:33
12505,796,Fast shipping and nice packaging.,Email Support,UI Ergonomics,0.2638,1,2026-08-22 16:33:33
12506,461,Customer support resolved my billing issue in 5 minutes.,Twitter,General Praise,0.0827,1,2026-08-24 13:35:33
12507,358,"Great quality product, highly recommended!",Mobile App,UI Ergonomics,0.175,1,2026-09-03 14:46:33
12508,636,App keeps crashing during checkout payment step!,Email Support,App Crash,0.8993,0,2026-09-01 07:57:33
12509,386,Package arrived damaged and customer support is ignoring my emails.,Twitter,UI Ergonomics,0.6563,0,2026-08-14 03:27:33
12510,456,Love the new design update! Very smooth.,Email Support,General Praise,0.2346,1,2026-08-23 17:25:33
12511,499,"Great quality product, highly recommended!",Email Support,App Crash,0.3358,1,2026-09-04 09:05:33
12512,340,"Double charged on my credit card, fix this immediately!",Web Review,UI Ergonomics,0.6069,0,2026-08-23 11:29:33
12513,838,Customer support resolved my billing issue in 5 minutes.,Email Support,Product Quality,0.0439,1,2026-08-25 02:44:33
12514,628,"Great quality product, highly recommended!",Email Support,General Praise,0.3448,1,2026-08-31 21:22:33
12515,209,"Major outage across the platform, unable to log in.",Twitter,Shipping Delay,0.9829,0,2026-08-24 23:46:33
12516,641,Customer support resolved my billing issue in 5 minutes.,Mobile App,App Crash,0.251,1,2026-08-14 09:47:33
12517,449,"Major outage across the platform, unable to log in.",Mobile App,UI Ergonomics,0.7679,0,2026-08-22 07:40:33
12518,535,Package arrived damaged and customer support is ignoring my emails.,Email Support,General Praise,0.8884,0,2026-08-25 21:26:33
12519,716,Fast shipping and nice packaging.,Call Center Note,Product Quality,0.2679,1,2026-08-29 18:13:33
12520,350,System latency is terrible after the latest update.,Email Support,Billing Defect,0.8498,0,2026-08-28 19:34:33
12521,604,"Double charged on my credit card, fix this immediately!",Twitter,UI Ergonomics,0.813,0,2026-09-08 02:44:33
12522,240,App keeps crashing during checkout payment step!,Twitter,UI Ergonomics,0.6413,0,2026-08-15 12:20:33
12523,856,System latency is terrible after the latest update.,Mobile App,Billing Defect,0.814,0,2026-09-07 11:35:33
12524,319,Customer support resolved my billing issue in 5 minutes.,Twitter,Shipping Delay,0.0883,1,2026-08-17 22:12:33
12525,518,App keeps crashing during checkout payment step!,Mobile App,Shipping Delay,0.9673,0,2026-09-11 18:45:33
12526,195,Fast shipping and nice packaging.,Email Support,App Crash,0.3572,1,2026-09-10 08:38:33
12527,649,Package arrived damaged and customer support is ignoring my emails.,Twitter,Billing Defect,0.9164,0,2026-09-04 04:20:33
12528,812,Customer support resolved my billing issue in 5 minutes.,Mobile App,UI Ergonomics,0.2629,1,2026-08-23 08:44:33
12529,615,"Great quality product, highly recommended!",Call Center Note,App Crash,0.04,1,2026-09-08 17:12:33
12530,465,System latency is terrible after the latest update.,Web Review,Product Quality,0.8786,0,2026-08-20 23:52:33
12531,685,App keeps crashing during checkout payment step!,Mobile App,General Praise,0.9923,0,2026-08-26 01:04:33
12532,146,"Double charged on my credit card, fix this immediately!",Twitter,App Crash,0.6937,0,2026-08-23 00:46:33
12533,777,Package arrived damaged and customer support is ignoring my emails.,Web Review,App Crash,0.7843,0,2026-09-10 16:08:33
12534,841,App keeps crashing during checkout payment step!,Twitter,Shipping Delay,0.8903,0,2026-09-11 01:24:33
12535,542,"Great quality product, highly recommended!",Twitter,General Praise,0.3339,1,2026-08-16 09:31:33
12536,107,Customer support resolved my billing issue in 5 minutes.,Twitter,Shipping Delay,0.1895,1,2026-08-15 02:47:33
12537,882,Fast shipping and nice packaging.,Twitter,App Crash,0.0434,1,2026-08-16 20:23:33
12538,816,App keeps crashing during checkout payment step!,Twitter,Shipping Delay,0.7738,0,2026-09-06 04:40:33
12539,261,"Great quality product, highly recommended!",Call Center Note,Product Quality,0.3546,1,2026-09-08 08:03:33
12540,725,System latency is terrible after the latest update.,Web Review,Shipping Delay,0.77,0,2026-08-27 21:16:33
12541,917,"Double charged on my credit card, fix this immediately!",Mobile App,App Crash,0.9705,0,2026-08-31 23:40:33
12542,193,"Major outage across the platform, unable to log in.",Call Center Note,Billing Defect,0.7859,0,2026-08-19 06:53:33
12543,646,Customer support resolved my billing issue in 5 minutes.,Mobile App,Product Quality,0.2948,1,2026-09-04 07:57:33
12544,936,"Major outage across the platform, unable to log in.",Twitter,Billing Defect,0.885,0,2026-09-06 02:09:33
12545,346,"Double charged on my credit card, fix this immediately!",Mobile App,Product Quality,0.9196,0,2026-09-10 03:18:33
12546,665,Love the new design update! Very smooth.,Mobile App,Shipping Delay,0.0966,1,2026-09-06 09:56:33
12547,662,"Great quality product, highly recommended!",Twitter,App Crash,0.1045,1,2026-08-15 12:29:33
12548,908,Customer support resolved my billing issue in 5 minutes.,Twitter,General Praise,0.0559,1,2026-09-11 11:22:33
12549,173,"Double charged on my credit card, fix this immediately!",Web Review,General Praise,0.8499,0,2026-09-11 08:45:33
12550,797,"Great quality product, highly recommended!",Email Support,Shipping Delay,0.1844,1,2026-08-14 21:08:33
12551,893,App keeps crashing during checkout payment step!,Mobile App,General Praise,0.912,0,2026-08-14 21:33:33
12552,927,"Double charged on my credit card, fix this immediately!",Call Center Note,Billing Defect,0.903,0,2026-08-17 06:40:33
12553,200,Fast shipping and nice packaging.,Web Review,Product Quality,0.3812,1,2026-09-11 23:42:33
12554,253,"Major outage across the platform, unable to log in.",Email Support,Shipping Delay,0.6103,0,2026-08-30 18:26:33
12555,367,"Great quality product, highly recommended!",Twitter,Billing Defect,0.301,1,2026-09-07 08:32:33
12556,634,Fast shipping and nice packaging.,Mobile App,App Crash,0.1149,1,2026-08-21 12:21:33
12557,907,"Great quality product, highly recommended!",Mobile App,Shipping Delay,0.2006,1,2026-08-30 18:52:33
12558,145,Fast shipping and nice packaging.,Call Center Note,Billing Defect,0.1869,1,2026-08-13 15:28:33
12559,751,Customer support resolved my billing issue in 5 minutes.,Email Support,Billing Defect,0.1512,1,2026-08-29 23:14:33
12560,514,"Great quality product, highly recommended!",Web Review,Product Quality,0.212,1,2026-08-19 02:42:33
12561,623,"Double charged on my credit card, fix this immediately!",Twitter,Shipping Delay,0.9191,0,2026-08-30 08:04:33
12562,274,"Great quality product, highly recommended!",Call Center Note,UI Ergonomics,0.1241,1,2026-08-15 10:09:33
12563,154,Love the new design update! Very smooth.,Web Review,App Crash,0.25,1,2026-08-24 10:59:33
12564,905,Fast shipping and nice packaging.,Mobile App,Product Quality,0.2472,1,2026-09-11 11:21:33
12565,162,Customer support resolved my billing issue in 5 minutes.,Email Support,Billing Defect,0.0503,1,2026-08-19 02:07:33
12566,227,"Great quality product, highly recommended!",Call Center Note,Product Quality,0.334,1,2026-08-13 17:50:33
12567,759,Package arrived damaged and customer support is ignoring my emails.,Twitter,Product Quality,0.9849,0,2026-09-04 01:45:33
12568,487,Customer support resolved my billing issue in 5 minutes.,Twitter,Product Quality,0.2063,1,2026-09-11 23:55:33
12569,789,Package arrived damaged and customer support is ignoring my emails.,Mobile App,App Crash,0.6969,0,2026-08-31 17:24:33
12570,634,"Great quality product, highly recommended!",Call Center Note,General Praise,0.2904,1,2026-08-27 12:17:33
12571,529,Customer support resolved my billing issue in 5 minutes.,Twitter,Shipping Delay,0.0083,1,2026-09-06 13:29:33
12572,896,Love the new design update! Very smooth.,Email Support,Billing Defect,0.1238,1,2026-09-03 13:00:33
12573,746,Fast shipping and nice packaging.,Web Review,App Crash,0.1167,1,2026-08-29 15:49:33
12574,987,"Great quality product, highly recommended!",Mobile App,App Crash,0.3031,1,2026-08-31 20:54:33
12575,799,"Great quality product, highly recommended!",Twitter,Shipping Delay,0.136,1,2026-08-22 05:46:33
12576,581,Love the new design update! Very smooth.,Web Review,Shipping Delay,0.2675,1,2026-09-01 05:32:33
12577,934,"Great quality product, highly recommended!",Call Center Note,Product Quality,0.2052,1,2026-08-14 12:59:33
12578,669,Love the new design update! Very smooth.,Call Center Note,Product Quality,0.1473,1,2026-08-21 15:20:33
12579,237,"Great quality product, highly recommended!",Web Review,Product Quality,0.1326,1,2026-08-16 07:37:33
12580,803,"Great quality product, highly recommended!",Mobile App,Shipping Delay,0.015,1,2026-08-24 09:16:33
12581,883,"Double charged on my credit card, fix this immediately!",Email Support,App Crash,0.6836,0,2026-09-06 11:10:33
12582,225,Package arrived damaged and customer support is ignoring my emails.,Web Review,General Praise,0.9534,0,2026-08-23 14:46:33
12583,828,Love the new design update! Very smooth.,Call Center Note,UI Ergonomics,0.036,1,2026-09-06 11:10:33
12584,721,Love the new design update! Very smooth.,Twitter,App Crash,0.2178,1,2026-09-09 12:28:33
12585,237,"Double charged on my credit card, fix this immediately!",Web Review,General Praise,0.797,0,2026-08-28 05:14:33
12586,975,Love the new design update! Very smooth.,Mobile App,General Praise,0.353,1,2026-08-17 00:20:33
12587,435,Fast shipping and nice packaging.,Web Review,Billing Defect,0.3034,1,2026-09-03 12:43:33
12588,837,Fast shipping and nice packaging.,Call Center Note,Billing Defect,0.3116,1,2026-08-14 00:04:33
12589,930,Customer support resolved my billing issue in 5 minutes.,Mobile App,Product Quality,0.3281,1,2026-08-18 09:00:33
12590,230,System latency is terrible after the latest update.,Call Center Note,Product Quality,0.6448,0,2026-08-14 02:44:33
12591,752,System latency is terrible after the latest update.,Web Review,Shipping Delay,0.7335,0,2026-08-26 10:14:33
12592,525,Love the new design update! Very smooth.,Mobile App,Product Quality,0.3841,1,2026-08-23 05:50:33
12593,237,"Major outage across the platform, unable to log in.",Mobile App,Billing Defect,0.9168,0,2026-08-27 16:21:33
12594,754,Love the new design update! Very smooth.,Call Center Note,Shipping Delay,0.3483,1,2026-08-18 11:18:33
12595,642,Customer support resolved my billing issue in 5 minutes.,Web Review,Shipping Delay,0.0925,1,2026-08-14 17:13:33
12596,934,Fast shipping and nice packaging.,Twitter,App Crash,0.0779,1,2026-09-10 02:57:33
12597,562,Customer support resolved my billing issue in 5 minutes.,Email Support,Shipping Delay,0.0294,1,2026-08-28 21:16:33
12598,137,Love the new design update! Very smooth.,Email Support,App Crash,0.1021,1,2026-09-06 04:02:33
12599,745,Love the new design update! Very smooth.,Mobile App,Shipping Delay,0.3318,1,2026-08-24 07:59:33
12600,909,Fast shipping and nice packaging.,Mobile App,Product Quality,0.1715,1,2026-08-17 21:15:33
12601,966,"Double charged on my credit card, fix this immediately!",Mobile App,Billing Defect,0.7706,0,2026-08-22 07:09:33
12602,308,Love the new design update! Very smooth.,Email Support,UI Ergonomics,0.2081,1,2026-08-31 14:57:33
12603,881,Love the new design update! Very smooth.,Mobile App,UI Ergonomics,0.3273,1,2026-08-20 12:37:33
12604,863,Love the new design update! Very smooth.,Twitter,Billing Defect,0.1282,1,2026-08-21 12:07:33
12605,464,"Great quality product, highly recommended!",Mobile App,UI Ergonomics,0.359,1,2026-09-05 16:27:33
12606,597,Fast shipping and nice packaging.,Web Review,UI Ergonomics,0.2288,1,2026-09-08 01:35:33
12607,637,Customer support resolved my billing issue in 5 minutes.,Email Support,Shipping Delay,0.2485,1,2026-08-15 08:28:33
12608,105,Package arrived damaged and customer support is ignoring my emails.,Call Center Note,UI Ergonomics,0.9585,0,2026-08-22 08:23:33
12609,783,"Double charged on my credit card, fix this immediately!",Call Center Note,General Praise,0.7908,0,2026-09-06 13:47:33
12610,760,App keeps crashing during checkout payment step!,Email Support,Product Quality,0.6848,0,2026-08-19 04:00:33
12611,810,Package arrived damaged and customer support is ignoring my emails.,Mobile App,Product Quality,0.7806,0,2026-08-15 16:17:33
12612,392,Love the new design update! Very smooth.,Call Center Note,App Crash,0.3213,1,2026-08-14 05:38:33
12613,696,Fast shipping and nice packaging.,Twitter,UI Ergonomics,0.3968,1,2026-09-09 17:25:33
12614,686,Fast shipping and nice packaging.,Web Review,General Praise,0.3067,1,2026-08-27 00:10:33
12615,634,Fast shipping and nice packaging.,Email Support,App Crash,0.0359,1,2026-09-06 21:04:33
12616,682,Fast shipping and nice packaging.,Twitter,App Crash,0.2547,1,2026-08-28 13:15:33
12617,612,"Great quality product, highly recommended!",Email Support,Product Quality,0.0085,1,2026-09-10 16:17:33
12618,294,Customer support resolved my billing issue in 5 minutes.,Mobile App,App Crash,0.3813,1,2026-08-23 16:01:33
12619,540,"Double charged on my credit card, fix this immediately!",Web Review,Product Quality,0.9105,0,2026-09-07 23:55:33
12620,816,Love the new design update! Very smooth.,Mobile App,Product Quality,0.1631,1,2026-09-04 01:02:33
12621,527,App keeps crashing during checkout payment step!,Mobile App,General Praise,0.7829,0,2026-09-02 15:11:33
12622,841,"Double charged on my credit card, fix this immediately!",Twitter,Product Quality,0.7238,0,2026-09-10 03:07:33
12623,765,"Major outage across the platform, unable to log in.",Twitter,Product Quality,0.9631,0,2026-08-19 19:43:33
12624,391,Love the new design update! Very smooth.,Mobile App,Shipping Delay,0.3344,1,2026-09-01 01:29:33
12625,811,Love the new design update! Very smooth.,Call Center Note,Product Quality,0.3926,1,2026-09-02 06:37:33
12626,902,"Major outage across the platform, unable to log in.",Twitter,UI Ergonomics,0.9218,0,2026-09-09 09:24:33
12627,372,Customer support resolved my billing issue in 5 minutes.,Mobile App,Product Quality,0.1737,1,2026-08-30 22:08:33
12628,174,"Great quality product, highly recommended!",Twitter,Billing Defect,0.1628,1,2026-09-08 02:02:33
12629,950,Fast shipping and nice packaging.,Twitter,App Crash,0.0393,1,2026-09-06 13:41:33
12630,868,Package arrived damaged and customer support is ignoring my emails.,Mobile App,Shipping Delay,0.9922,0,2026-08-22 06:10:33
12631,346,Fast shipping and nice packaging.,Call Center Note,Shipping Delay,0.2166,1,2026-09-05 16:24:33
12632,952,App keeps crashing during checkout payment step!,Twitter,UI Ergonomics,0.9419,0,2026-08-23 16:47:33
12633,500,"Major outage across the platform, unable to log in.",Web Review,Billing Defect,0.7737,0,2026-08-16 00:39:33
12634,176,System latency is terrible after the latest update.,Mobile App,General Praise,0.8016,0,2026-08-22 07:35:33
12635,943,"Great quality product, highly recommended!",Mobile App,Billing Defect,0.3294,1,2026-08-16 12:44:33
12636,385,App keeps crashing during checkout payment step!,Mobile App,Shipping Delay,0.8448,0,2026-09-11 04:23:33
12637,517,"Great quality product, highly recommended!",Twitter,General Praise,0.0217,1,2026-09-06 06:22:33
12638,757,"Major outage across the platform, unable to log in.",Web Review,General Praise,0.9798,0,2026-08-20 01:19:33
12639,386,Package arrived damaged and customer support is ignoring my emails.,Email Support,Billing Defect,0.6882,0,2026-09-05 01:22:33
12640,159,"Great quality product, highly recommended!",Web Review,App Crash,0.1563,1,2026-08-31 20:50:33
12641,710,Fast shipping and nice packaging.,Twitter,Shipping Delay,0.2686,1,2026-08-14 09:40:33
12642,603,Love the new design update! Very smooth.,Web Review,UI Ergonomics,0.2983,1,2026-08-15 16:30:33
12643,369,Love the new design update! Very smooth.,Mobile App,UI Ergonomics,0.3076,1,2026-09-06 08:44:33
12644,299,"Great quality product, highly recommended!",Twitter,App Crash,0.0269,1,2026-09-03 04:09:33
12645,421,"Double charged on my credit card, fix this immediately!",Email Support,General Praise,0.9817,0,2026-08-21 07:27:33
12646,657,System latency is terrible after the latest update.,Mobile App,UI Ergonomics,0.6435,0,2026-08-14 00:02:33
12647,180,"Double charged on my credit card, fix this immediately!",Call Center Note,App Crash,0.8712,0,2026-08-13 12:55:33
12648,343,"Double charged on my credit card, fix this immediately!",Call Center Note,General Praise,0.9001,0,2026-08-27 23:29:33
12649,453,System latency is terrible after the latest update.,Web Review,Billing Defect,0.8184,0,2026-08-22 04:22:33
12650,658,App keeps crashing during checkout payment step!,Email Support,Shipping Delay,0.9566,0,2026-08-25 13:25:33
12651,430,Customer support resolved my billing issue in 5 minutes.,Mobile App,App Crash,0.3458,1,2026-08-31 12:30:33
12652,196,App keeps crashing during checkout payment step!,Web Review,Shipping Delay,0.9892,0,2026-08-26 11:27:33
12653,798,Customer support resolved my billing issue in 5 minutes.,Email Support,Billing Defect,0.1807,1,2026-08-31 15:31:33
12654,574,Love the new design update! Very smooth.,Web Review,General Praise,0.3711,1,2026-09-05 21:10:33
12655,953,"Double charged on my credit card, fix this immediately!",Twitter,General Praise,0.6301,0,2026-08-17 17:11:33
12656,298,Customer support resolved my billing issue in 5 minutes.,Email Support,Product Quality,0.0409,1,2026-09-01 15:01:33
12657,949,"Major outage across the platform, unable to log in.",Web Review,General Praise,0.7361,0,2026-09-10 02:52:33
12658,337,Fast shipping and nice packaging.,Call Center Note,App Crash,0.3466,1,2026-08-18 18:00:33
12659,426,Customer support resolved my billing issue in 5 minutes.,Web Review,Billing Defect,0.2174,1,2026-08-28 22:07:33
12660,123,System latency is terrible after the latest update.,Web Review,General Praise,0.9839,0,2026-09-09 07:20:33
12661,221,Fast shipping and nice packaging.,Web Review,UI Ergonomics,0.1611,1,2026-08-16 07:08:33
12662,514,Fast shipping and nice packaging.,Call Center Note,App Crash,0.0944,1,2026-08-14 05:18:33
12663,247,App keeps crashing during checkout payment step!,Mobile App,General Praise,0.7504,0,2026-08-21 07:07:33
12664,263,Package arrived damaged and customer support is ignoring my emails.,Mobile App,UI Ergonomics,0.7312,0,2026-08-30 04:13:33
12665,558,Package arrived damaged and customer support is ignoring my emails.,Mobile App,General Praise,0.8156,0,2026-08-25 13:46:33
12666,635,Customer support resolved my billing issue in 5 minutes.,Twitter,Billing Defect,0.293,1,2026-09-08 11:41:33
12667,567,"Major outage across the platform, unable to log in.",Call Center Note,Billing Defect,0.7592,0,2026-09-07 21:23:33
12668,738,"Great quality product, highly recommended!",Call Center Note,Product Quality,0.0941,1,2026-08-26 15:52:33
12669,229,Love the new design update! Very smooth.,Mobile App,Shipping Delay,0.3812,1,2026-08-15 01:27:33
12670,655,Customer support resolved my billing issue in 5 minutes.,Web Review,General Praise,0.2649,1,2026-09-09 17:50:33
12671,398,"Great quality product, highly recommended!",Twitter,Shipping Delay,0.2029,1,2026-09-10 01:53:33
12672,744,"Major outage across the platform, unable to log in.",Mobile App,General Praise,0.8049,0,2026-08-17 08:10:33
12673,619,System latency is terrible after the latest update.,Web Review,Billing Defect,0.8504,0,2026-09-12 07:40:33
12674,340,"Great quality product, highly recommended!",Call Center Note,UI Ergonomics,0.3695,1,2026-09-02 21:17:33
12675,772,"Double charged on my credit card, fix this immediately!",Twitter,Billing Defect,0.8157,0,2026-09-10 12:47:33
12676,728,Fast shipping and nice packaging.,Mobile App,General Praise,0.3121,1,2026-09-11 02:09:33
12677,644,Fast shipping and nice packaging.,Web Review,UI Ergonomics,0.198,1,2026-09-07 04:23:33
12678,546,"Major outage across the platform, unable to log in.",Call Center Note,UI Ergonomics,0.8298,0,2026-08-20 12:31:33
12679,690,Customer support resolved my billing issue in 5 minutes.,Twitter,UI Ergonomics,0.128,1,2026-08-15 06:07:33
12680,100,"Great quality product, highly recommended!",Web Review,General Praise,0.2726,1,2026-08-21 23:50:33
12681,812,Customer support resolved my billing issue in 5 minutes.,Email Support,Billing Defect,0.1475,1,2026-08-29 22:01:33
12682,734,Fast shipping and nice packaging.,Email Support,General Praise,0.1524,1,2026-09-03 07:11:33
12683,271,Love the new design update! Very smooth.,Email Support,Product Quality,0.2692,1,2026-08-21 12:33:33
12684,374,"Great quality product, highly recommended!",Email Support,App Crash,0.341,1,2026-09-06 08:18:33
12685,243,"Major outage across the platform, unable to log in.",Email Support,Product Quality,0.7576,0,2026-08-26 21:43:33
12686,236,"Double charged on my credit card, fix this immediately!",Call Center Note,General Praise,0.8536,0,2026-09-08 17:37:33
12687,327,Fast shipping and nice packaging.,Twitter,Product Quality,0.3321,1,2026-09-08 13:50:33
12688,366,"Great quality product, highly recommended!",Mobile App,General Praise,0.162,1,2026-08-28 10:32:33
12689,594,Package arrived damaged and customer support is ignoring my emails.,Twitter,Shipping Delay,0.889,0,2026-08-31 05:23:33
12690,703,"Major outage across the platform, unable to log in.",Twitter,General Praise,0.6687,0,2026-08-23 15:11:33
12691,478,"Major outage across the platform, unable to log in.",Mobile App,App Crash,0.9127,0,2026-09-05 11:26:33
12692,126,System latency is terrible after the latest update.,Web Review,Product Quality,0.7477,0,2026-08-25 11:31:33
12693,428,"Great quality product, highly recommended!",Web Review,General Praise,0.0063,1,2026-08-26 14:13:33
12694,413,Customer support resolved my billing issue in 5 minutes.,Call Center Note,Billing Defect,0.003,1,2026-09-05 19:59:33
12695,215,Love the new design update! Very smooth.,Web Review,Product Quality,0.3705,1,2026-09-04 13:20:33
12696,821,"Double charged on my credit card, fix this immediately!",Email Support,Product Quality,0.8086,0,2026-08-24 06:12:33
12697,472,App keeps crashing during checkout payment step!,Twitter,UI Ergonomics,0.6344,0,2026-08-27 12:22:33
12698,434,Package arrived damaged and customer support is ignoring my emails.,Email Support,App Crash,0.7815,0,2026-08-18 09:31:33
12699,319,"Double charged on my credit card, fix this immediately!",Web Review,UI Ergonomics,0.7464,0,2026-09-06 09:20:33
12700,424,System latency is terrible after the latest update.,Mobile App,Billing Defect,0.7789,0,2026-09-10 18:27:33
12701,758,"Double charged on my credit card, fix this immediately!",Mobile App,Shipping Delay,0.8789,0,2026-08-17 11:35:33
12702,492,Package arrived damaged and customer support is ignoring my emails.,Call Center Note,Product Quality,0.6709,0,2026-08-19 01:41:33
12703,719,Fast shipping and nice packaging.,Twitter,UI Ergonomics,0.2246,1,2026-08-13 19:45:33
12704,626,"Double charged on my credit card, fix this immediately!",Call Center Note,Product Quality,0.694,0,2026-08-29 08:52:33
12705,670,Customer support resolved my billing issue in 5 minutes.,Web Review,UI Ergonomics,0.3741,1,2026-08-16 04:10:33
12706,560,Fast shipping and nice packaging.,Call Center Note,UI Ergonomics,0.3169,1,2026-08-26 05:44:33
12707,823,"Double charged on my credit card, fix this immediately!",Email Support,Product Quality,0.6553,0,2026-08-28 20:49:33
12708,447,"Great quality product, highly recommended!",Call Center Note,UI Ergonomics,0.2165,1,2026-08-30 01:41:33
12709,961,"Great quality product, highly recommended!",Call Center Note,Shipping Delay,0.315,1,2026-08-21 14:35:33
12710,221,"Great quality product, highly recommended!",Mobile App,General Praise,0.3832,1,2026-09-02 00:01:33
12711,971,Love the new design update! Very smooth.,Mobile App,Billing Defect,0.0545,1,2026-08-15 11:14:33
12712,335,Package arrived damaged and customer support is ignoring my emails.,Call Center Note,General Praise,0.749,0,2026-08-24 01:55:33
12713,998,"Double charged on my credit card, fix this immediately!",Mobile App,Shipping Delay,0.6525,0,2026-08-27 23:04:33
12714,592,App keeps crashing during checkout payment step!,Mobile App,Product Quality,0.7296,0,2026-08-22 19:20:33
12715,286,Fast shipping and nice packaging.,Mobile App,Shipping Delay,0.2222,1,2026-08-27 07:39:33
12716,492,"Major outage across the platform, unable to log in.",Web Review,Product Quality,0.8099,0,2026-09-10 17:34:33
12717,970,Fast shipping and nice packaging.,Twitter,UI Ergonomics,0.0576,1,2026-09-02 22:50:33
12718,399,Fast shipping and nice packaging.,Web Review,App Crash,0.2877,1,2026-08-13 19:22:33
12719,820,"Major outage across the platform, unable to log in.",Twitter,Shipping Delay,0.9939,0,2026-08-26 14:53:33
12720,924,App keeps crashing during checkout payment step!,Twitter,General Praise,0.8103,0,2026-09-07 05:54:33
12721,294,Love the new design update! Very smooth.,Mobile App,App Crash,0.2948,1,2026-08-22 15:04:33
12722,739,Love the new design update! Very smooth.,Mobile App,Billing Defect,0.2508,1,2026-08-30 16:22:33
12723,525,Love the new design update! Very smooth.,Email Support,UI Ergonomics,0.2078,1,2026-08-20 19:20:33
12724,124,"Major outage across the platform, unable to log in.",Call Center Note,App Crash,0.7853,0,2026-09-03 23:35:33
12725,281,Love the new design update! Very smooth.,Twitter,Shipping Delay,0.2661,1,2026-09-04 08:47:33
12726,471,"Great quality product, highly recommended!",Call Center Note,General Praise,0.2987,1,2026-08-25 14:33:33
12727,684,Fast shipping and nice packaging.,Mobile App,Shipping Delay,0.0619,1,2026-08-20 00:00:33
12728,773,Fast shipping and nice packaging.,Call Center Note,App Crash,0.153,1,2026-08-18 04:06:33
12729,835,"Major outage across the platform, unable to log in.",Web Review,Billing Defect,0.9476,0,2026-09-11 21:23:33
12730,320,Love the new design update! Very smooth.,Twitter,UI Ergonomics,0.1829,1,2026-08-23 09:44:33
12731,129,Customer support resolved my billing issue in 5 minutes.,Email Support,App Crash,0.3827,1,2026-08-21 08:52:33
12732,319,"Major outage across the platform, unable to log in.",Web Review,App Crash,0.9639,0,2026-08-18 02:31:33
12733,699,"Great quality product, highly recommended!",Mobile App,General Praise,0.2629,1,2026-08-27 07:35:33
12734,270,"Major outage across the platform, unable to log in.",Email Support,General Praise,0.6575,0,2026-08-30 01:39:33
12735,976,Customer support resolved my billing issue in 5 minutes.,Call Center Note,App Crash,0.3157,1,2026-08-28 02:09:33
12736,225,"Great quality product, highly recommended!",Web Review,General Praise,0.1067,1,2026-09-11 20:29:33
12737,927,Fast shipping and nice packaging.,Web Review,Shipping Delay,0.0875,1,2026-08-24 18:21:33
12738,359,"Great quality product, highly recommended!",Call Center Note,UI Ergonomics,0.1044,1,2026-09-10 08:01:33
12739,557,Love the new design update! Very smooth.,Call Center Note,Product Quality,0.0722,1,2026-09-02 11:41:33
12740,171,"Major outage across the platform, unable to log in.",Twitter,Billing Defect,0.6697,0,2026-08-28 14:04:33
12741,639,"Major outage across the platform, unable to log in.",Web Review,General Praise,0.7874,0,2026-08-18 15:18:33
12742,671,Package arrived damaged and customer support is ignoring my emails.,Call Center Note,App Crash,0.6553,0,2026-08-19 11:08:33
12743,473,App keeps crashing during checkout payment step!,Web Review,General Praise,0.6539,0,2026-08-15 23:42:33
12744,145,Customer support resolved my billing issue in 5 minutes.,Email Support,Product Quality,0.0151,1,2026-09-04 18:28:33
12745,618,Fast shipping and nice packaging.,Call Center Note,UI Ergonomics,0.2074,1,2026-08-29 09:57:33
12746,465,"Great quality product, highly recommended!",Twitter,App Crash,0.2669,1,2026-09-11 12:39:33
12747,868,Love the new design update! Very smooth.,Mobile App,App Crash,0.3195,1,2026-08-14 07:21:33
12748,497,Package arrived damaged and customer support is ignoring my emails.,Mobile App,Product Quality,0.6945,0,2026-09-08 15:12:33
12749,955,System latency is terrible after the latest update.,Twitter,App Crash,0.6266,0,2026-09-08 11:34:33
12750,252,Love the new design update! Very smooth.,Call Center Note,App Crash,0.0091,1,2026-09-09 05:26:33
12751,303,Love the new design update! Very smooth.,Web Review,Shipping Delay,0.037,1,2026-09-12 06:29:33
12752,943,Customer support resolved my billing issue in 5 minutes.,Twitter,Billing Defect,0.0227,1,2026-09-08 18:09:33
12753,803,Fast shipping and nice packaging.,Call Center Note,UI Ergonomics,0.0331,1,2026-08-17 17:55:33
12754,149,Love the new design update! Very smooth.,Twitter,General Praise,0.0581,1,2026-08-20 10:12:33
12755,803,"Double charged on my credit card, fix this immediately!",Web Review,UI Ergonomics,0.6472,0,2026-09-03 18:01:33
12756,720,Customer support resolved my billing issue in 5 minutes.,Mobile App,Billing Defect,0.0214,1,2026-08-18 15:31:33
12757,285,App keeps crashing during checkout payment step!,Mobile App,Billing Defect,0.6518,0,2026-09-10 14:54:33
12758,451,Fast shipping and nice packaging.,Call Center Note,UI Ergonomics,0.0544,1,2026-08-24 20:02:33
12759,319,"Major outage across the platform, unable to log in.",Mobile App,Shipping Delay,0.8987,0,2026-09-08 13:03:33
12760,649,System latency is terrible after the latest update.,Mobile App,General Praise,0.7349,0,2026-08-21 15:45:33
12761,206,"Great quality product, highly recommended!",Twitter,Shipping Delay,0.3107,1,2026-08-21 12:48:33
12762,671,Package arrived damaged and customer support is ignoring my emails.,Web Review,General Praise,0.6091,0,2026-09-06 09:39:33
12763,690,Package arrived damaged and customer support is ignoring my emails.,Email Support,App Crash,0.9439,0,2026-08-20 08:23:33
12764,960,Fast shipping and nice packaging.,Call Center Note,App Crash,0.0515,1,2026-08-30 04:58:33
12765,959,"Great quality product, highly recommended!",Mobile App,General Praise,0.2886,1,2026-09-12 08:01:33
12766,682,"Double charged on my credit card, fix this immediately!",Call Center Note,Shipping Delay,0.8863,0,2026-08-19 08:26:33
12767,894,Fast shipping and nice packaging.,Mobile App,App Crash,0.3294,1,2026-09-03 04:00:33
12768,467,Package arrived damaged and customer support is ignoring my emails.,Call Center Note,Shipping Delay,0.6763,0,2026-09-07 01:50:33
12769,233,Package arrived damaged and customer support is ignoring my emails.,Twitter,Billing Defect,0.905,0,2026-08-25 07:42:33
12770,593,Customer support resolved my billing issue in 5 minutes.,Mobile App,UI Ergonomics,0.0103,1,2026-08-19 02:53:33
12771,670,"Double charged on my credit card, fix this immediately!",Web Review,Shipping Delay,0.7917,0,2026-08-16 06:17:33
12772,836,"Major outage across the platform, unable to log in.",Mobile App,UI Ergonomics,0.6246,0,2026-09-01 21:56:33
12773,233,Love the new design update! Very smooth.,Twitter,Shipping Delay,0.1649,1,2026-09-06 16:27:33
12774,367,Love the new design update! Very smooth.,Twitter,General Praise,0.137,1,2026-09-11 06:26:33
12775,987,Customer support resolved my billing issue in 5 minutes.,Email Support,Billing Defect,0.2805,1,2026-08-24 21:09:33
12776,515,App keeps crashing during checkout payment step!,Web Review,Product Quality,0.8465,0,2026-09-11 15:17:33
12777,415,Fast shipping and nice packaging.,Call Center Note,Billing Defect,0.3572,1,2026-08-30 09:31:33
12778,535,"Great quality product, highly recommended!",Twitter,App Crash,0.1488,1,2026-08-24 22:52:33
12779,929,Love the new design update! Very smooth.,Email Support,UI Ergonomics,0.0547,1,2026-09-02 06:39:33
12780,887,App keeps crashing during checkout payment step!,Mobile App,Product Quality,0.822,0,2026-08-19 02:22:33
12781,854,App keeps crashing during checkout payment step!,Web Review,Product Quality,0.9224,0,2026-08-23 23:28:33
12782,192,System latency is terrible after the latest update.,Web Review,App Crash,0.7105,0,2026-09-01 19:19:33
12783,931,Love the new design update! Very smooth.,Email Support,UI Ergonomics,0.2067,1,2026-08-18 09:43:33
12784,210,App keeps crashing during checkout payment step!,Email Support,General Praise,0.9474,0,2026-08-16 06:49:33
12785,518,Customer support resolved my billing issue in 5 minutes.,Web Review,Billing Defect,0.2033,1,2026-08-24 17:39:33
12786,148,"Double charged on my credit card, fix this immediately!",Email Support,Shipping Delay,0.7329,0,2026-09-06 16:04:33
12787,920,Fast shipping and nice packaging.,Web Review,App Crash,0.1201,1,2026-08-18 17:09:33
12788,545,Love the new design update! Very smooth.,Twitter,Shipping Delay,0.007,1,2026-09-06 17:09:33
12789,820,"Great quality product, highly recommended!",Web Review,Product Quality,0.1787,1,2026-08-25 01:35:33
12790,105,Customer support resolved my billing issue in 5 minutes.,Email Support,App Crash,0.0482,1,2026-08-22 15:16:33
12791,550,Customer support resolved my billing issue in 5 minutes.,Email Support,UI Ergonomics,0.329,1,2026-08-31 10:21:33
12792,699,Customer support resolved my billing issue in 5 minutes.,Mobile App,Product Quality,0.0316,1,2026-08-24 11:09:33
12793,158,Fast shipping and nice packaging.,Email Support,UI Ergonomics,0.0076,1,2026-09-01 09:29:33
12794,741,"Great quality product, highly recommended!",Call Center Note,Billing Defect,0.386,1,2026-08-16 14:29:33
12795,597,Love the new design update! Very smooth.,Web Review,Billing Defect,0.1788,1,2026-08-25 00:00:33
12796,656,Package arrived damaged and customer support is ignoring my emails.,Call Center Note,Billing Defect,0.8342,0,2026-09-08 03:16:33
12797,422,"Great quality product, highly recommended!",Twitter,General Praise,0.2297,1,2026-08-16 12:15:33
12798,725,"Double charged on my credit card, fix this immediately!",Call Center Note,Product Quality,0.6169,0,2026-08-15 05:48:33
12799,712,"Great quality product, highly recommended!",Web Review,UI Ergonomics,0.2586,1,2026-09-10 02:26:33
12800,763,Fast shipping and nice packaging.,Mobile App,App Crash,0.2556,1,2026-09-03 14:24:33
12801,491,Love the new design update! Very smooth.,Call Center Note,Product Quality,0.3255,1,2026-08-26 20:01:33
12802,252,System latency is terrible after the latest update.,Twitter,UI Ergonomics,0.9822,0,2026-08-26 13:31:33
12803,372,Fast shipping and nice packaging.,Twitter,App Crash,0.192,1,2026-08-21 10:41:33
12804,854,Fast shipping and nice packaging.,Call Center Note,General Praise,0.0732,1,2026-09-09 09:55:33
12805,556,Love the new design update! Very smooth.,Mobile App,Billing Defect,0.3983,1,2026-08-25 12:53:33
12806,776,System latency is terrible after the latest update.,Twitter,Billing Defect,0.9392,0,2026-08-23 06:32:33
12807,653,Fast shipping and nice packaging.,Twitter,Billing Defect,0.3279,1,2026-08-17 13:39:33
12808,775,Customer support resolved my billing issue in 5 minutes.,Mobile App,General Praise,0.2643,1,2026-09-11 02:06:33
12809,918,"Major outage across the platform, unable to log in.",Mobile App,App Crash,0.9775,0,2026-08-30 07:52:33
12810,214,Fast shipping and nice packaging.,Mobile App,UI Ergonomics,0.3603,1,2026-08-14 12:53:33
12811,620,"Great quality product, highly recommended!",Mobile App,Billing Defect,0.3711,1,2026-09-07 09:28:33
12812,241,"Great quality product, highly recommended!",Twitter,Billing Defect,0.1216,1,2026-09-03 01:20:33
12813,855,"Great quality product, highly recommended!",Twitter,Product Quality,0.2088,1,2026-09-02 13:24:33
12814,111,"Great quality product, highly recommended!",Call Center Note,App Crash,0.1751,1,2026-08-16 07:49:33
12815,528,"Great quality product, highly recommended!",Web Review,Shipping Delay,0.216,1,2026-09-04 01:21:33
12816,489,Customer support resolved my billing issue in 5 minutes.,Call Center Note,Billing Defect,0.3368,1,2026-08-27 03:36:33
12817,784,Love the new design update! Very smooth.,Mobile App,App Crash,0.3058,1,2026-09-05 18:27:33
12818,714,"Great quality product, highly recommended!",Web Review,Product Quality,0.3166,1,2026-09-05 11:40:33
12819,786,System latency is terrible after the latest update.,Web Review,General Praise,0.8314,0,2026-09-11 10:25:33
12820,334,App keeps crashing during checkout payment step!,Mobile App,Shipping Delay,0.8355,0,2026-08-17 13:00:33
12821,537,Fast shipping and nice packaging.,Mobile App,UI Ergonomics,0.045,1,2026-09-07 15:10:33
12822,790,Customer support resolved my billing issue in 5 minutes.,Call Center Note,Product Quality,0.195,1,2026-08-23 17:13:33
12823,897,System latency is terrible after the latest update.,Web Review,Product Quality,0.7416,0,2026-09-12 11:49:33
12824,755,Fast shipping and nice packaging.,Mobile App,Product Quality,0.0727,1,2026-09-01 16:57:33
12825,485,"Great quality product, highly recommended!",Web Review,Product Quality,0.334,1,2026-08-24 20:00:33
12826,563,Fast shipping and nice packaging.,Call Center Note,Shipping Delay,0.0102,1,2026-08-20 10:06:33
12827,446,App keeps crashing during checkout payment step!,Mobile App,UI Ergonomics,0.6612,0,2026-08-19 23:53:33
12828,348,Package arrived damaged and customer support is ignoring my emails.,Web Review,Shipping Delay,0.832,0,2026-09-07 05:06:33
12829,687,Love the new design update! Very smooth.,Twitter,Shipping Delay,0.201,1,2026-09-06 20:21:33
12830,546,Customer support resolved my billing issue in 5 minutes.,Twitter,Shipping Delay,0.2456,1,2026-08-31 12:04:33
12831,169,Fast shipping and nice packaging.,Web Review,Billing Defect,0.2408,1,2026-09-10 21:09:33
12832,319,Love the new design update! Very smooth.,Mobile App,Product Quality,0.12,1,2026-08-24 19:36:33
12833,267,"Major outage across the platform, unable to log in.",Twitter,General Praise,0.856,0,2026-09-01 01:23:33
12834,517,"Double charged on my credit card, fix this immediately!",Mobile App,Shipping Delay,0.79,0,2026-08-22 00:12:33
12835,428,Love the new design update! Very smooth.,Call Center Note,Product Quality,0.3673,1,2026-08-17 19:31:33
12836,468,Love the new design update! Very smooth.,Email Support,Shipping Delay,0.364,1,2026-09-05 01:44:33
12837,539,App keeps crashing during checkout payment step!,Email Support,General Praise,0.8465,0,2026-08-14 22:53:33
12838,906,"Great quality product, highly recommended!",Call Center Note,UI Ergonomics,0.1094,1,2026-08-31 19:34:33
12839,595,Fast shipping and nice packaging.,Mobile App,Product Quality,0.3022,1,2026-08-19 06:53:33
12840,846,Love the new design update! Very smooth.,Mobile App,UI Ergonomics,0.2187,1,2026-09-03 12:44:33
12841,181,Customer support resolved my billing issue in 5 minutes.,Web Review,Shipping Delay,0.0388,1,2026-09-01 08:17:33
12842,959,Love the new design update! Very smooth.,Email Support,Product Quality,0.3149,1,2026-08-21 22:10:33
12843,659,Fast shipping and nice packaging.,Web Review,Product Quality,0.3789,1,2026-09-07 00:29:33
12844,695,Customer support resolved my billing issue in 5 minutes.,Web Review,General Praise,0.2796,1,2026-09-10 16:01:33
12845,490,"Great quality product, highly recommended!",Call Center Note,Shipping Delay,0.3721,1,2026-08-17 15:02:33
12846,421,"Major outage across the platform, unable to log in.",Mobile App,Billing Defect,0.7045,0,2026-08-19 03:59:33
12847,803,Customer support resolved my billing issue in 5 minutes.,Web Review,Shipping Delay,0.0234,1,2026-08-24 17:32:33
12848,145,Fast shipping and nice packaging.,Email Support,Billing Defect,0.3557,1,2026-08-16 17:17:33
12849,163,Fast shipping and nice packaging.,Twitter,Product Quality,0.2731,1,2026-09-06 23:51:33
12850,421,Fast shipping and nice packaging.,Twitter,UI Ergonomics,0.0829,1,2026-09-11 23:47:33
12851,435,"Major outage across the platform, unable to log in.",Email Support,Product Quality,0.8317,0,2026-08-16 01:22:33
12852,708,App keeps crashing during checkout payment step!,Call Center Note,Shipping Delay,0.6197,0,2026-08-19 16:50:33
12853,148,"Major outage across the platform, unable to log in.",Email Support,UI Ergonomics,0.7001,0,2026-08-30 14:03:33
12854,858,"Great quality product, highly recommended!",Call Center Note,Product Quality,0.3142,1,2026-09-02 07:27:33
12855,908,Fast shipping and nice packaging.,Web Review,Shipping Delay,0.02,1,2026-08-20 21:10:33
12856,985,Package arrived damaged and customer support is ignoring my emails.,Email Support,UI Ergonomics,0.7259,0,2026-09-02 16:23:33
12857,901,App keeps crashing during checkout payment step!,Email Support,Shipping Delay,0.8285,0,2026-08-23 13:30:33
12858,129,"Major outage across the platform, unable to log in.",Web Review,App Crash,0.9221,0,2026-08-24 13:18:33
12859,514,"Great quality product, highly recommended!",Web Review,App Crash,0.1032,1,2026-09-11 08:24:33
12860,396,System latency is terrible after the latest update.,Mobile App,Billing Defect,0.7346,0,2026-08-31 13:29:33
12861,154,"Great quality product, highly recommended!",Mobile App,General Praise,0.0916,1,2026-09-01 21:10:33
12862,255,"Double charged on my credit card, fix this immediately!",Email Support,App Crash,0.6474,0,2026-09-03 02:02:33
12863,585,Fast shipping and nice packaging.,Email Support,UI Ergonomics,0.2776,1,2026-08-19 15:08:33
12864,206,Love the new design update! Very smooth.,Mobile App,App Crash,0.1561,1,2026-08-26 07:16:33
12865,972,Love the new design update! Very smooth.,Call Center Note,Shipping Delay,0.0369,1,2026-09-06 19:02:33
12866,106,Fast shipping and nice packaging.,Call Center Note,Billing Defect,0.3973,1,2026-08-18 10:45:33
12867,606,Fast shipping and nice packaging.,Call Center Note,App Crash,0.1925,1,2026-08-22 10:22:33
12868,466,Customer support resolved my billing issue in 5 minutes.,Web Review,Billing Defect,0.2311,1,2026-08-25 22:49:33
12869,973,Fast shipping and nice packaging.,Twitter,General Praise,0.317,1,2026-09-01 20:37:33
12870,154,App keeps crashing during checkout payment step!,Twitter,Product Quality,0.9678,0,2026-08-24 22:49:33
12871,540,System latency is terrible after the latest update.,Email Support,General Praise,0.7369,0,2026-09-09 07:28:33
12872,458,Love the new design update! Very smooth.,Twitter,Shipping Delay,0.1845,1,2026-08-25 13:34:33
12873,226,Customer support resolved my billing issue in 5 minutes.,Call Center Note,General Praise,0.1239,1,2026-08-24 02:26:33
12874,870,"Great quality product, highly recommended!",Email Support,Billing Defect,0.1448,1,2026-08-14 22:45:33
12875,768,Fast shipping and nice packaging.,Email Support,Shipping Delay,0.1018,1,2026-09-12 04:48:33
12876,965,Customer support resolved my billing issue in 5 minutes.,Mobile App,Billing Defect,0.3479,1,2026-08-19 21:16:33
12877,558,Customer support resolved my billing issue in 5 minutes.,Email Support,Product Quality,0.3739,1,2026-09-10 11:55:33
12878,735,Fast shipping and nice packaging.,Mobile App,UI Ergonomics,0.2729,1,2026-09-02 11:15:33
12879,348,Fast shipping and nice packaging.,Email Support,General Praise,0.3057,1,2026-09-11 17:07:33
12880,131,Customer support resolved my billing issue in 5 minutes.,Twitter,Product Quality,0.1957,1,2026-09-07 01:02:33
12881,586,"Double charged on my credit card, fix this immediately!",Email Support,General Praise,0.9279,0,2026-08-14 02:11:33
12882,168,Love the new design update! Very smooth.,Call Center Note,UI Ergonomics,0.3205,1,2026-08-24 18:08:33
12883,750,"Great quality product, highly recommended!",Twitter,Billing Defect,0.1316,1,2026-08-31 02:42:33
12884,658,Customer support resolved my billing issue in 5 minutes.,Call Center Note,App Crash,0.13,1,2026-08-25 15:47:33
12885,335,Customer support resolved my billing issue in 5 minutes.,Email Support,Billing Defect,0.1324,1,2026-08-15 03:28:33
12886,832,Love the new design update! Very smooth.,Web Review,UI Ergonomics,0.2059,1,2026-09-04 02:20:33
12887,453,Love the new design update! Very smooth.,Twitter,Shipping Delay,0.337,1,2026-08-25 01:57:33
12888,537,Package arrived damaged and customer support is ignoring my emails.,Mobile App,Product Quality,0.7047,0,2026-08-23 02:04:33
12889,586,"Great quality product, highly recommended!",Call Center Note,Product Quality,0.2754,1,2026-08-23 09:55:33
12890,802,Love the new design update! Very smooth.,Email Support,App Crash,0.0062,1,2026-09-11 19:27:33
12891,614,Customer support resolved my billing issue in 5 minutes.,Call Center Note,General Praise,0.2147,1,2026-08-25 03:26:33
12892,681,Fast shipping and nice packaging.,Call Center Note,UI Ergonomics,0.3216,1,2026-09-09 04:50:33
12893,882,Customer support resolved my billing issue in 5 minutes.,Call Center Note,Billing Defect,0.3539,1,2026-08-27 10:43:33
12894,819,"Great quality product, highly recommended!",Twitter,UI Ergonomics,0.1925,1,2026-08-18 06:43:33
12895,359,System latency is terrible after the latest update.,Web Review,App Crash,0.8724,0,2026-08-15 04:12:33
12896,279,Fast shipping and nice packaging.,Email Support,App Crash,0.2842,1,2026-08-22 18:56:33
12897,266,Customer support resolved my billing issue in 5 minutes.,Call Center Note,App Crash,0.237,1,2026-08-24 08:40:33
12898,215,Love the new design update! Very smooth.,Call Center Note,UI Ergonomics,0.0604,1,2026-08-14 21:16:33
12899,680,"Double charged on my credit card, fix this immediately!",Twitter,App Crash,0.9775,0,2026-09-06 01:12:33
12900,670,Love the new design update! Very smooth.,Twitter,App Crash,0.2847,1,2026-08-20 03:33:33
12901,335,App keeps crashing during checkout payment step!,Twitter,Billing Defect,0.606,0,2026-08-14 06:11:33
12902,544,"Major outage across the platform, unable to log in.",Web Review,Billing Defect,0.7544,0,2026-08-15 13:54:33
12903,224,Fast shipping and nice packaging.,Mobile App,Product Quality,0.2859,1,2026-08-17 07:44:33
12904,915,Customer support resolved my billing issue in 5 minutes.,Mobile App,Shipping Delay,0.1491,1,2026-08-16 07:49:33
12905,396,Customer support resolved my billing issue in 5 minutes.,Email Support,General Praise,0.3591,1,2026-08-24 14:53:33
12906,873,Love the new design update! Very smooth.,Mobile App,UI Ergonomics,0.2359,1,2026-08-26 02:16:33
12907,416,Customer support resolved my billing issue in 5 minutes.,Web Review,Product Quality,0.078,1,2026-08-27 22:00:33
12908,303,Love the new design update! Very smooth.,Mobile App,UI Ergonomics,0.0139,1,2026-08-31 21:59:33
12909,935,Love the new design update! Very smooth.,Email Support,Shipping Delay,0.148,1,2026-09-09 07:01:33
12910,805,App keeps crashing during checkout payment step!,Mobile App,UI Ergonomics,0.7326,0,2026-09-02 05:12:33
12911,194,Fast shipping and nice packaging.,Mobile App,Billing Defect,0.1688,1,2026-09-11 23:26:33
12912,188,Package arrived damaged and customer support is ignoring my emails.,Mobile App,General Praise,0.7196,0,2026-08-23 17:57:33
12913,654,Love the new design update! Very smooth.,Email Support,Billing Defect,0.3231,1,2026-08-31 16:02:33
12914,580,"Great quality product, highly recommended!",Mobile App,Product Quality,0.309,1,2026-09-10 12:21:33
12915,540,"Major outage across the platform, unable to log in.",Web Review,Product Quality,0.9041,0,2026-08-22 17:23:33
12916,843,"Double charged on my credit card, fix this immediately!",Call Center Note,Product Quality,0.7512,0,2026-09-10 19:37:33
12917,903,Fast shipping and nice packaging.,Mobile App,Product Quality,0.2428,1,2026-08-24 04:05:33
12918,798,Love the new design update! Very smooth.,Web Review,Product Quality,0.189,1,2026-08-16 19:46:33
12919,539,Package arrived damaged and customer support is ignoring my emails.,Twitter,Shipping Delay,0.9211,0,2026-09-03 03:47:33
12920,123,Fast shipping and nice packaging.,Call Center Note,App Crash,0.3587,1,2026-08-19 06:35:33
12921,818,App keeps crashing during checkout payment step!,Email Support,UI Ergonomics,0.6531,0,2026-09-11 05:42:33
12922,409,Customer support resolved my billing issue in 5 minutes.,Mobile App,Product Quality,0.1521,1,2026-08-13 18:48:33
12923,174,"Great quality product, highly recommended!",Web Review,Shipping Delay,0.3738,1,2026-08-28 18:59:33
12924,567,Love the new design update! Very smooth.,Email Support,General Praise,0.1842,1,2026-08-17 14:57:33
12925,494,Customer support resolved my billing issue in 5 minutes.,Call Center Note,App Crash,0.1953,1,2026-08-16 21:55:33
12926,194,"Major outage across the platform, unable to log in.",Call Center Note,General Praise,0.6579,0,2026-09-09 11:16:33
12927,281,Customer support resolved my billing issue in 5 minutes.,Twitter,App Crash,0.1743,1,2026-09-09 23:13:33
12928,176,"Great quality product, highly recommended!",Web Review,Billing Defect,0.2049,1,2026-08-25 13:08:33
12929,235,"Great quality product, highly recommended!",Mobile App,Product Quality,0.1066,1,2026-08-29 07:00:33
12930,955,"Great quality product, highly recommended!",Mobile App,Shipping Delay,0.1944,1,2026-09-02 07:40:33
12931,691,Customer support resolved my billing issue in 5 minutes.,Twitter,App Crash,0.0012,1,2026-08-30 05:27:33
12932,118,Love the new design update! Very smooth.,Mobile App,Billing Defect,0.2841,1,2026-09-11 06:51:33
12933,154,Package arrived damaged and customer support is ignoring my emails.,Web Review,App Crash,0.764,0,2026-08-23 03:10:33
12934,581,"Great quality product, highly recommended!",Twitter,Product Quality,0.339,1,2026-08-20 22:24:33
12935,906,"Great quality product, highly recommended!",Email Support,Billing Defect,0.355,1,2026-08-16 04:13:33
12936,936,"Major outage across the platform, unable to log in.",Call Center Note,App Crash,0.8608,0,2026-08-20 20:10:33
12937,239,Fast shipping and nice packaging.,Web Review,Billing Defect,0.0961,1,2026-08-31 05:50:33
12938,167,"Great quality product, highly recommended!",Mobile App,Shipping Delay,0.0025,1,2026-09-08 02:46:33
12939,688,Love the new design update! Very smooth.,Email Support,Billing Defect,0.0366,1,2026-09-10 07:09:33
12940,211,System latency is terrible after the latest update.,Mobile App,Shipping Delay,0.9544,0,2026-08-21 23:30:33
12941,332,Love the new design update! Very smooth.,Web Review,Billing Defect,0.2975,1,2026-09-08 10:28:33
12942,172,App keeps crashing during checkout payment step!,Web Review,Product Quality,0.6131,0,2026-08-27 19:17:33
12943,362,Love the new design update! Very smooth.,Mobile App,Product Quality,0.3828,1,2026-09-08 15:22:33
12944,332,"Great quality product, highly recommended!",Twitter,Product Quality,0.2797,1,2026-09-06 06:28:33
12945,522,Customer support resolved my billing issue in 5 minutes.,Email Support,App Crash,0.3461,1,2026-09-09 14:30:33
12946,523,System latency is terrible after the latest update.,Mobile App,Product Quality,0.9064,0,2026-09-05 22:34:33
12947,418,Fast shipping and nice packaging.,Call Center Note,Billing Defect,0.0809,1,2026-08-23 05:18:33
12948,440,Love the new design update! Very smooth.,Mobile App,App Crash,0.0142,1,2026-08-29 12:40:33
12949,287,Fast shipping and nice packaging.,Mobile App,UI Ergonomics,0.0887,1,2026-08-27 00:34:33
12950,636,Package arrived damaged and customer support is ignoring my emails.,Twitter,Shipping Delay,0.7751,0,2026-08-20 09:46:33
12951,379,Love the new design update! Very smooth.,Call Center Note,UI Ergonomics,0.1623,1,2026-08-15 06:55:33
12952,661,Fast shipping and nice packaging.,Twitter,General Praise,0.0775,1,2026-08-24 22:58:33
12953,281,Customer support resolved my billing issue in 5 minutes.,Email Support,App Crash,0.2189,1,2026-08-30 22:20:33
12954,241,"Great quality product, highly recommended!",Call Center Note,Billing Defect,0.1624,1,2026-08-28 13:47:33
12955,383,System latency is terrible after the latest update.,Mobile App,UI Ergonomics,0.9265,0,2026-08-29 21:44:33
12956,472,"Great quality product, highly recommended!",Web Review,App Crash,0.141,1,2026-08-22 21:24:33
12957,653,Love the new design update! Very smooth.,Email Support,Shipping Delay,0.2376,1,2026-08-18 09:26:33
12958,782,Package arrived damaged and customer support is ignoring my emails.,Call Center Note,Billing Defect,0.8922,0,2026-08-24 03:32:33
12959,573,App keeps crashing during checkout payment step!,Call Center Note,UI Ergonomics,0.9987,0,2026-08-17 19:54:33
12960,924,Love the new design update! Very smooth.,Email Support,General Praise,0.0569,1,2026-09-02 18:40:33
12961,281,Love the new design update! Very smooth.,Twitter,General Praise,0.2747,1,2026-08-14 14:24:33
12962,422,"Great quality product, highly recommended!",Email Support,General Praise,0.3678,1,2026-08-17 07:14:33
12963,782,Love the new design update! Very smooth.,Twitter,App Crash,0.3572,1,2026-09-02 10:32:33
12964,160,"Great quality product, highly recommended!",Mobile App,App Crash,0.3488,1,2026-09-01 12:38:33
12965,213,Love the new design update! Very smooth.,Email Support,App Crash,0.0316,1,2026-08-21 20:24:33
12966,770,"Great quality product, highly recommended!",Call Center Note,Shipping Delay,0.3866,1,2026-09-02 13:10:33
12967,389,"Great quality product, highly recommended!",Mobile App,UI Ergonomics,0.0128,1,2026-08-18 01:31:33
12968,574,Customer support resolved my billing issue in 5 minutes.,Call Center Note,Product Quality,0.3378,1,2026-08-15 18:30:33
12969,336,"Great quality product, highly recommended!",Mobile App,Billing Defect,0.2576,1,2026-08-13 23:02:33
12970,736,"Great quality product, highly recommended!",Twitter,Shipping Delay,0.383,1,2026-08-14 01:44:33
12971,384,"Major outage across the platform, unable to log in.",Email Support,App Crash,0.6474,0,2026-08-14 22:44:33
12972,726,Fast shipping and nice packaging.,Email Support,Billing Defect,0.0182,1,2026-08-16 19:04:33
12973,769,Love the new design update! Very smooth.,Email Support,Product Quality,0.3822,1,2026-09-10 13:54:33
12974,868,"Great quality product, highly recommended!",Twitter,Shipping Delay,0.1384,1,2026-09-08 07:49:33
12975,172,App keeps crashing during checkout payment step!,Mobile App,Billing Defect,0.7445,0,2026-09-01 01:34:33
12976,507,Love the new design update! Very smooth.,Call Center Note,UI Ergonomics,0.2577,1,2026-09-07 10:25:33
12977,549,"Major outage across the platform, unable to log in.",Web Review,Shipping Delay,0.7547,0,2026-08-15 12:34:33
12978,612,Customer support resolved my billing issue in 5 minutes.,Email Support,General Praise,0.3984,1,2026-08-19 05:17:33
12979,683,Customer support resolved my billing issue in 5 minutes.,Email Support,Shipping Delay,0.2649,1,2026-09-08 23:04:33
12980,121,"Great quality product, highly recommended!",Mobile App,UI Ergonomics,0.3448,1,2026-09-04 20:28:33
12981,108,Customer support resolved my billing issue in 5 minutes.,Twitter,App Crash,0.1337,1,2026-09-11 07:41:33
12982,317,App keeps crashing during checkout payment step!,Web Review,Shipping Delay,0.6292,0,2026-08-25 03:03:33
12983,208,System latency is terrible after the latest update.,Web Review,Product Quality,0.6735,0,2026-08-25 02:41:33
12984,777,App keeps crashing during checkout payment step!,Call Center Note,General Praise,0.8511,0,2026-08-20 07:39:33
12985,976,"Double charged on my credit card, fix this immediately!",Mobile App,Billing Defect,0.7231,0,2026-08-14 05:03:33
12986,758,Love the new design update! Very smooth.,Web Review,General Praise,0.2285,1,2026-08-15 15:05:33
12987,653,App keeps crashing during checkout payment step!,Call Center Note,UI Ergonomics,0.8549,0,2026-09-05 17:56:33
12988,219,App keeps crashing during checkout payment step!,Mobile App,UI Ergonomics,0.6606,0,2026-08-31 09:13:33
12989,106,Customer support resolved my billing issue in 5 minutes.,Email Support,General Praise,0.2465,1,2026-08-28 17:47:33
12990,997,Fast shipping and nice packaging.,Call Center Note,Product Quality,0.1336,1,2026-09-07 05:33:33
12991,707,Customer support resolved my billing issue in 5 minutes.,Call Center Note,UI Ergonomics,0.0351,1,2026-08-27 16:51:33
12992,963,App keeps crashing during checkout payment step!,Twitter,UI Ergonomics,0.6924,0,2026-08-21 16:07:33
12993,462,Customer support resolved my billing issue in 5 minutes.,Call Center Note,App Crash,0.183,1,2026-08-17 01:19:33
12994,811,System latency is terrible after the latest update.,Call Center Note,App Crash,0.956,0,2026-08-13 13:36:33
12995,452,Love the new design update! Very smooth.,Twitter,App Crash,0.0363,1,2026-09-07 13:57:33
12996,272,"Double charged on my credit card, fix this immediately!",Mobile App,General Praise,0.7726,0,2026-09-10 04:30:33
12997,637,Customer support resolved my billing issue in 5 minutes.,Mobile App,Product Quality,0.027,1,2026-09-08 14:07:33
12998,679,Love the new design update! Very smooth.,Mobile App,UI Ergonomics,0.2746,1,2026-08-18 08:39:33
12999,480,Fast shipping and nice packaging.,Email Support,Product Quality,0.0846,1,2026-09-07 13:49:33
13000,682,"Major outage across the platform, unable to log in.",Web Review,General Praise,0.9523,0,2026-09-03 22:16:33
13001,629,App keeps crashing during checkout payment step!,Mobile App,General Praise,0.7527,0,2026-08-15 19:24:33
13002,590,"Great quality product, highly recommended!",Call Center Note,General Praise,0.3669,1,2026-09-10 00:00:33
13003,484,Love the new design update! Very smooth.,Call Center Note,App Crash,0.219,1,2026-09-05 15:51:33
13004,922,Fast shipping and nice packaging.,Call Center Note,Shipping Delay,0.3597,1,2026-08-28 14:43:33
13005,773,"Great quality product, highly recommended!",Mobile App,Product Quality,0.3465,1,2026-08-19 19:15:33
13006,155,System latency is terrible after the latest update.,Twitter,Product Quality,0.665,0,2026-08-23 05:53:33
13007,958,Customer support resolved my billing issue in 5 minutes.,Twitter,App Crash,0.2501,1,2026-08-20 14:15:33
13008,598,App keeps crashing during checkout payment step!,Email Support,General Praise,0.711,0,2026-08-23 03:20:33
13009,468,Love the new design update! Very smooth.,Call Center Note,Product Quality,0.0264,1,2026-08-22 10:48:33
13010,852,Customer support resolved my billing issue in 5 minutes.,Mobile App,App Crash,0.2943,1,2026-08-15 03:51:33
13011,831,Love the new design update! Very smooth.,Twitter,App Crash,0.1108,1,2026-08-19 11:43:33
13012,970,System latency is terrible after the latest update.,Twitter,General Praise,0.7992,0,2026-08-18 05:10:33
13013,895,"Double charged on my credit card, fix this immediately!",Twitter,Product Quality,0.6166,0,2026-08-17 18:35:33
13014,505,Love the new design update! Very smooth.,Twitter,Billing Defect,0.1629,1,2026-08-16 03:09:33
13015,948,"Major outage across the platform, unable to log in.",Web Review,UI Ergonomics,0.6923,0,2026-09-03 10:25:33
13016,650,"Major outage across the platform, unable to log in.",Twitter,App Crash,0.6384,0,2026-08-16 18:00:33
13017,191,Customer support resolved my billing issue in 5 minutes.,Web Review,General Praise,0.3963,1,2026-08-16 21:16:33
13018,141,Fast shipping and nice packaging.,Twitter,Product Quality,0.3461,1,2026-09-06 16:17:33
13019,962,App keeps crashing during checkout payment step!,Call Center Note,Shipping Delay,0.7055,0,2026-08-16 13:28:33
13020,681,Fast shipping and nice packaging.,Mobile App,App Crash,0.0649,1,2026-08-18 21:52:33
13021,475,Love the new design update! Very smooth.,Web Review,Product Quality,0.2004,1,2026-08-30 06:59:33
13022,502,Fast shipping and nice packaging.,Web Review,Billing Defect,0.3366,1,2026-08-30 22:56:33
13023,186,System latency is terrible after the latest update.,Call Center Note,Product Quality,0.9719,0,2026-08-31 10:27:33
13024,393,App keeps crashing during checkout payment step!,Email Support,Shipping Delay,0.7213,0,2026-09-12 08:58:33
13025,301,System latency is terrible after the latest update.,Email Support,Product Quality,0.7566,0,2026-08-22 02:22:33
13026,409,Fast shipping and nice packaging.,Call Center Note,UI Ergonomics,0.1375,1,2026-08-21 03:07:33
13027,494,Customer support resolved my billing issue in 5 minutes.,Twitter,UI Ergonomics,0.3386,1,2026-08-18 20:43:33
13028,904,"Double charged on my credit card, fix this immediately!",Web Review,General Praise,0.7023,0,2026-08-19 18:32:33
13029,668,"Great quality product, highly recommended!",Email Support,Shipping Delay,0.3763,1,2026-08-20 09:40:33
13030,751,"Major outage across the platform, unable to log in.",Mobile App,Product Quality,0.9401,0,2026-09-04 22:53:33
13031,517,Love the new design update! Very smooth.,Twitter,General Praise,0.296,1,2026-08-24 10:40:33
13032,684,Love the new design update! Very smooth.,Web Review,Shipping Delay,0.2632,1,2026-08-23 13:22:33
13033,237,Package arrived damaged and customer support is ignoring my emails.,Email Support,UI Ergonomics,0.922,0,2026-08-22 00:17:33
13034,341,Love the new design update! Very smooth.,Twitter,App Crash,0.1459,1,2026-08-25 09:12:33
13035,346,Love the new design update! Very smooth.,Mobile App,Billing Defect,0.3236,1,2026-08-30 04:00:33
13036,482,Fast shipping and nice packaging.,Email Support,Shipping Delay,0.1623,1,2026-09-03 18:24:33
13037,677,Fast shipping and nice packaging.,Email Support,UI Ergonomics,0.3665,1,2026-08-28 13:45:33
13038,837,Fast shipping and nice packaging.,Email Support,General Praise,0.2347,1,2026-09-11 10:48:33
13039,345,"Double charged on my credit card, fix this immediately!",Web Review,Shipping Delay,0.7442,0,2026-09-08 04:48:33
13040,845,"Great quality product, highly recommended!",Call Center Note,Product Quality,0.1572,1,2026-08-30 21:59:33
13041,387,Love the new design update! Very smooth.,Twitter,Billing Defect,0.1724,1,2026-08-21 13:50:33
13042,814,Package arrived damaged and customer support is ignoring my emails.,Mobile App,Product Quality,0.6089,0,2026-08-28 15:05:33
13043,934,"Great quality product, highly recommended!",Email Support,App Crash,0.2032,1,2026-08-31 16:20:33
13044,480,"Great quality product, highly recommended!",Call Center Note,UI Ergonomics,0.3146,1,2026-08-31 14:07:33
13045,973,System latency is terrible after the latest update.,Twitter,Billing Defect,0.6727,0,2026-09-03 03:25:33
13046,476,"Great quality product, highly recommended!",Call Center Note,Billing Defect,0.0547,1,2026-08-25 14:37:33
13047,392,App keeps crashing during checkout payment step!,Mobile App,General Praise,0.9733,0,2026-08-25 13:37:33
13048,261,Customer support resolved my billing issue in 5 minutes.,Web Review,Billing Defect,0.0991,1,2026-08-27 05:11:33
13049,929,"Great quality product, highly recommended!",Mobile App,UI Ergonomics,0.0854,1,2026-09-08 07:15:33
13050,797,Fast shipping and nice packaging.,Mobile App,Billing Defect,0.0904,1,2026-09-06 19:51:33
13051,643,Love the new design update! Very smooth.,Email Support,App Crash,0.1983,1,2026-08-19 23:36:33
13052,662,Love the new design update! Very smooth.,Web Review,Billing Defect,0.1473,1,2026-09-07 20:47:33
13053,935,"Double charged on my credit card, fix this immediately!",Email Support,General Praise,0.6836,0,2026-08-21 12:53:33
13054,964,Fast shipping and nice packaging.,Web Review,Billing Defect,0.1039,1,2026-08-18 15:13:33
13055,935,Customer support resolved my billing issue in 5 minutes.,Mobile App,General Praise,0.3479,1,2026-09-06 14:15:33
13056,940,"Great quality product, highly recommended!",Twitter,App Crash,0.3501,1,2026-09-02 18:09:33
13057,509,Customer support resolved my billing issue in 5 minutes.,Email Support,UI Ergonomics,0.2309,1,2026-08-22 02:05:33
13058,163,App keeps crashing during checkout payment step!,Mobile App,General Praise,0.6446,0,2026-08-29 18:28:33
13059,164,Fast shipping and nice packaging.,Mobile App,Shipping Delay,0.373,1,2026-08-28 07:55:33
13060,255,Love the new design update! Very smooth.,Web Review,General Praise,0.0145,1,2026-08-21 15:02:33
13061,427,Love the new design update! Very smooth.,Web Review,General Praise,0.1237,1,2026-08-22 09:15:33
13062,332,App keeps crashing during checkout payment step!,Call Center Note,General Praise,0.8417,0,2026-08-19 03:13:33
13063,641,Customer support resolved my billing issue in 5 minutes.,Mobile App,UI Ergonomics,0.3052,1,2026-08-21 00:04:33
13064,487,Customer support resolved my billing issue in 5 minutes.,Call Center Note,Shipping Delay,0.0486,1,2026-08-29 11:52:33
13065,838,Fast shipping and nice packaging.,Mobile App,Product Quality,0.0704,1,2026-09-11 20:47:33
13066,452,System latency is terrible after the latest update.,Twitter,General Praise,0.9136,0,2026-08-30 12:24:33
13067,980,"Great quality product, highly recommended!",Twitter,App Crash,0.3309,1,2026-08-20 06:27:33
13068,730,System latency is terrible after the latest update.,Twitter,Product Quality,0.6907,0,2026-09-09 23:28:33
13069,973,Love the new design update! Very smooth.,Web Review,General Praise,0.1149,1,2026-08-23 14:57:33
13070,533,Customer support resolved my billing issue in 5 minutes.,Web Review,Billing Defect,0.0517,1,2026-09-05 14:29:33
13071,193,App keeps crashing during checkout payment step!,Mobile App,Product Quality,0.7878,0,2026-09-03 09:53:33
13072,609,"Double charged on my credit card, fix this immediately!",Mobile App,Product Quality,0.7556,0,2026-08-20 17:25:33
13073,201,Customer support resolved my billing issue in 5 minutes.,Mobile App,UI Ergonomics,0.1525,1,2026-08-19 04:36:33
13074,965,App keeps crashing during checkout payment step!,Call Center Note,App Crash,0.7417,0,2026-09-07 22:12:33
13075,979,Customer support resolved my billing issue in 5 minutes.,Web Review,General Praise,0.2824,1,2026-09-11 04:50:33
13076,364,"Great quality product, highly recommended!",Web Review,UI Ergonomics,0.2137,1,2026-08-22 15:12:33
13077,314,Package arrived damaged and customer support is ignoring my emails.,Twitter,General Praise,0.6524,0,2026-08-20 11:16:33
13078,620,"Double charged on my credit card, fix this immediately!",Mobile App,General Praise,0.9679,0,2026-08-18 08:20:33
13079,257,"Great quality product, highly recommended!",Email Support,Product Quality,0.1015,1,2026-09-08 06:43:33
13080,462,"Double charged on my credit card, fix this immediately!",Web Review,Billing Defect,0.6715,0,2026-08-30 16:13:33
13081,445,"Major outage across the platform, unable to log in.",Twitter,Shipping Delay,0.9972,0,2026-09-12 09:02:33
13082,750,System latency is terrible after the latest update.,Web Review,App Crash,0.6969,0,2026-08-16 13:14:33
13083,378,Love the new design update! Very smooth.,Web Review,General Praise,0.2126,1,2026-09-04 21:34:33
13084,785,"Double charged on my credit card, fix this immediately!",Email Support,App Crash,0.6025,0,2026-09-07 22:52:33
13085,431,Love the new design update! Very smooth.,Twitter,Billing Defect,0.2613,1,2026-08-16 18:46:33
13086,776,System latency is terrible after the latest update.,Mobile App,Product Quality,0.6698,0,2026-08-26 13:42:33
13087,837,Customer support resolved my billing issue in 5 minutes.,Web Review,General Praise,0.2284,1,2026-08-30 03:30:33
13088,909,Package arrived damaged and customer support is ignoring my emails.,Web Review,Billing Defect,0.8922,0,2026-08-29 23:18:33
13089,278,"Major outage across the platform, unable to log in.",Mobile App,Shipping Delay,0.6291,0,2026-08-17 10:52:33
13090,679,"Great quality product, highly recommended!",Email Support,Shipping Delay,0.0288,1,2026-09-02 00:11:33
13091,193,"Major outage across the platform, unable to log in.",Call Center Note,General Praise,0.9733,0,2026-08-30 15:04:33
13092,561,Customer support resolved my billing issue in 5 minutes.,Call Center Note,UI Ergonomics,0.2364,1,2026-08-29 19:10:33
13093,100,Love the new design update! Very smooth.,Twitter,Billing Defect,0.1909,1,2026-08-25 01:26:33
13094,172,"Double charged on my credit card, fix this immediately!",Call Center Note,General Praise,0.8667,0,2026-09-05 02:19:33
13095,175,App keeps crashing during checkout payment step!,Twitter,Product Quality,0.6599,0,2026-08-24 14:32:33
13096,735,Fast shipping and nice packaging.,Web Review,UI Ergonomics,0.3624,1,2026-09-06 17:28:33
13097,679,Fast shipping and nice packaging.,Call Center Note,UI Ergonomics,0.1624,1,2026-08-23 07:55:33
13098,595,System latency is terrible after the latest update.,Twitter,Billing Defect,0.7962,0,2026-09-09 21:53:33
13099,767,Customer support resolved my billing issue in 5 minutes.,Web Review,General Praise,0.0527,1,2026-08-14 19:20:33
13100,643,"Great quality product, highly recommended!",Call Center Note,Product Quality,0.2782,1,2026-09-04 03:24:33
13101,960,Fast shipping and nice packaging.,Twitter,General Praise,0.141,1,2026-09-08 12:49:33
13102,717,"Great quality product, highly recommended!",Mobile App,General Praise,0.0812,1,2026-08-30 21:54:33
13103,624,"Double charged on my credit card, fix this immediately!",Call Center Note,General Praise,0.6124,0,2026-08-28 18:11:33
13104,262,App keeps crashing during checkout payment step!,Mobile App,Product Quality,0.6579,0,2026-08-16 16:03:33
13105,597,App keeps crashing during checkout payment step!,Web Review,Shipping Delay,0.9098,0,2026-08-26 09:17:33
13106,390,Fast shipping and nice packaging.,Web Review,Billing Defect,0.3198,1,2026-08-15 18:57:33
13107,575,System latency is terrible after the latest update.,Web Review,Shipping Delay,0.9873,0,2026-08-27 14:07:33
13108,404,Fast shipping and nice packaging.,Call Center Note,UI Ergonomics,0.1986,1,2026-09-09 12:13:33
13109,191,"Great quality product, highly recommended!",Web Review,App Crash,0.3539,1,2026-08-31 01:39:33
13110,134,Fast shipping and nice packaging.,Email Support,Shipping Delay,0.2763,1,2026-08-15 00:29:33
13111,815,"Double charged on my credit card, fix this immediately!",Twitter,UI Ergonomics,0.7412,0,2026-08-22 13:58:33
13112,678,System latency is terrible after the latest update.,Web Review,Product Quality,0.99,0,2026-08-22 00:05:33
13113,750,Fast shipping and nice packaging.,Call Center Note,General Praise,0.0316,1,2026-08-29 19:33:33
13114,310,System latency is terrible after the latest update.,Mobile App,General Praise,0.6891,0,2026-08-30 09:36:33
13115,458,Love the new design update! Very smooth.,Mobile App,App Crash,0.0717,1,2026-09-06 14:14:33
13116,536,System latency is terrible after the latest update.,Email Support,App Crash,0.8698,0,2026-08-17 02:00:33
13117,735,"Great quality product, highly recommended!",Call Center Note,Product Quality,0.3665,1,2026-08-28 18:45:33
13118,523,"Great quality product, highly recommended!",Web Review,App Crash,0.369,1,2026-08-27 02:29:33
13119,399,"Great quality product, highly recommended!",Twitter,Shipping Delay,0.3499,1,2026-08-25 05:33:33
13120,505,"Great quality product, highly recommended!",Call Center Note,Product Quality,0.2448,1,2026-09-09 07:51:33
13121,822,"Major outage across the platform, unable to log in.",Email Support,Shipping Delay,0.697,0,2026-09-08 20:05:33
13122,376,Customer support resolved my billing issue in 5 minutes.,Web Review,Shipping Delay,0.23,1,2026-08-14 07:10:33
13123,148,Customer support resolved my billing issue in 5 minutes.,Call Center Note,Shipping Delay,0.0584,1,2026-09-05 07:06:33
13124,323,Fast shipping and nice packaging.,Call Center Note,General Praise,0.2894,1,2026-09-06 18:47:33
13125,261,"Great quality product, highly recommended!",Mobile App,Billing Defect,0.0399,1,2026-09-08 12:06:33
13126,217,Love the new design update! Very smooth.,Web Review,Billing Defect,0.2765,1,2026-09-04 07:32:33
13127,393,"Major outage across the platform, unable to log in.",Web Review,Shipping Delay,0.7391,0,2026-08-28 20:09:33
13128,228,Customer support resolved my billing issue in 5 minutes.,Mobile App,App Crash,0.3437,1,2026-08-13 23:30:33
13129,968,Package arrived damaged and customer support is ignoring my emails.,Email Support,UI Ergonomics,0.8267,0,2026-08-16 10:25:33
13130,155,"Major outage across the platform, unable to log in.",Mobile App,App Crash,0.6894,0,2026-08-29 17:00:33
13131,984,App keeps crashing during checkout payment step!,Web Review,Shipping Delay,0.6816,0,2026-08-31 10:12:33
13132,696,Fast shipping and nice packaging.,Email Support,General Praise,0.0761,1,2026-09-03 23:15:33
13133,180,Fast shipping and nice packaging.,Call Center Note,Product Quality,0.3883,1,2026-08-23 10:58:33
13134,665,"Great quality product, highly recommended!",Email Support,App Crash,0.2823,1,2026-08-25 07:43:33
13135,186,Fast shipping and nice packaging.,Mobile App,App Crash,0.1552,1,2026-09-07 04:28:33
13136,403,Love the new design update! Very smooth.,Twitter,App Crash,0.354,1,2026-09-01 01:24:33
13137,354,"Double charged on my credit card, fix this immediately!",Twitter,Shipping Delay,0.6134,0,2026-09-03 08:08:33
13138,771,Package arrived damaged and customer support is ignoring my emails.,Mobile App,Billing Defect,0.7626,0,2026-08-27 05:28:33
13139,525,System latency is terrible after the latest update.,Call Center Note,General Praise,0.8857,0,2026-09-12 11:09:33
13140,133,"Major outage across the platform, unable to log in.",Call Center Note,General Praise,0.9325,0,2026-08-27 19:09:33
13141,387,Customer support resolved my billing issue in 5 minutes.,Web Review,Product Quality,0.2276,1,2026-08-15 19:09:33
13142,598,App keeps crashing during checkout payment step!,Web Review,Shipping Delay,0.8587,0,2026-08-16 10:46:33
13143,409,Customer support resolved my billing issue in 5 minutes.,Twitter,Shipping Delay,0.3974,1,2026-08-16 04:15:33
13144,954,"Major outage across the platform, unable to log in.",Email Support,Billing Defect,0.9176,0,2026-08-20 22:51:33
13145,387,"Major outage across the platform, unable to log in.",Web Review,UI Ergonomics,0.8438,0,2026-08-28 21:58:33
13146,871,Package arrived damaged and customer support is ignoring my emails.,Twitter,App Crash,0.8919,0,2026-08-22 16:00:33
13147,339,"Double charged on my credit card, fix this immediately!",Mobile App,App Crash,0.8494,0,2026-08-14 06:09:33
13148,210,System latency is terrible after the latest update.,Twitter,App Crash,0.8294,0,2026-08-13 23:17:33
13149,518,"Double charged on my credit card, fix this immediately!",Web Review,UI Ergonomics,0.6789,0,2026-08-16 14:23:33
13150,538,Love the new design update! Very smooth.,Web Review,Shipping Delay,0.2681,1,2026-08-14 00:06:33
13151,589,Fast shipping and nice packaging.,Call Center Note,Product Quality,0.0568,1,2026-08-29 07:50:33
13152,866,"Great quality product, highly recommended!",Mobile App,App Crash,0.0996,1,2026-08-26 04:03:33
13153,277,Customer support resolved my billing issue in 5 minutes.,Twitter,General Praise,0.0224,1,2026-09-08 23:48:33
13154,274,"Great quality product, highly recommended!",Twitter,Billing Defect,0.3264,1,2026-08-23 09:12:33
13155,653,"Double charged on my credit card, fix this immediately!",Email Support,UI Ergonomics,0.6187,0,2026-08-16 14:48:33
13156,834,Love the new design update! Very smooth.,Twitter,App Crash,0.0363,1,2026-08-19 13:02:33
13157,933,Package arrived damaged and customer support is ignoring my emails.,Web Review,Shipping Delay,0.6234,0,2026-09-07 09:18:33
13158,587,Love the new design update! Very smooth.,Web Review,Shipping Delay,0.3327,1,2026-08-25 08:53:33
13159,151,Customer support resolved my billing issue in 5 minutes.,Web Review,Shipping Delay,0.3703,1,2026-09-11 15:16:33
13160,793,Fast shipping and nice packaging.,Web Review,General Praise,0.0616,1,2026-08-20 06:26:33
13161,424,App keeps crashing during checkout payment step!,Call Center Note,Billing Defect,0.672,0,2026-09-09 03:19:33
13162,876,"Great quality product, highly recommended!",Call Center Note,Shipping Delay,0.1541,1,2026-08-25 02:38:33
13163,597,Customer support resolved my billing issue in 5 minutes.,Twitter,General Praise,0.3789,1,2026-08-22 01:21:33
13164,202,Love the new design update! Very smooth.,Twitter,Billing Defect,0.3178,1,2026-08-17 10:17:33
13165,625,Love the new design update! Very smooth.,Mobile App,App Crash,0.2124,1,2026-08-29 07:03:33
13166,860,Fast shipping and nice packaging.,Call Center Note,Billing Defect,0.3229,1,2026-08-16 21:10:33
13167,596,Love the new design update! Very smooth.,Email Support,General Praise,0.3452,1,2026-08-15 03:47:33
13168,460,Customer support resolved my billing issue in 5 minutes.,Mobile App,Product Quality,0.2393,1,2026-09-10 16:59:33
13169,425,"Great quality product, highly recommended!",Mobile App,UI Ergonomics,0.0713,1,2026-08-18 03:51:33
13170,497,"Double charged on my credit card, fix this immediately!",Email Support,App Crash,0.9621,0,2026-08-23 13:03:33
13171,469,Customer support resolved my billing issue in 5 minutes.,Email Support,App Crash,0.0654,1,2026-08-20 02:04:33
13172,428,"Double charged on my credit card, fix this immediately!",Email Support,Product Quality,0.7508,0,2026-09-11 22:04:33
13173,857,"Double charged on my credit card, fix this immediately!",Mobile App,General Praise,0.9635,0,2026-09-07 01:46:33
13174,401,Customer support resolved my billing issue in 5 minutes.,Email Support,UI Ergonomics,0.3905,1,2026-08-14 08:38:33
13175,713,"Major outage across the platform, unable to log in.",Call Center Note,Shipping Delay,0.7996,0,2026-08-14 01:14:33
13176,110,App keeps crashing during checkout payment step!,Email Support,Product Quality,0.9218,0,2026-08-30 16:46:33
13177,884,"Great quality product, highly recommended!",Email Support,App Crash,0.0285,1,2026-09-02 21:57:33
13178,749,Customer support resolved my billing issue in 5 minutes.,Twitter,App Crash,0.1589,1,2026-09-09 17:18:33
13179,289,Fast shipping and nice packaging.,Web Review,UI Ergonomics,0.0933,1,2026-09-04 02:19:33
13180,467,"Double charged on my credit card, fix this immediately!",Call Center Note,App Crash,0.664,0,2026-08-14 07:34:33
13181,185,Fast shipping and nice packaging.,Twitter,Product Quality,0.1397,1,2026-08-19 14:35:33
13182,261,Package arrived damaged and customer support is ignoring my emails.,Twitter,Product Quality,0.8291,0,2026-08-26 12:37:33
13183,887,Package arrived damaged and customer support is ignoring my emails.,Web Review,App Crash,0.9696,0,2026-08-15 10:20:33
13184,780,Package arrived damaged and customer support is ignoring my emails.,Call Center Note,UI Ergonomics,0.7263,0,2026-08-24 02:28:33
13185,931,Fast shipping and nice packaging.,Twitter,General Praise,0.2674,1,2026-09-01 02:43:33
13186,780,"Major outage across the platform, unable to log in.",Twitter,Billing Defect,0.8891,0,2026-09-02 03:41:33
13187,738,Package arrived damaged and customer support is ignoring my emails.,Call Center Note,Billing Defect,0.8653,0,2026-09-11 22:21:33
13188,309,"Great quality product, highly recommended!",Mobile App,App Crash,0.0388,1,2026-09-12 07:31:33
13189,687,Love the new design update! Very smooth.,Call Center Note,App Crash,0.0174,1,2026-08-20 15:56:33
13190,255,App keeps crashing during checkout payment step!,Mobile App,App Crash,0.6707,0,2026-08-16 23:43:33
13191,215,Package arrived damaged and customer support is ignoring my emails.,Email Support,Product Quality,0.8045,0,2026-08-20 12:14:33
13192,511,Fast shipping and nice packaging.,Email Support,Billing Defect,0.2143,1,2026-08-18 05:59:33
13193,368,Love the new design update! Very smooth.,Call Center Note,Product Quality,0.2123,1,2026-08-16 04:18:33
13194,957,Package arrived damaged and customer support is ignoring my emails.,Mobile App,Billing Defect,0.9,0,2026-08-31 04:30:33
13195,609,"Major outage across the platform, unable to log in.",Web Review,General Praise,0.9662,0,2026-09-06 09:13:33
13196,894,"Great quality product, highly recommended!",Web Review,General Praise,0.2083,1,2026-08-31 19:12:33
13197,893,System latency is terrible after the latest update.,Mobile App,Product Quality,0.8996,0,2026-09-02 07:55:33
13198,284,Customer support resolved my billing issue in 5 minutes.,Mobile App,Product Quality,0.1185,1,2026-08-19 22:19:33
13199,283,Fast shipping and nice packaging.,Mobile App,App Crash,0.3235,1,2026-08-21 20:19:33
13200,267,App keeps crashing during checkout payment step!,Call Center Note,Shipping Delay,0.6182,0,2026-09-06 17:23:33
13201,597,App keeps crashing during checkout payment step!,Call Center Note,Product Quality,0.7126,0,2026-08-18 14:39:33
13202,945,"Major outage across the platform, unable to log in.",Web Review,Product Quality,0.7786,0,2026-09-10 06:03:33
13203,639,"Great quality product, highly recommended!",Mobile App,General Praise,0.2301,1,2026-08-20 20:08:33
13204,662,Customer support resolved my billing issue in 5 minutes.,Mobile App,Billing Defect,0.0444,1,2026-08-23 11:59:33
13205,855,Fast shipping and nice packaging.,Twitter,General Praise,0.1639,1,2026-08-13 14:44:33
13206,865,Package arrived damaged and customer support is ignoring my emails.,Twitter,Product Quality,0.9745,0,2026-08-28 20:08:33
13207,198,System latency is terrible after the latest update.,Mobile App,Shipping Delay,0.6754,0,2026-09-11 06:31:33
13208,642,"Double charged on my credit card, fix this immediately!",Twitter,Product Quality,0.7081,0,2026-08-13 14:30:33
13209,962,Customer support resolved my billing issue in 5 minutes.,Call Center Note,App Crash,0.37,1,2026-09-08 05:03:33
13210,507,Love the new design update! Very smooth.,Call Center Note,General Praise,0.0239,1,2026-09-02 04:29:33
13211,349,System latency is terrible after the latest update.,Twitter,App Crash,0.9025,0,2026-09-07 19:30:33
13212,613,Customer support resolved my billing issue in 5 minutes.,Call Center Note,UI Ergonomics,0.3528,1,2026-08-22 19:04:33
13213,864,System latency is terrible after the latest update.,Mobile App,Product Quality,0.763,0,2026-08-28 19:39:33
13214,565,Fast shipping and nice packaging.,Mobile App,App Crash,0.0708,1,2026-09-02 06:31:33
13215,176,Love the new design update! Very smooth.,Twitter,App Crash,0.0003,1,2026-09-05 12:55:33
13216,834,Customer support resolved my billing issue in 5 minutes.,Call Center Note,App Crash,0.36,1,2026-08-18 00:42:33
13217,291,Customer support resolved my billing issue in 5 minutes.,Web Review,General Praise,0.1397,1,2026-09-09 19:52:33
13218,433,Love the new design update! Very smooth.,Mobile App,UI Ergonomics,0.2113,1,2026-09-04 11:11:33
13219,532,Love the new design update! Very smooth.,Email Support,Product Quality,0.2603,1,2026-08-21 02:52:33
13220,976,"Major outage across the platform, unable to log in.",Email Support,App Crash,0.8091,0,2026-08-16 22:24:33
13221,519,Fast shipping and nice packaging.,Mobile App,UI Ergonomics,0.2427,1,2026-09-05 10:00:33
13222,529,"Great quality product, highly recommended!",Call Center Note,Product Quality,0.388,1,2026-09-11 19:01:33
13223,609,Package arrived damaged and customer support is ignoring my emails.,Twitter,General Praise,0.74,0,2026-08-14 06:35:33
13224,485,Customer support resolved my billing issue in 5 minutes.,Email Support,General Praise,0.2806,1,2026-08-31 16:30:33
13225,462,Customer support resolved my billing issue in 5 minutes.,Call Center Note,Billing Defect,0.2447,1,2026-08-19 19:32:33
13226,619,"Double charged on my credit card, fix this immediately!",Call Center Note,Product Quality,0.7232,0,2026-08-20 21:55:33
13227,787,"Double charged on my credit card, fix this immediately!",Web Review,General Praise,0.8409,0,2026-09-11 11:36:33
13228,239,System latency is terrible after the latest update.,Call Center Note,Product Quality,0.8953,0,2026-08-14 12:57:33
13229,732,Fast shipping and nice packaging.,Web Review,UI Ergonomics,0.0571,1,2026-09-09 09:08:33
13230,548,"Great quality product, highly recommended!",Call Center Note,Product Quality,0.0252,1,2026-08-31 13:20:33
13231,709,Love the new design update! Very smooth.,Web Review,Shipping Delay,0.2213,1,2026-09-05 04:23:33
13232,971,Package arrived damaged and customer support is ignoring my emails.,Call Center Note,Shipping Delay,0.8742,0,2026-08-31 23:28:33
13233,722,"Major outage across the platform, unable to log in.",Call Center Note,Shipping Delay,0.6774,0,2026-08-18 15:20:33
13234,569,Customer support resolved my billing issue in 5 minutes.,Call Center Note,General Praise,0.1156,1,2026-08-29 03:27:33
13235,646,"Major outage across the platform, unable to log in.",Mobile App,UI Ergonomics,0.8146,0,2026-08-26 20:24:33
13236,423,Love the new design update! Very smooth.,Mobile App,Product Quality,0.1061,1,2026-08-21 02:27:33
13237,434,Fast shipping and nice packaging.,Twitter,Billing Defect,0.3503,1,2026-08-14 22:42:33
13238,140,"Double charged on my credit card, fix this immediately!",Web Review,UI Ergonomics,0.9845,0,2026-08-26 17:02:33
13239,657,Love the new design update! Very smooth.,Twitter,Shipping Delay,0.0072,1,2026-09-06 20:23:33
13240,888,"Great quality product, highly recommended!",Twitter,Billing Defect,0.208,1,2026-09-07 20:01:33
13241,923,Customer support resolved my billing issue in 5 minutes.,Mobile App,Shipping Delay,0.35,1,2026-09-04 11:23:33
13242,733,"Major outage across the platform, unable to log in.",Call Center Note,General Praise,0.8204,0,2026-09-04 01:51:33
13243,525,App keeps crashing during checkout payment step!,Twitter,Billing Defect,0.8213,0,2026-08-20 07:34:33
13244,113,Fast shipping and nice packaging.,Mobile App,Billing Defect,0.3153,1,2026-08-23 04:54:33
13245,878,Package arrived damaged and customer support is ignoring my emails.,Web Review,Billing Defect,0.8881,0,2026-09-09 11:13:33
13246,117,"Great quality product, highly recommended!",Email Support,UI Ergonomics,0.258,1,2026-08-26 20:12:33
13247,296,Package arrived damaged and customer support is ignoring my emails.,Web Review,Product Quality,0.9069,0,2026-08-26 21:45:33
13248,591,Love the new design update! Very smooth.,Mobile App,General Praise,0.2011,1,2026-08-18 21:38:33
13249,758,Customer support resolved my billing issue in 5 minutes.,Mobile App,Billing Defect,0.1658,1,2026-08-18 15:50:33
13250,804,Customer support resolved my billing issue in 5 minutes.,Mobile App,Billing Defect,0.1711,1,2026-08-24 00:38:33
13251,358,Package arrived damaged and customer support is ignoring my emails.,Twitter,Product Quality,0.7212,0,2026-09-09 14:38:33
13252,781,Fast shipping and nice packaging.,Email Support,UI Ergonomics,0.1936,1,2026-09-07 22:35:33
13253,483,Fast shipping and nice packaging.,Twitter,Shipping Delay,0.3274,1,2026-08-15 06:35:33
13254,452,"Double charged on my credit card, fix this immediately!",Call Center Note,Product Quality,0.6467,0,2026-09-02 08:51:33
13255,535,Customer support resolved my billing issue in 5 minutes.,Twitter,App Crash,0.1262,1,2026-08-21 17:53:33
13256,320,App keeps crashing during checkout payment step!,Email Support,UI Ergonomics,0.7327,0,2026-08-14 20:31:33
13257,498,Package arrived damaged and customer support is ignoring my emails.,Email Support,Product Quality,0.7922,0,2026-08-26 15:36:33
13258,328,"Great quality product, highly recommended!",Call Center Note,UI Ergonomics,0.1489,1,2026-08-28 08:46:33
13259,420,"Double charged on my credit card, fix this immediately!",Mobile App,UI Ergonomics,0.8138,0,2026-08-17 05:48:33
13260,456,"Great quality product, highly recommended!",Twitter,Billing Defect,0.1332,1,2026-08-21 01:58:33
13261,355,Love the new design update! Very smooth.,Web Review,App Crash,0.0013,1,2026-09-12 11:34:33
13262,169,App keeps crashing during checkout payment step!,Web Review,App Crash,0.9722,0,2026-09-11 15:34:33
13263,535,System latency is terrible after the latest update.,Email Support,Product Quality,0.7979,0,2026-09-11 18:14:33
13264,669,Customer support resolved my billing issue in 5 minutes.,Email Support,General Praise,0.247,1,2026-08-28 03:17:33
13265,784,Customer support resolved my billing issue in 5 minutes.,Email Support,App Crash,0.0724,1,2026-08-29 06:38:33
13266,218,Package arrived damaged and customer support is ignoring my emails.,Call Center Note,Shipping Delay,0.6406,0,2026-09-04 18:48:33
13267,156,App keeps crashing during checkout payment step!,Email Support,Billing Defect,0.7795,0,2026-09-06 14:19:33
13268,713,Love the new design update! Very smooth.,Mobile App,Shipping Delay,0.1453,1,2026-09-02 22:00:33
13269,883,"Great quality product, highly recommended!",Email Support,General Praise,0.1886,1,2026-08-23 07:03:33
13270,994,"Double charged on my credit card, fix this immediately!",Call Center Note,General Praise,0.719,0,2026-08-26 23:30:33
13271,694,System latency is terrible after the latest update.,Email Support,General Praise,0.6476,0,2026-09-08 12:11:33
13272,717,"Great quality product, highly recommended!",Twitter,Billing Defect,0.1158,1,2026-08-28 16:32:33
13273,327,"Major outage across the platform, unable to log in.",Twitter,Billing Defect,0.8137,0,2026-09-06 15:09:33
13274,170,App keeps crashing during checkout payment step!,Twitter,App Crash,0.9495,0,2026-09-11 20:10:33
13275,138,Customer support resolved my billing issue in 5 minutes.,Call Center Note,UI Ergonomics,0.1708,1,2026-09-05 13:08:33
13276,670,Customer support resolved my billing issue in 5 minutes.,Mobile App,Shipping Delay,0.3248,1,2026-08-21 10:34:33
13277,392,Fast shipping and nice packaging.,Call Center Note,UI Ergonomics,0.0785,1,2026-08-21 21:20:33
13278,225,App keeps crashing during checkout payment step!,Web Review,General Praise,0.7254,0,2026-08-27 10:21:33
13279,846,Customer support resolved my billing issue in 5 minutes.,Twitter,UI Ergonomics,0.3706,1,2026-09-05 19:30:33
13280,209,"Major outage across the platform, unable to log in.",Email Support,UI Ergonomics,0.8258,0,2026-09-04 06:55:33
13281,608,Package arrived damaged and customer support is ignoring my emails.,Mobile App,General Praise,0.9477,0,2026-09-04 07:49:33
13282,706,Fast shipping and nice packaging.,Web Review,Product Quality,0.3734,1,2026-08-16 11:44:33
13283,505,Customer support resolved my billing issue in 5 minutes.,Twitter,Product Quality,0.084,1,2026-09-10 00:48:33
13284,540,Fast shipping and nice packaging.,Email Support,Shipping Delay,0.2516,1,2026-08-15 21:56:33
13285,214,Love the new design update! Very smooth.,Mobile App,Product Quality,0.2758,1,2026-09-09 14:56:33
13286,117,Fast shipping and nice packaging.,Call Center Note,App Crash,0.0912,1,2026-08-29 00:12:33
13287,519,App keeps crashing during checkout payment step!,Call Center Note,Shipping Delay,0.8161,0,2026-08-26 14:25:33
13288,853,Package arrived damaged and customer support is ignoring my emails.,Call Center Note,Product Quality,0.7559,0,2026-08-27 01:24:33
13289,548,Fast shipping and nice packaging.,Twitter,Product Quality,0.2331,1,2026-08-30 09:34:33
13290,827,Fast shipping and nice packaging.,Call Center Note,Shipping Delay,0.1314,1,2026-09-06 04:17:33
13291,962,"Major outage across the platform, unable to log in.",Call Center Note,Billing Defect,0.8968,0,2026-08-21 16:05:33
13292,573,System latency is terrible after the latest update.,Call Center Note,Product Quality,0.8981,0,2026-09-11 05:51:33
13293,653,Customer support resolved my billing issue in 5 minutes.,Twitter,General Praise,0.1197,1,2026-09-10 04:59:33
13294,573,Fast shipping and nice packaging.,Mobile App,Shipping Delay,0.3595,1,2026-09-08 22:35:33
13295,930,"Great quality product, highly recommended!",Mobile App,Shipping Delay,0.3702,1,2026-08-22 21:32:33
13296,500,Customer support resolved my billing issue in 5 minutes.,Call Center Note,Billing Defect,0.2092,1,2026-08-17 07:04:33
13297,314,"Double charged on my credit card, fix this immediately!",Call Center Note,Product Quality,0.8553,0,2026-08-29 01:39:33
13298,691,Love the new design update! Very smooth.,Twitter,Product Quality,0.3101,1,2026-09-04 21:28:33
13299,444,Love the new design update! Very smooth.,Call Center Note,Billing Defect,0.11,1,2026-08-14 13:10:33
13300,555,Customer support resolved my billing issue in 5 minutes.,Web Review,Product Quality,0.3334,1,2026-08-15 15:44:33
13301,535,"Double charged on my credit card, fix this immediately!",Web Review,Product Quality,0.8241,0,2026-08-22 23:18:33
13302,948,Package arrived damaged and customer support is ignoring my emails.,Email Support,General Praise,0.6358,0,2026-09-05 11:33:33
13303,575,Love the new design update! Very smooth.,Mobile App,General Praise,0.3018,1,2026-08-28 00:12:33
13304,862,System latency is terrible after the latest update.,Mobile App,Billing Defect,0.608,0,2026-09-08 17:12:33
13305,354,"Major outage across the platform, unable to log in.",Call Center Note,App Crash,0.6319,0,2026-09-08 14:50:33
13306,986,"Great quality product, highly recommended!",Email Support,Shipping Delay,0.0538,1,2026-08-19 00:52:33
13307,160,System latency is terrible after the latest update.,Call Center Note,Shipping Delay,0.6169,0,2026-09-06 20:47:33
13308,435,Love the new design update! Very smooth.,Mobile App,App Crash,0.0171,1,2026-08-27 03:22:33
13309,171,System latency is terrible after the latest update.,Email Support,General Praise,0.6826,0,2026-09-06 16:20:33
13310,243,Fast shipping and nice packaging.,Web Review,Billing Defect,0.303,1,2026-08-23 09:28:33
13311,314,Fast shipping and nice packaging.,Email Support,App Crash,0.2273,1,2026-09-10 16:10:33
13312,657,App keeps crashing during checkout payment step!,Email Support,UI Ergonomics,0.8507,0,2026-08-17 15:06:33
13313,352,Package arrived damaged and customer support is ignoring my emails.,Mobile App,General Praise,0.7801,0,2026-08-28 17:34:33
13314,599,Fast shipping and nice packaging.,Call Center Note,App Crash,0.0958,1,2026-08-29 18:25:33
13315,397,App keeps crashing during checkout payment step!,Twitter,UI Ergonomics,0.6405,0,2026-09-10 10:27:33
13316,345,"Double charged on my credit card, fix this immediately!",Web Review,UI Ergonomics,0.9353,0,2026-08-21 18:53:33
13317,531,Customer support resolved my billing issue in 5 minutes.,Web Review,UI Ergonomics,0.2179,1,2026-08-13 17:32:33
13318,633,"Double charged on my credit card, fix this immediately!",Mobile App,UI Ergonomics,0.718,0,2026-08-25 02:49:33
13319,207,System latency is terrible after the latest update.,Call Center Note,General Praise,0.6306,0,2026-09-03 12:51:33
13320,309,"Great quality product, highly recommended!",Email Support,Product Quality,0.2538,1,2026-09-11 09:48:33
13321,143,Fast shipping and nice packaging.,Email Support,Billing Defect,0.3313,1,2026-08-15 05:20:33
13322,238,"Major outage across the platform, unable to log in.",Web Review,App Crash,0.8187,0,2026-08-13 21:27:33
13323,532,System latency is terrible after the latest update.,Twitter,Product Quality,0.7679,0,2026-08-18 04:19:33
13324,564,Package arrived damaged and customer support is ignoring my emails.,Mobile App,Product Quality,0.8706,0,2026-09-08 20:51:33
13325,122,Package arrived damaged and customer support is ignoring my emails.,Call Center Note,UI Ergonomics,0.9177,0,2026-09-08 16:36:33
13326,366,Fast shipping and nice packaging.,Call Center Note,General Praise,0.1981,1,2026-08-13 16:20:33
13327,881,Customer support resolved my billing issue in 5 minutes.,Email Support,Product Quality,0.2023,1,2026-09-05 16:32:33
13328,872,"Great quality product, highly recommended!",Email Support,Billing Defect,0.3485,1,2026-08-24 07:25:33
13329,564,"Great quality product, highly recommended!",Twitter,UI Ergonomics,0.2151,1,2026-08-19 03:04:33
13330,535,Customer support resolved my billing issue in 5 minutes.,Call Center Note,Product Quality,0.0085,1,2026-08-18 23:17:33
13331,940,Fast shipping and nice packaging.,Email Support,General Praise,0.3357,1,2026-08-15 02:46:33
13332,878,"Double charged on my credit card, fix this immediately!",Call Center Note,Billing Defect,0.8363,0,2026-09-05 14:28:33
13333,865,Fast shipping and nice packaging.,Email Support,Product Quality,0.1773,1,2026-08-23 15:23:33
13334,879,Customer support resolved my billing issue in 5 minutes.,Web Review,UI Ergonomics,0.1619,1,2026-08-14 03:37:33
13335,108,Love the new design update! Very smooth.,Call Center Note,Billing Defect,0.093,1,2026-09-10 20:33:33
13336,945,"Great quality product, highly recommended!",Web Review,Billing Defect,0.0772,1,2026-08-21 23:53:33
13337,370,Fast shipping and nice packaging.,Twitter,Billing Defect,0.0533,1,2026-08-25 10:33:33
13338,338,"Double charged on my credit card, fix this immediately!",Mobile App,Product Quality,0.9449,0,2026-08-15 02:28:33
13339,237,"Great quality product, highly recommended!",Mobile App,Shipping Delay,0.1801,1,2026-08-26 05:42:33
13340,606,App keeps crashing during checkout payment step!,Call Center Note,General Praise,0.8829,0,2026-08-25 21:38:33
13341,480,"Double charged on my credit card, fix this immediately!",Twitter,Product Quality,0.6638,0,2026-09-11 19:00:33
13342,730,"Major outage across the platform, unable to log in.",Email Support,Billing Defect,0.7931,0,2026-09-11 09:13:33
13343,657,Customer support resolved my billing issue in 5 minutes.,Web Review,Billing Defect,0.3003,1,2026-09-09 05:59:33
13344,499,Fast shipping and nice packaging.,Email Support,Product Quality,0.0604,1,2026-09-01 00:49:33
13345,607,"Double charged on my credit card, fix this immediately!",Email Support,App Crash,0.7493,0,2026-08-21 23:03:33
13346,810,Package arrived damaged and customer support is ignoring my emails.,Twitter,App Crash,0.933,0,2026-09-01 14:18:33
13347,152,"Major outage across the platform, unable to log in.",Mobile App,App Crash,0.9314,0,2026-08-27 10:04:33
13348,490,System latency is terrible after the latest update.,Twitter,Billing Defect,0.6397,0,2026-09-04 03:07:33
13349,811,"Major outage across the platform, unable to log in.",Twitter,Billing Defect,0.7597,0,2026-08-20 09:50:33
13350,898,Love the new design update! Very smooth.,Twitter,UI Ergonomics,0.2378,1,2026-09-01 08:43:33
13351,301,Love the new design update! Very smooth.,Web Review,Product Quality,0.2285,1,2026-09-09 01:38:33
13352,719,Package arrived damaged and customer support is ignoring my emails.,Email Support,Billing Defect,0.7859,0,2026-08-16 05:52:33
13353,917,"Double charged on my credit card, fix this immediately!",Call Center Note,Billing Defect,0.6546,0,2026-08-14 16:48:33
13354,191,Customer support resolved my billing issue in 5 minutes.,Twitter,Billing Defect,0.2461,1,2026-09-12 07:08:33
13355,309,Customer support resolved my billing issue in 5 minutes.,Call Center Note,UI Ergonomics,0.0374,1,2026-09-08 07:02:33
13356,177,"Major outage across the platform, unable to log in.",Web Review,UI Ergonomics,0.789,0,2026-08-20 00:06:33
13357,359,App keeps crashing during checkout payment step!,Email Support,General Praise,0.9217,0,2026-08-26 05:31:33
13358,213,Love the new design update! Very smooth.,Call Center Note,App Crash,0.3995,1,2026-09-07 10:03:33
13359,106,Love the new design update! Very smooth.,Web Review,Shipping Delay,0.1896,1,2026-08-27 11:04:33
13360,248,App keeps crashing during checkout payment step!,Twitter,Shipping Delay,0.9933,0,2026-08-26 20:35:33
13361,247,Customer support resolved my billing issue in 5 minutes.,Mobile App,General Praise,0.0735,1,2026-08-31 14:23:33
13362,701,Package arrived damaged and customer support is ignoring my emails.,Email Support,Billing Defect,0.6724,0,2026-08-19 23:25:33
13363,412,Love the new design update! Very smooth.,Web Review,UI Ergonomics,0.2333,1,2026-08-21 17:20:33
13364,287,App keeps crashing during checkout payment step!,Web Review,General Praise,0.6833,0,2026-09-10 23:38:33
13365,233,App keeps crashing during checkout payment step!,Web Review,UI Ergonomics,0.6899,0,2026-08-17 02:35:33
13366,124,"Great quality product, highly recommended!",Twitter,Shipping Delay,0.2881,1,2026-08-29 05:11:33
13367,459,"Great quality product, highly recommended!",Mobile App,UI Ergonomics,0.2337,1,2026-08-15 04:53:33
13368,213,App keeps crashing during checkout payment step!,Email Support,Product Quality,0.83,0,2026-09-08 23:30:33
13369,540,Love the new design update! Very smooth.,Call Center Note,UI Ergonomics,0.0683,1,2026-08-26 12:17:33
13370,669,Fast shipping and nice packaging.,Web Review,Product Quality,0.1021,1,2026-09-01 16:35:33
13371,160,System latency is terrible after the latest update.,Mobile App,Product Quality,0.7517,0,2026-09-06 10:25:33
13372,623,System latency is terrible after the latest update.,Twitter,UI Ergonomics,0.7035,0,2026-09-12 10:25:33
13373,212,Love the new design update! Very smooth.,Call Center Note,Billing Defect,0.3907,1,2026-09-04 20:23:33
13374,547,"Major outage across the platform, unable to log in.",Email Support,Billing Defect,0.6523,0,2026-08-15 19:24:33
13375,847,Customer support resolved my billing issue in 5 minutes.,Twitter,App Crash,0.1572,1,2026-08-28 08:32:33
13376,622,"Great quality product, highly recommended!",Web Review,Shipping Delay,0.2161,1,2026-09-02 22:53:33
13377,220,Love the new design update! Very smooth.,Twitter,Product Quality,0.2017,1,2026-09-06 12:53:33
13378,251,"Great quality product, highly recommended!",Mobile App,App Crash,0.1727,1,2026-08-16 12:25:33
13379,603,Customer support resolved my billing issue in 5 minutes.,Twitter,Billing Defect,0.2974,1,2026-08-29 20:50:33
13380,879,Love the new design update! Very smooth.,Twitter,Billing Defect,0.3515,1,2026-08-16 07:00:33
13381,354,"Major outage across the platform, unable to log in.",Email Support,General Praise,0.8076,0,2026-08-31 20:56:33
13382,103,Love the new design update! Very smooth.,Call Center Note,Product Quality,0.2449,1,2026-09-08 12:54:33
13383,221,Love the new design update! Very smooth.,Web Review,Billing Defect,0.0485,1,2026-08-14 13:41:33
13384,871,Love the new design update! Very smooth.,Twitter,App Crash,0.1538,1,2026-08-19 20:05:33
13385,859,Customer support resolved my billing issue in 5 minutes.,Call Center Note,General Praise,0.3735,1,2026-09-06 17:25:33
13386,732,Fast shipping and nice packaging.,Mobile App,UI Ergonomics,0.296,1,2026-08-13 22:08:33
13387,962,"Great quality product, highly recommended!",Mobile App,Product Quality,0.1201,1,2026-09-01 20:54:33
13388,141,"Great quality product, highly recommended!",Mobile App,Billing Defect,0.1554,1,2026-09-09 16:11:33
13389,355,"Great quality product, highly recommended!",Web Review,Billing Defect,0.2737,1,2026-08-17 22:07:33
13390,184,Customer support resolved my billing issue in 5 minutes.,Mobile App,Product Quality,0.3812,1,2026-08-17 09:26:33
13391,478,"Major outage across the platform, unable to log in.",Email Support,Shipping Delay,0.8221,0,2026-09-05 07:54:33
13392,416,"Major outage across the platform, unable to log in.",Twitter,Billing Defect,0.9851,0,2026-08-22 02:58:33
13393,308,Love the new design update! Very smooth.,Email Support,App Crash,0.0274,1,2026-08-26 03:46:33
13394,484,Love the new design update! Very smooth.,Call Center Note,Product Quality,0.1786,1,2026-09-09 16:45:33
13395,379,"Major outage across the platform, unable to log in.",Web Review,UI Ergonomics,0.9562,0,2026-09-02 14:46:33
13396,663,App keeps crashing during checkout payment step!,Twitter,Shipping Delay,0.6382,0,2026-09-11 19:47:33
13397,652,Customer support resolved my billing issue in 5 minutes.,Mobile App,General Praise,0.2825,1,2026-09-05 14:11:33
13398,625,"Double charged on my credit card, fix this immediately!",Web Review,Product Quality,0.861,0,2026-08-26 16:03:33
13399,500,Customer support resolved my billing issue in 5 minutes.,Twitter,Billing Defect,0.3844,1,2026-09-06 16:16:33
13400,805,App keeps crashing during checkout payment step!,Email Support,App Crash,0.7988,0,2026-09-03 19:07:33
13401,297,Package arrived damaged and customer support is ignoring my emails.,Web Review,Shipping Delay,0.8549,0,2026-08-20 18:55:33
13402,565,Customer support resolved my billing issue in 5 minutes.,Mobile App,Billing Defect,0.1378,1,2026-08-26 22:15:33
13403,890,"Major outage across the platform, unable to log in.",Call Center Note,App Crash,0.6379,0,2026-09-07 14:58:33
13404,803,Love the new design update! Very smooth.,Web Review,Billing Defect,0.2196,1,2026-09-11 02:44:33
13405,118,Package arrived damaged and customer support is ignoring my emails.,Email Support,General Praise,0.7384,0,2026-08-31 14:40:33
13406,716,App keeps crashing during checkout payment step!,Twitter,App Crash,0.6243,0,2026-08-16 00:54:33
13407,187,System latency is terrible after the latest update.,Twitter,Product Quality,0.6094,0,2026-08-24 13:04:33
13408,191,Fast shipping and nice packaging.,Twitter,App Crash,0.0347,1,2026-08-19 07:18:33
13409,191,Fast shipping and nice packaging.,Twitter,Billing Defect,0.0275,1,2026-09-12 07:42:33
13410,853,"Great quality product, highly recommended!",Web Review,UI Ergonomics,0.0046,1,2026-08-28 07:30:33
13411,842,Package arrived damaged and customer support is ignoring my emails.,Mobile App,Shipping Delay,0.7248,0,2026-09-12 07:57:33
13412,529,"Double charged on my credit card, fix this immediately!",Twitter,General Praise,0.9914,0,2026-08-27 03:55:33
13413,190,App keeps crashing during checkout payment step!,Email Support,App Crash,0.6428,0,2026-08-13 19:53:33
13414,416,"Double charged on my credit card, fix this immediately!",Web Review,App Crash,0.9856,0,2026-08-25 07:49:33
13415,185,"Major outage across the platform, unable to log in.",Web Review,UI Ergonomics,0.9844,0,2026-09-06 20:30:33
13416,867,Package arrived damaged and customer support is ignoring my emails.,Twitter,UI Ergonomics,0.9027,0,2026-08-21 20:35:33
13417,967,App keeps crashing during checkout payment step!,Web Review,General Praise,0.8038,0,2026-08-31 03:35:33
13418,976,Fast shipping and nice packaging.,Twitter,Shipping Delay,0.3811,1,2026-08-17 00:04:33
13419,518,Fast shipping and nice packaging.,Call Center Note,UI Ergonomics,0.3535,1,2026-09-05 18:10:33
13420,400,"Great quality product, highly recommended!",Web Review,UI Ergonomics,0.316,1,2026-08-17 04:21:33
13421,470,Love the new design update! Very smooth.,Mobile App,Billing Defect,0.2556,1,2026-09-01 07:17:33
13422,410,Love the new design update! Very smooth.,Call Center Note,Product Quality,0.3225,1,2026-09-04 12:23:33
13423,420,Customer support resolved my billing issue in 5 minutes.,Email Support,App Crash,0.0502,1,2026-08-27 12:23:33
13424,871,System latency is terrible after the latest update.,Web Review,Product Quality,0.9515,0,2026-08-20 10:50:33
13425,909,Customer support resolved my billing issue in 5 minutes.,Web Review,Shipping Delay,0.0348,1,2026-09-10 00:48:33
13426,362,"Great quality product, highly recommended!",Call Center Note,App Crash,0.0655,1,2026-08-14 07:11:33
13427,758,"Great quality product, highly recommended!",Mobile App,Billing Defect,0.3204,1,2026-08-18 02:49:33
13428,659,Fast shipping and nice packaging.,Call Center Note,Billing Defect,0.3096,1,2026-09-06 16:37:33
13429,784,"Double charged on my credit card, fix this immediately!",Web Review,App Crash,0.601,0,2026-08-27 11:26:33
13430,612,"Major outage across the platform, unable to log in.",Call Center Note,App Crash,0.9156,0,2026-08-16 11:09:33
13431,529,"Great quality product, highly recommended!",Call Center Note,Billing Defect,0.2347,1,2026-08-31 22:57:33
13432,200,Love the new design update! Very smooth.,Mobile App,Billing Defect,0.1389,1,2026-08-21 18:55:33
13433,772,Package arrived damaged and customer support is ignoring my emails.,Email Support,Billing Defect,0.7244,0,2026-08-22 00:06:33
13434,511,App keeps crashing during checkout payment step!,Mobile App,Shipping Delay,0.6474,0,2026-09-10 08:07:33
13435,345,Fast shipping and nice packaging.,Web Review,App Crash,0.0017,1,2026-08-18 02:10:33
13436,159,Fast shipping and nice packaging.,Twitter,App Crash,0.0211,1,2026-08-16 08:39:33
13437,557,Customer support resolved my billing issue in 5 minutes.,Call Center Note,Product Quality,0.042,1,2026-09-10 20:47:33
13438,926,Love the new design update! Very smooth.,Email Support,Billing Defect,0.0321,1,2026-08-14 02:50:33
13439,346,System latency is terrible after the latest update.,Mobile App,General Praise,0.9253,0,2026-09-05 02:35:33
13440,668,Fast shipping and nice packaging.,Web Review,Billing Defect,0.3048,1,2026-08-18 07:03:33
13441,259,Fast shipping and nice packaging.,Email Support,General Praise,0.3536,1,2026-09-10 14:10:33
13442,364,Love the new design update! Very smooth.,Mobile App,Product Quality,0.2887,1,2026-09-12 00:13:33
13443,436,System latency is terrible after the latest update.,Email Support,Billing Defect,0.9286,0,2026-09-11 03:06:33
13444,448,"Double charged on my credit card, fix this immediately!",Twitter,Shipping Delay,0.9833,0,2026-09-06 15:26:33
13445,270,App keeps crashing during checkout payment step!,Call Center Note,Product Quality,0.6091,0,2026-09-02 16:59:33
13446,898,Love the new design update! Very smooth.,Web Review,Product Quality,0.1887,1,2026-08-16 01:50:33
13447,525,Fast shipping and nice packaging.,Mobile App,UI Ergonomics,0.0448,1,2026-08-14 18:26:33
13448,581,Love the new design update! Very smooth.,Twitter,App Crash,0.3117,1,2026-08-22 17:55:33
13449,602,Fast shipping and nice packaging.,Mobile App,Product Quality,0.1005,1,2026-08-22 12:38:33
13450,999,Customer support resolved my billing issue in 5 minutes.,Web Review,Product Quality,0.0161,1,2026-08-18 08:14:33
13451,393,Love the new design update! Very smooth.,Call Center Note,Billing Defect,0.0728,1,2026-09-07 12:06:33
13452,612,Package arrived damaged and customer support is ignoring my emails.,Mobile App,Billing Defect,0.7862,0,2026-08-21 05:47:33
13453,886,"Great quality product, highly recommended!",Twitter,App Crash,0.0777,1,2026-08-31 12:08:33
13454,224,Customer support resolved my billing issue in 5 minutes.,Web Review,Product Quality,0.3881,1,2026-08-15 05:58:33
13455,881,Fast shipping and nice packaging.,Web Review,Product Quality,0.241,1,2026-08-29 13:20:33
13456,583,"Great quality product, highly recommended!",Mobile App,UI Ergonomics,0.1594,1,2026-09-02 15:43:33
13457,734,"Great quality product, highly recommended!",Mobile App,App Crash,0.0265,1,2026-09-08 19:49:33
13458,998,"Great quality product, highly recommended!",Twitter,Billing Defect,0.2788,1,2026-08-28 03:58:33
13459,405,App keeps crashing during checkout payment step!,Twitter,UI Ergonomics,0.9355,0,2026-08-16 19:49:33
13460,472,App keeps crashing during checkout payment step!,Mobile App,General Praise,0.687,0,2026-09-06 07:19:33
13461,316,Customer support resolved my billing issue in 5 minutes.,Mobile App,Product Quality,0.1128,1,2026-09-07 00:16:33
13462,975,Customer support resolved my billing issue in 5 minutes.,Email Support,Product Quality,0.1154,1,2026-08-16 12:27:33
13463,209,App keeps crashing during checkout payment step!,Web Review,Product Quality,0.7206,0,2026-08-16 21:53:33
13464,147,"Great quality product, highly recommended!",Twitter,Billing Defect,0.3433,1,2026-08-30 06:41:33
13465,473,Fast shipping and nice packaging.,Call Center Note,UI Ergonomics,0.1905,1,2026-08-26 18:02:33
13466,988,Customer support resolved my billing issue in 5 minutes.,Call Center Note,Shipping Delay,0.0924,1,2026-08-24 02:33:33
13467,433,App keeps crashing during checkout payment step!,Mobile App,Billing Defect,0.6374,0,2026-08-26 02:01:33
13468,259,Fast shipping and nice packaging.,Web Review,Product Quality,0.1038,1,2026-09-09 03:37:33
13469,352,Love the new design update! Very smooth.,Call Center Note,Shipping Delay,0.128,1,2026-08-28 02:58:33
13470,888,Love the new design update! Very smooth.,Mobile App,UI Ergonomics,0.0547,1,2026-09-04 22:33:33
13471,706,App keeps crashing during checkout payment step!,Email Support,Product Quality,0.6536,0,2026-09-05 04:05:33
13472,258,"Great quality product, highly recommended!",Web Review,General Praise,0.1449,1,2026-08-15 14:14:33
13473,851,Fast shipping and nice packaging.,Web Review,Billing Defect,0.0643,1,2026-08-20 12:05:33
13474,855,Package arrived damaged and customer support is ignoring my emails.,Email Support,Shipping Delay,0.7741,0,2026-09-01 18:16:33
13475,466,Fast shipping and nice packaging.,Mobile App,UI Ergonomics,0.0565,1,2026-08-18 03:33:33
13476,612,"Double charged on my credit card, fix this immediately!",Web Review,Billing Defect,0.6245,0,2026-08-29 23:26:33
13477,592,Package arrived damaged and customer support is ignoring my emails.,Call Center Note,General Praise,0.9019,0,2026-08-23 23:30:33
13478,598,Love the new design update! Very smooth.,Email Support,Shipping Delay,0.0866,1,2026-08-23 21:44:33
13479,403,Customer support resolved my billing issue in 5 minutes.,Mobile App,Shipping Delay,0.3555,1,2026-09-05 10:06:33
13480,492,Fast shipping and nice packaging.,Mobile App,App Crash,0.2687,1,2026-09-08 02:57:33
13481,503,Package arrived damaged and customer support is ignoring my emails.,Call Center Note,UI Ergonomics,0.9082,0,2026-08-20 05:31:33
13482,953,Customer support resolved my billing issue in 5 minutes.,Email Support,Billing Defect,0.222,1,2026-09-02 22:30:33
13483,556,"Great quality product, highly recommended!",Web Review,General Praise,0.0544,1,2026-08-22 22:22:33
13484,823,App keeps crashing during checkout payment step!,Twitter,Shipping Delay,0.9439,0,2026-08-22 23:52:33
13485,808,Fast shipping and nice packaging.,Twitter,Shipping Delay,0.1904,1,2026-09-09 23:51:33
13486,616,"Major outage across the platform, unable to log in.",Web Review,Product Quality,0.7725,0,2026-08-15 21:20:33
13487,629,Love the new design update! Very smooth.,Call Center Note,UI Ergonomics,0.3189,1,2026-09-09 10:17:33
13488,442,Customer support resolved my billing issue in 5 minutes.,Email Support,App Crash,0.023,1,2026-08-25 08:05:33
13489,954,App keeps crashing during checkout payment step!,Call Center Note,App Crash,0.8749,0,2026-09-04 02:26:33
13490,435,System latency is terrible after the latest update.,Call Center Note,UI Ergonomics,0.8969,0,2026-09-02 01:04:33
13491,798,Love the new design update! Very smooth.,Email Support,UI Ergonomics,0.1257,1,2026-09-03 00:11:33
13492,574,System latency is terrible after the latest update.,Web Review,General Praise,0.8001,0,2026-08-28 22:41:33
13493,178,"Double charged on my credit card, fix this immediately!",Call Center Note,General Praise,0.7745,0,2026-08-14 18:35:33
13494,965,"Major outage across the platform, unable to log in.",Twitter,UI Ergonomics,0.7039,0,2026-08-23 01:51:33
13495,311,Customer support resolved my billing issue in 5 minutes.,Twitter,Billing Defect,0.1822,1,2026-08-21 12:43:33
13496,208,"Double charged on my credit card, fix this immediately!",Mobile App,UI Ergonomics,0.7929,0,2026-08-30 09:38:33
13497,223,Fast shipping and nice packaging.,Web Review,Billing Defect,0.1704,1,2026-09-01 18:22:33
13498,656,Package arrived damaged and customer support is ignoring my emails.,Email Support,Billing Defect,0.663,0,2026-08-26 16:01:33
13499,666,"Major outage across the platform, unable to log in.",Twitter,Billing Defect,0.7617,0,2026-08-30 13:47:33
13500,692,App keeps crashing during checkout payment step!,Mobile App,App Crash,0.9342,0,2026-09-09 02:51:33
13501,284,Customer support resolved my billing issue in 5 minutes.,Web Review,Product Quality,0.0749,1,2026-09-07 12:43:33
13502,507,Package arrived damaged and customer support is ignoring my emails.,Email Support,UI Ergonomics,0.6738,0,2026-08-17 00:59:33
13503,173,"Major outage across the platform, unable to log in.",Web Review,UI Ergonomics,0.6101,0,2026-08-14 09:31:33
13504,298,Love the new design update! Very smooth.,Web Review,Billing Defect,0.16,1,2026-08-29 02:26:33
13505,303,Love the new design update! Very smooth.,Twitter,App Crash,0.1165,1,2026-09-01 07:48:33
13506,386,Customer support resolved my billing issue in 5 minutes.,Web Review,Product Quality,0.1015,1,2026-08-23 16:56:33
13507,385,Fast shipping and nice packaging.,Web Review,UI Ergonomics,0.064,1,2026-08-24 12:22:33
13508,676,Love the new design update! Very smooth.,Mobile App,General Praise,0.216,1,2026-08-31 14:48:33
13509,260,"Great quality product, highly recommended!",Email Support,Product Quality,0.104,1,2026-09-10 09:42:33
13510,718,"Great quality product, highly recommended!",Twitter,General Praise,0.0435,1,2026-09-10 00:55:33
13511,876,System latency is terrible after the latest update.,Web Review,App Crash,0.8803,0,2026-09-07 03:14:33
13512,220,Customer support resolved my billing issue in 5 minutes.,Web Review,App Crash,0.3579,1,2026-08-29 08:35:33
13513,676,"Great quality product, highly recommended!",Web Review,Billing Defect,0.39,1,2026-08-19 05:25:33
13514,761,Fast shipping and nice packaging.,Email Support,App Crash,0.181,1,2026-09-03 03:53:33
13515,310,"Great quality product, highly recommended!",Call Center Note,UI Ergonomics,0.1424,1,2026-08-25 13:37:33
13516,840,"Great quality product, highly recommended!",Mobile App,Product Quality,0.0094,1,2026-09-07 08:56:33
13517,607,Love the new design update! Very smooth.,Email Support,UI Ergonomics,0.1675,1,2026-08-14 12:07:33
13518,832,"Major outage across the platform, unable to log in.",Mobile App,Product Quality,0.6041,0,2026-08-21 08:01:33
13519,179,Customer support resolved my billing issue in 5 minutes.,Email Support,Shipping Delay,0.0745,1,2026-08-24 08:35:33
13520,686,"Great quality product, highly recommended!",Mobile App,Product Quality,0.1036,1,2026-08-23 18:21:33
13521,297,"Double charged on my credit card, fix this immediately!",Twitter,App Crash,0.7394,0,2026-08-21 09:43:33
13522,168,"Double charged on my credit card, fix this immediately!",Mobile App,App Crash,0.6979,0,2026-08-30 13:11:33
13523,160,"Great quality product, highly recommended!",Mobile App,Product Quality,0.1376,1,2026-08-23 19:32:33
13524,835,"Great quality product, highly recommended!",Mobile App,App Crash,0.1314,1,2026-08-31 22:35:33
13525,313,"Great quality product, highly recommended!",Call Center Note,App Crash,0.2781,1,2026-08-24 16:40:33
13526,352,"Double charged on my credit card, fix this immediately!",Web Review,App Crash,0.7178,0,2026-09-09 11:08:33
13527,127,Love the new design update! Very smooth.,Email Support,Product Quality,0.3247,1,2026-09-07 00:27:33
13528,951,Customer support resolved my billing issue in 5 minutes.,Email Support,Shipping Delay,0.049,1,2026-08-17 15:13:33
13529,898,"Major outage across the platform, unable to log in.",Email Support,Product Quality,0.623,0,2026-08-31 09:28:33
13530,237,"Major outage across the platform, unable to log in.",Mobile App,Billing Defect,0.8405,0,2026-08-20 00:13:33
13531,177,System latency is terrible after the latest update.,Web Review,UI Ergonomics,0.7606,0,2026-08-27 13:54:33
13532,115,"Great quality product, highly recommended!",Web Review,App Crash,0.064,1,2026-09-09 14:38:33
13533,679,"Great quality product, highly recommended!",Twitter,UI Ergonomics,0.2564,1,2026-08-29 01:51:33
13534,285,Love the new design update! Very smooth.,Web Review,UI Ergonomics,0.2344,1,2026-08-16 23:26:33
13535,337,Love the new design update! Very smooth.,Web Review,App Crash,0.1926,1,2026-09-01 19:02:33
13536,254,"Great quality product, highly recommended!",Call Center Note,General Praise,0.1894,1,2026-08-31 15:50:33
13537,245,App keeps crashing during checkout payment step!,Mobile App,Product Quality,0.9589,0,2026-09-01 21:25:33
13538,684,"Double charged on my credit card, fix this immediately!",Call Center Note,App Crash,0.6106,0,2026-09-06 18:38:33
13539,376,"Great quality product, highly recommended!",Mobile App,App Crash,0.3498,1,2026-08-21 01:58:33
13540,335,Love the new design update! Very smooth.,Email Support,Shipping Delay,0.1415,1,2026-08-13 23:15:33
13541,890,Package arrived damaged and customer support is ignoring my emails.,Twitter,Billing Defect,0.684,0,2026-09-08 23:59:33
13542,961,"Great quality product, highly recommended!",Mobile App,Product Quality,0.0951,1,2026-09-02 14:46:33
13543,367,Fast shipping and nice packaging.,Web Review,Product Quality,0.2551,1,2026-08-19 06:58:33
13544,257,Package arrived damaged and customer support is ignoring my emails.,Mobile App,Product Quality,0.944,0,2026-09-07 07:58:33
13545,791,Package arrived damaged and customer support is ignoring my emails.,Email Support,General Praise,0.8513,0,2026-09-07 01:54:33
13546,107,Customer support resolved my billing issue in 5 minutes.,Email Support,Product Quality,0.2944,1,2026-09-04 12:05:33
13547,491,Fast shipping and nice packaging.,Call Center Note,App Crash,0.1971,1,2026-08-23 00:40:33
13548,671,Customer support resolved my billing issue in 5 minutes.,Web Review,Shipping Delay,0.2356,1,2026-08-17 20:28:33
13549,269,"Major outage across the platform, unable to log in.",Email Support,UI Ergonomics,0.9771,0,2026-09-07 05:24:33
13550,632,Fast shipping and nice packaging.,Email Support,General Praise,0.11,1,2026-09-05 10:19:33
13551,643,"Great quality product, highly recommended!",Twitter,General Praise,0.2941,1,2026-09-07 03:51:33
13552,827,Package arrived damaged and customer support is ignoring my emails.,Web Review,App Crash,0.8798,0,2026-08-31 22:16:33
13553,372,Love the new design update! Very smooth.,Web Review,UI Ergonomics,0.2959,1,2026-08-19 05:18:33
13554,321,Customer support resolved my billing issue in 5 minutes.,Email Support,General Praise,0.145,1,2026-08-30 12:05:33
13555,668,"Major outage across the platform, unable to log in.",Twitter,App Crash,0.7567,0,2026-08-21 20:55:33
13556,646,Love the new design update! Very smooth.,Twitter,Shipping Delay,0.302,1,2026-09-11 10:41:33
13557,665,"Great quality product, highly recommended!",Web Review,App Crash,0.1789,1,2026-09-09 07:44:33
13558,192,Customer support resolved my billing issue in 5 minutes.,Twitter,App Crash,0.2584,1,2026-08-24 16:46:33
13559,687,Love the new design update! Very smooth.,Twitter,Product Quality,0.115,1,2026-08-14 00:55:33
13560,951,Fast shipping and nice packaging.,Web Review,Billing Defect,0.1578,1,2026-08-19 15:11:33
13561,950,Love the new design update! Very smooth.,Email Support,Billing Defect,0.1049,1,2026-09-08 22:42:33
13562,588,"Double charged on my credit card, fix this immediately!",Email Support,General Praise,0.674,0,2026-08-15 07:23:33
13563,151,"Double charged on my credit card, fix this immediately!",Mobile App,Product Quality,0.8458,0,2026-08-23 12:17:33
13564,281,"Double charged on my credit card, fix this immediately!",Twitter,App Crash,0.8155,0,2026-08-27 01:46:33
13565,706,Love the new design update! Very smooth.,Twitter,UI Ergonomics,0.0347,1,2026-08-13 18:44:33
13566,641,Fast shipping and nice packaging.,Twitter,UI Ergonomics,0.386,1,2026-09-04 15:05:33
13567,509,"Great quality product, highly recommended!",Mobile App,General Praise,0.16,1,2026-09-01 12:58:33
13568,546,Love the new design update! Very smooth.,Twitter,UI Ergonomics,0.1896,1,2026-08-26 07:45:33
13569,462,"Major outage across the platform, unable to log in.",Mobile App,Billing Defect,0.8853,0,2026-09-08 13:40:33
13570,377,System latency is terrible after the latest update.,Web Review,Billing Defect,0.6694,0,2026-09-02 18:08:33
13571,789,Customer support resolved my billing issue in 5 minutes.,Mobile App,App Crash,0.343,1,2026-08-22 12:56:33
13572,911,Love the new design update! Very smooth.,Call Center Note,Shipping Delay,0.005,1,2026-08-26 09:39:33
13573,304,Fast shipping and nice packaging.,Mobile App,UI Ergonomics,0.1199,1,2026-08-29 09:34:33
13574,866,Package arrived damaged and customer support is ignoring my emails.,Twitter,UI Ergonomics,0.6465,0,2026-08-21 15:34:33
13575,588,Fast shipping and nice packaging.,Web Review,Billing Defect,0.2093,1,2026-09-01 17:20:33
13576,718,Customer support resolved my billing issue in 5 minutes.,Email Support,App Crash,0.316,1,2026-09-10 21:38:33
13577,928,"Great quality product, highly recommended!",Mobile App,UI Ergonomics,0.352,1,2026-08-28 10:27:33
13578,551,Love the new design update! Very smooth.,Mobile App,Billing Defect,0.2046,1,2026-09-05 00:26:33
13579,814,Customer support resolved my billing issue in 5 minutes.,Twitter,Billing Defect,0.069,1,2026-08-21 04:40:33
13580,373,"Double charged on my credit card, fix this immediately!",Email Support,Billing Defect,0.7781,0,2026-09-05 02:24:33
13581,899,Package arrived damaged and customer support is ignoring my emails.,Email Support,App Crash,0.7381,0,2026-09-05 07:37:33
13582,879,"Great quality product, highly recommended!",Mobile App,App Crash,0.1795,1,2026-08-29 20:28:33
13583,487,"Great quality product, highly recommended!",Twitter,UI Ergonomics,0.2981,1,2026-09-07 23:26:33
13584,277,"Great quality product, highly recommended!",Twitter,Product Quality,0.2753,1,2026-09-02 06:19:33
13585,112,"Great quality product, highly recommended!",Mobile App,Product Quality,0.0253,1,2026-08-28 22:35:33
13586,420,Package arrived damaged and customer support is ignoring my emails.,Web Review,General Praise,0.8503,0,2026-08-25 17:03:33
13587,340,System latency is terrible after the latest update.,Email Support,Product Quality,0.8904,0,2026-09-09 23:29:33
13588,325,App keeps crashing during checkout payment step!,Web Review,Product Quality,0.8326,0,2026-08-17 01:14:33
13589,600,System latency is terrible after the latest update.,Web Review,General Praise,0.62,0,2026-08-17 18:56:33
13590,635,System latency is terrible after the latest update.,Email Support,Shipping Delay,0.8021,0,2026-08-23 04:16:33
13591,184,Fast shipping and nice packaging.,Call Center Note,UI Ergonomics,0.2911,1,2026-09-12 04:23:33
13592,362,"Great quality product, highly recommended!",Web Review,UI Ergonomics,0.3514,1,2026-08-19 11:54:33
13593,513,Fast shipping and nice packaging.,Call Center Note,Billing Defect,0.302,1,2026-08-30 06:05:33
13594,936,Love the new design update! Very smooth.,Call Center Note,General Praise,0.2078,1,2026-09-10 05:31:33
13595,586,Love the new design update! Very smooth.,Twitter,Product Quality,0.0597,1,2026-08-18 12:33:33
13596,141,"Major outage across the platform, unable to log in.",Web Review,General Praise,0.7232,0,2026-09-08 02:22:33
13597,472,Package arrived damaged and customer support is ignoring my emails.,Web Review,UI Ergonomics,0.9905,0,2026-08-15 00:45:33
13598,353,App keeps crashing during checkout payment step!,Web Review,Shipping Delay,0.6912,0,2026-09-01 20:25:33
13599,505,Customer support resolved my billing issue in 5 minutes.,Web Review,General Praise,0.0845,1,2026-09-02 13:02:33
13600,582,Love the new design update! Very smooth.,Mobile App,Product Quality,0.327,1,2026-08-19 16:34:33
13601,978,"Double charged on my credit card, fix this immediately!",Web Review,Product Quality,0.7683,0,2026-09-11 18:03:33
13602,889,App keeps crashing during checkout payment step!,Call Center Note,UI Ergonomics,0.8457,0,2026-09-05 15:22:33
13603,614,Fast shipping and nice packaging.,Email Support,General Praise,0.1316,1,2026-09-09 17:22:33
13604,869,Love the new design update! Very smooth.,Twitter,Product Quality,0.1549,1,2026-09-01 09:23:33
13605,810,"Double charged on my credit card, fix this immediately!",Call Center Note,Product Quality,0.8786,0,2026-09-04 10:25:33
13606,422,Love the new design update! Very smooth.,Email Support,Billing Defect,0.2968,1,2026-09-11 11:58:33
13607,220,"Double charged on my credit card, fix this immediately!",Web Review,Billing Defect,0.6556,0,2026-08-25 10:59:33
13608,883,Fast shipping and nice packaging.,Mobile App,Product Quality,0.306,1,2026-08-31 18:55:33
13609,500,Fast shipping and nice packaging.,Twitter,App Crash,0.0119,1,2026-08-16 07:15:33
13610,691,Fast shipping and nice packaging.,Mobile App,UI Ergonomics,0.3052,1,2026-08-22 05:45:33
13611,621,Customer support resolved my billing issue in 5 minutes.,Call Center Note,Billing Defect,0.3067,1,2026-09-08 07:20:33
13612,675,Customer support resolved my billing issue in 5 minutes.,Twitter,UI Ergonomics,0.1962,1,2026-08-28 05:03:33
13613,338,Customer support resolved my billing issue in 5 minutes.,Web Review,Billing Defect,0.309,1,2026-09-03 08:10:33
13614,942,Love the new design update! Very smooth.,Email Support,Product Quality,0.2136,1,2026-08-25 11:02:33
13615,130,"Major outage across the platform, unable to log in.",Twitter,General Praise,0.7168,0,2026-09-09 10:20:33
13616,189,Customer support resolved my billing issue in 5 minutes.,Twitter,Shipping Delay,0.389,1,2026-08-27 06:48:33
13617,467,Love the new design update! Very smooth.,Call Center Note,Product Quality,0.0452,1,2026-09-01 13:34:33
13618,165,Fast shipping and nice packaging.,Call Center Note,Shipping Delay,0.2395,1,2026-09-07 00:43:33
13619,721,Love the new design update! Very smooth.,Call Center Note,App Crash,0.1471,1,2026-08-25 21:01:33
13620,384,"Major outage across the platform, unable to log in.",Twitter,Billing Defect,0.897,0,2026-08-20 04:39:33
13621,651,Love the new design update! Very smooth.,Mobile App,UI Ergonomics,0.1864,1,2026-09-03 23:23:33
13622,485,Love the new design update! Very smooth.,Email Support,General Praise,0.1545,1,2026-08-23 14:40:33
13623,640,"Great quality product, highly recommended!",Call Center Note,Billing Defect,0.3532,1,2026-08-18 04:52:33
13624,694,Package arrived damaged and customer support is ignoring my emails.,Twitter,General Praise,0.953,0,2026-09-05 18:34:33
13625,559,App keeps crashing during checkout payment step!,Mobile App,Billing Defect,0.6799,0,2026-09-04 04:17:33
13626,522,"Major outage across the platform, unable to log in.",Email Support,Billing Defect,0.9909,0,2026-09-02 19:51:33
13627,744,Customer support resolved my billing issue in 5 minutes.,Call Center Note,Billing Defect,0.0124,1,2026-09-06 01:45:33
13628,511,Love the new design update! Very smooth.,Twitter,Product Quality,0.1817,1,2026-08-21 01:18:33
13629,766,Fast shipping and nice packaging.,Email Support,Shipping Delay,0.2201,1,2026-09-06 11:34:33
13630,119,App keeps crashing during checkout payment step!,Web Review,App Crash,0.8642,0,2026-09-06 00:23:33
13631,288,"Great quality product, highly recommended!",Web Review,General Praise,0.3806,1,2026-08-26 01:27:33
13632,533,System latency is terrible after the latest update.,Call Center Note,General Praise,0.8159,0,2026-08-18 15:06:33
13633,275,Fast shipping and nice packaging.,Web Review,UI Ergonomics,0.3434,1,2026-08-31 08:29:33
13634,236,"Major outage across the platform, unable to log in.",Mobile App,App Crash,0.6132,0,2026-09-10 22:58:33
13635,923,App keeps crashing during checkout payment step!,Twitter,UI Ergonomics,0.8542,0,2026-08-22 08:59:33
13636,323,"Great quality product, highly recommended!",Email Support,Product Quality,0.1122,1,2026-08-30 21:06:33
13637,442,Customer support resolved my billing issue in 5 minutes.,Call Center Note,General Praise,0.2568,1,2026-09-04 13:40:33
13638,853,Love the new design update! Very smooth.,Email Support,General Praise,0.0715,1,2026-09-12 10:51:33
13639,482,"Double charged on my credit card, fix this immediately!",Twitter,UI Ergonomics,0.8631,0,2026-09-09 16:08:33
13640,259,App keeps crashing during checkout payment step!,Twitter,UI Ergonomics,0.9755,0,2026-08-30 02:15:33
13641,372,"Double charged on my credit card, fix this immediately!",Call Center Note,UI Ergonomics,0.8205,0,2026-08-31 22:51:33
13642,485,Love the new design update! Very smooth.,Web Review,Billing Defect,0.1,1,2026-08-19 12:26:33
13643,425,"Great quality product, highly recommended!",Twitter,General Praise,0.0969,1,2026-08-27 13:12:33
13644,882,Package arrived damaged and customer support is ignoring my emails.,Web Review,Shipping Delay,0.6889,0,2026-09-05 07:53:33
13645,897,Fast shipping and nice packaging.,Email Support,General Praise,0.3159,1,2026-08-14 06:11:33
13646,378,Fast shipping and nice packaging.,Call Center Note,Product Quality,0.3308,1,2026-08-20 04:50:33
13647,610,"Major outage across the platform, unable to log in.",Twitter,Product Quality,0.7807,0,2026-08-30 07:56:33
13648,302,System latency is terrible after the latest update.,Twitter,App Crash,0.7644,0,2026-09-01 23:47:33
13649,718,System latency is terrible after the latest update.,Call Center Note,Product Quality,0.9227,0,2026-09-01 01:47:33
13650,695,App keeps crashing during checkout payment step!,Email Support,Product Quality,0.6517,0,2026-09-04 13:43:33
13651,151,Customer support resolved my billing issue in 5 minutes.,Email Support,App Crash,0.054,1,2026-09-10 01:03:33
13652,520,Customer support resolved my billing issue in 5 minutes.,Call Center Note,Product Quality,0.0663,1,2026-08-19 09:06:33
13653,564,System latency is terrible after the latest update.,Call Center Note,Product Quality,0.7593,0,2026-09-01 02:15:33
13654,704,Package arrived damaged and customer support is ignoring my emails.,Call Center Note,General Praise,0.7508,0,2026-08-20 12:58:33
13655,869,Customer support resolved my billing issue in 5 minutes.,Call Center Note,General Praise,0.0861,1,2026-09-04 05:55:33
13656,575,Fast shipping and nice packaging.,Web Review,UI Ergonomics,0.2224,1,2026-09-10 07:41:33
13657,224,System latency is terrible after the latest update.,Twitter,Shipping Delay,0.6049,0,2026-09-06 10:03:33
13658,926,"Major outage across the platform, unable to log in.",Email Support,Product Quality,0.979,0,2026-08-24 18:13:33
13659,863,"Double charged on my credit card, fix this immediately!",Twitter,Product Quality,0.8412,0,2026-08-17 08:51:33
13660,130,"Double charged on my credit card, fix this immediately!",Mobile App,Billing Defect,0.761,0,2026-08-26 16:43:33
13661,250,System latency is terrible after the latest update.,Call Center Note,General Praise,0.972,0,2026-08-16 13:58:33
13662,777,"Great quality product, highly recommended!",Twitter,Billing Defect,0.2965,1,2026-08-26 10:53:33
13663,221,Love the new design update! Very smooth.,Mobile App,App Crash,0.0871,1,2026-09-06 00:39:33
13664,750,Fast shipping and nice packaging.,Call Center Note,UI Ergonomics,0.1286,1,2026-08-19 13:01:33
13665,759,"Major outage across the platform, unable to log in.",Email Support,General Praise,0.8161,0,2026-08-30 23:34:33
13666,111,"Double charged on my credit card, fix this immediately!",Email Support,Product Quality,0.7187,0,2026-09-12 01:15:33
13667,444,"Major outage across the platform, unable to log in.",Twitter,Billing Defect,0.6731,0,2026-09-08 11:15:33
13668,919,Fast shipping and nice packaging.,Mobile App,Product Quality,0.1712,1,2026-08-25 09:31:33
13669,682,Fast shipping and nice packaging.,Call Center Note,Billing Defect,0.05,1,2026-09-12 01:20:33
13670,234,"Great quality product, highly recommended!",Mobile App,Billing Defect,0.1609,1,2026-09-04 01:59:33
13671,102,Customer support resolved my billing issue in 5 minutes.,Web Review,Product Quality,0.2512,1,2026-09-01 02:35:33
13672,591,Fast shipping and nice packaging.,Twitter,General Praise,0.2287,1,2026-09-11 17:36:33
13673,106,"Great quality product, highly recommended!",Email Support,App Crash,0.3398,1,2026-08-27 12:07:33
13674,425,Love the new design update! Very smooth.,Twitter,Billing Defect,0.2843,1,2026-09-12 09:39:33
13675,514,"Major outage across the platform, unable to log in.",Mobile App,Billing Defect,0.7263,0,2026-08-15 21:01:33
13676,273,Fast shipping and nice packaging.,Mobile App,UI Ergonomics,0.0786,1,2026-08-29 10:17:33
13677,689,System latency is terrible after the latest update.,Twitter,Billing Defect,0.6345,0,2026-08-20 04:33:33
13678,628,Love the new design update! Very smooth.,Web Review,App Crash,0.2363,1,2026-08-23 01:45:33
13679,288,Customer support resolved my billing issue in 5 minutes.,Email Support,Shipping Delay,0.1193,1,2026-08-26 00:51:33
13680,100,"Great quality product, highly recommended!",Email Support,UI Ergonomics,0.22,1,2026-09-02 03:27:33
13681,231,"Major outage across the platform, unable to log in.",Twitter,Shipping Delay,0.7664,0,2026-08-16 12:09:33
13682,581,Love the new design update! Very smooth.,Web Review,Shipping Delay,0.2767,1,2026-08-16 23:39:33
13683,744,Love the new design update! Very smooth.,Mobile App,General Praise,0.3146,1,2026-09-07 21:12:33
13684,811,"Great quality product, highly recommended!",Twitter,General Praise,0.0359,1,2026-08-21 02:14:33
13685,460,"Great quality product, highly recommended!",Web Review,App Crash,0.0314,1,2026-08-25 03:48:33
13686,462,App keeps crashing during checkout payment step!,Call Center Note,Billing Defect,0.8233,0,2026-08-29 04:29:33
13687,927,App keeps crashing during checkout payment step!,Mobile App,Shipping Delay,0.8916,0,2026-09-03 02:00:33
13688,474,"Major outage across the platform, unable to log in.",Twitter,Product Quality,0.757,0,2026-08-18 20:10:33
13689,940,Love the new design update! Very smooth.,Web Review,Billing Defect,0.2586,1,2026-08-15 19:39:33
13690,948,"Major outage across the platform, unable to log in.",Mobile App,General Praise,0.6983,0,2026-08-27 16:38:33
13691,382,Package arrived damaged and customer support is ignoring my emails.,Mobile App,App Crash,0.6469,0,2026-09-10 00:22:33
13692,923,Customer support resolved my billing issue in 5 minutes.,Call Center Note,Billing Defect,0.0713,1,2026-08-23 00:42:33
13693,885,Fast shipping and nice packaging.,Mobile App,App Crash,0.3076,1,2026-09-05 21:33:33
13694,800,"Major outage across the platform, unable to log in.",Email Support,General Praise,0.8219,0,2026-08-14 11:23:33
13695,429,Love the new design update! Very smooth.,Twitter,Product Quality,0.0606,1,2026-08-28 21:32:33
13696,547,System latency is terrible after the latest update.,Call Center Note,App Crash,0.713,0,2026-08-22 18:56:33
13697,235,"Great quality product, highly recommended!",Twitter,Billing Defect,0.2883,1,2026-08-22 03:48:33
13698,970,Fast shipping and nice packaging.,Mobile App,Product Quality,0.12,1,2026-09-05 14:26:33
13699,617,Fast shipping and nice packaging.,Call Center Note,Product Quality,0.195,1,2026-09-04 11:56:33
13700,142,Love the new design update! Very smooth.,Mobile App,Product Quality,0.2386,1,2026-09-10 12:18:33
13701,180,Package arrived damaged and customer support is ignoring my emails.,Mobile App,App Crash,0.9463,0,2026-08-20 03:04:33
13702,443,Fast shipping and nice packaging.,Call Center Note,Shipping Delay,0.0401,1,2026-09-07 17:02:33
13703,919,App keeps crashing during checkout payment step!,Web Review,App Crash,0.7372,0,2026-08-22 00:05:33
13704,512,Love the new design update! Very smooth.,Mobile App,Shipping Delay,0.2376,1,2026-09-03 05:12:33
13705,421,Customer support resolved my billing issue in 5 minutes.,Twitter,Product Quality,0.0587,1,2026-09-03 22:12:33
13706,379,Fast shipping and nice packaging.,Email Support,General Praise,0.191,1,2026-08-26 04:37:33
13707,795,App keeps crashing during checkout payment step!,Twitter,General Praise,0.9454,0,2026-08-22 11:15:33
13708,863,App keeps crashing during checkout payment step!,Mobile App,Product Quality,0.7157,0,2026-09-08 13:30:33
13709,531,"Double charged on my credit card, fix this immediately!",Web Review,UI Ergonomics,0.8306,0,2026-09-01 02:15:33
13710,434,System latency is terrible after the latest update.,Call Center Note,UI Ergonomics,0.6719,0,2026-08-13 15:26:33
13711,493,App keeps crashing during checkout payment step!,Mobile App,General Praise,0.6551,0,2026-09-06 20:21:33
13712,932,"Double charged on my credit card, fix this immediately!",Call Center Note,UI Ergonomics,0.7496,0,2026-08-13 18:54:33
13713,149,System latency is terrible after the latest update.,Email Support,Billing Defect,0.8068,0,2026-08-31 10:04:33
13714,544,System latency is terrible after the latest update.,Mobile App,Shipping Delay,0.7583,0,2026-08-15 12:29:33
13715,189,"Major outage across the platform, unable to log in.",Web Review,Shipping Delay,0.9548,0,2026-08-13 21:10:33
13716,321,Love the new design update! Very smooth.,Call Center Note,Billing Defect,0.0044,1,2026-09-09 11:26:33
13717,858,"Double charged on my credit card, fix this immediately!",Twitter,General Praise,0.6235,0,2026-08-14 19:53:33
13718,368,"Double charged on my credit card, fix this immediately!",Email Support,App Crash,0.6093,0,2026-08-22 14:54:33
13719,682,Fast shipping and nice packaging.,Web Review,General Praise,0.3028,1,2026-09-09 16:59:33
13720,944,App keeps crashing during checkout payment step!,Twitter,UI Ergonomics,0.8298,0,2026-08-15 09:55:33
13721,236,"Major outage across the platform, unable to log in.",Web Review,Shipping Delay,0.7722,0,2026-09-04 22:54:33
13722,379,"Great quality product, highly recommended!",Call Center Note,App Crash,0.1031,1,2026-08-15 12:18:33
13723,388,"Major outage across the platform, unable to log in.",Email Support,Shipping Delay,0.9851,0,2026-08-23 18:19:33
13724,745,Love the new design update! Very smooth.,Call Center Note,Billing Defect,0.223,1,2026-09-07 11:00:33
13725,642,"Great quality product, highly recommended!",Twitter,Shipping Delay,0.2517,1,2026-08-26 09:31:33
13726,260,Fast shipping and nice packaging.,Twitter,Product Quality,0.3921,1,2026-08-30 09:38:33
13727,153,System latency is terrible after the latest update.,Email Support,General Praise,0.8466,0,2026-09-01 01:24:33
13728,518,"Double charged on my credit card, fix this immediately!",Mobile App,UI Ergonomics,0.9878,0,2026-08-19 20:49:33
13729,110,System latency is terrible after the latest update.,Email Support,UI Ergonomics,0.6122,0,2026-09-11 15:50:33
13730,515,System latency is terrible after the latest update.,Mobile App,App Crash,0.9607,0,2026-08-22 11:18:33
13731,473,App keeps crashing during checkout payment step!,Mobile App,Billing Defect,0.7464,0,2026-08-30 13:25:33
13732,335,Love the new design update! Very smooth.,Mobile App,UI Ergonomics,0.0271,1,2026-09-05 03:19:33
13733,455,"Great quality product, highly recommended!",Call Center Note,UI Ergonomics,0.1693,1,2026-09-08 13:16:33
13734,409,"Double charged on my credit card, fix this immediately!",Mobile App,App Crash,0.6717,0,2026-08-24 16:20:33
13735,371,"Great quality product, highly recommended!",Mobile App,General Praise,0.1769,1,2026-08-30 14:25:33
13736,796,"Great quality product, highly recommended!",Email Support,General Praise,0.0855,1,2026-09-03 19:05:33
13737,226,"Great quality product, highly recommended!",Call Center Note,General Praise,0.2891,1,2026-08-17 03:44:33
13738,861,Fast shipping and nice packaging.,Email Support,General Praise,0.1739,1,2026-08-31 22:21:33
13739,226,Fast shipping and nice packaging.,Call Center Note,App Crash,0.132,1,2026-08-22 09:11:33
13740,786,Fast shipping and nice packaging.,Call Center Note,UI Ergonomics,0.1055,1,2026-08-31 12:56:33
13741,579,Love the new design update! Very smooth.,Mobile App,App Crash,0.1497,1,2026-08-24 13:42:33
13742,920,Fast shipping and nice packaging.,Mobile App,Product Quality,0.339,1,2026-08-25 14:15:33
13743,202,App keeps crashing during checkout payment step!,Call Center Note,App Crash,0.9223,0,2026-08-20 23:29:33
13744,347,Package arrived damaged and customer support is ignoring my emails.,Twitter,App Crash,0.773,0,2026-08-20 01:19:33
13745,798,Fast shipping and nice packaging.,Twitter,App Crash,0.0851,1,2026-09-08 06:07:33
13746,140,Fast shipping and nice packaging.,Twitter,Product Quality,0.1156,1,2026-08-19 14:05:33
13747,923,"Double charged on my credit card, fix this immediately!",Web Review,UI Ergonomics,0.9262,0,2026-09-10 14:41:33
13748,549,Customer support resolved my billing issue in 5 minutes.,Web Review,App Crash,0.1033,1,2026-09-10 19:45:33
13749,647,Customer support resolved my billing issue in 5 minutes.,Email Support,General Praise,0.0895,1,2026-08-19 22:05:33
13750,122,"Double charged on my credit card, fix this immediately!",Call Center Note,Billing Defect,0.8744,0,2026-08-24 22:58:33
13751,731,Love the new design update! Very smooth.,Twitter,App Crash,0.0261,1,2026-08-21 11:46:33
13752,404,"Great quality product, highly recommended!",Web Review,General Praise,0.0553,1,2026-08-16 17:31:33
13753,109,Customer support resolved my billing issue in 5 minutes.,Web Review,Shipping Delay,0.3558,1,2026-08-28 03:07:33
13754,806,"Great quality product, highly recommended!",Email Support,App Crash,0.3371,1,2026-08-31 05:18:33
13755,682,System latency is terrible after the latest update.,Call Center Note,Product Quality,0.7294,0,2026-08-16 16:15:33
13756,103,"Double charged on my credit card, fix this immediately!",Web Review,Shipping Delay,0.6497,0,2026-08-24 16:57:33
13757,876,"Double charged on my credit card, fix this immediately!",Web Review,General Praise,0.6737,0,2026-08-20 08:51:33
13758,578,Fast shipping and nice packaging.,Twitter,App Crash,0.1798,1,2026-08-16 22:48:33
13759,511,Love the new design update! Very smooth.,Email Support,General Praise,0.382,1,2026-09-04 06:40:33
13760,671,System latency is terrible after the latest update.,Email Support,Billing Defect,0.6014,0,2026-08-24 08:25:33
13761,420,App keeps crashing during checkout payment step!,Twitter,Product Quality,0.734,0,2026-09-05 10:17:33
13762,186,Customer support resolved my billing issue in 5 minutes.,Mobile App,General Praise,0.2521,1,2026-09-04 00:58:33
13763,235,"Great quality product, highly recommended!",Web Review,Shipping Delay,0.2912,1,2026-08-14 08:37:33
13764,876,Fast shipping and nice packaging.,Email Support,Product Quality,0.1893,1,2026-08-21 02:49:33
13765,682,Fast shipping and nice packaging.,Mobile App,UI Ergonomics,0.0551,1,2026-08-20 19:04:33
13766,514,App keeps crashing during checkout payment step!,Twitter,Product Quality,0.698,0,2026-08-29 18:10:33
13767,914,Fast shipping and nice packaging.,Email Support,UI Ergonomics,0.3532,1,2026-08-16 17:56:33
13768,709,System latency is terrible after the latest update.,Web Review,General Praise,0.7069,0,2026-09-09 04:42:33
13769,701,"Major outage across the platform, unable to log in.",Call Center Note,General Praise,0.9701,0,2026-09-04 13:30:33
13770,712,"Great quality product, highly recommended!",Mobile App,Shipping Delay,0.3368,1,2026-09-09 18:24:33
13771,857,Fast shipping and nice packaging.,Call Center Note,Shipping Delay,0.0138,1,2026-08-27 18:55:33
13772,919,Package arrived damaged and customer support is ignoring my emails.,Twitter,App Crash,0.8389,0,2026-09-01 11:49:33
13773,230,Fast shipping and nice packaging.,Twitter,General Praise,0.1186,1,2026-08-23 15:22:33
13774,203,"Great quality product, highly recommended!",Twitter,Billing Defect,0.3573,1,2026-08-20 15:50:33
13775,206,Love the new design update! Very smooth.,Email Support,Product Quality,0.2642,1,2026-08-26 15:20:33
13776,116,"Great quality product, highly recommended!",Mobile App,General Praise,0.0912,1,2026-08-16 20:24:33
13777,815,System latency is terrible after the latest update.,Twitter,App Crash,0.7748,0,2026-08-22 07:20:33
13778,407,"Great quality product, highly recommended!",Twitter,General Praise,0.3756,1,2026-08-20 20:56:33
13779,812,System latency is terrible after the latest update.,Web Review,Billing Defect,0.8986,0,2026-09-05 21:10:33
13780,231,Customer support resolved my billing issue in 5 minutes.,Twitter,UI Ergonomics,0.3636,1,2026-09-06 10:47:33
13781,773,Fast shipping and nice packaging.,Call Center Note,Shipping Delay,0.0231,1,2026-08-16 14:01:33
13782,178,App keeps crashing during checkout payment step!,Twitter,General Praise,0.7538,0,2026-08-25 03:24:33
13783,578,"Great quality product, highly recommended!",Call Center Note,Product Quality,0.1603,1,2026-09-06 22:23:33
13784,871,"Great quality product, highly recommended!",Email Support,Product Quality,0.1566,1,2026-09-02 00:19:33
13785,915,"Great quality product, highly recommended!",Web Review,App Crash,0.2269,1,2026-09-07 03:57:33
13786,978,App keeps crashing during checkout payment step!,Web Review,App Crash,0.9425,0,2026-08-22 16:19:33
13787,656,App keeps crashing during checkout payment step!,Mobile App,Product Quality,0.6203,0,2026-08-19 22:06:33
13788,107,Fast shipping and nice packaging.,Mobile App,UI Ergonomics,0.1603,1,2026-08-28 04:50:33
13789,800,Package arrived damaged and customer support is ignoring my emails.,Call Center Note,UI Ergonomics,0.893,0,2026-08-26 03:49:33
13790,430,"Major outage across the platform, unable to log in.",Email Support,Shipping Delay,0.9788,0,2026-09-04 23:29:33
13791,541,"Double charged on my credit card, fix this immediately!",Email Support,Billing Defect,0.7019,0,2026-08-13 19:53:33
13792,633,"Major outage across the platform, unable to log in.",Web Review,Product Quality,0.7786,0,2026-08-19 13:27:33
13793,524,App keeps crashing during checkout payment step!,Web Review,Shipping Delay,0.743,0,2026-08-25 03:19:33
13794,362,"Double charged on my credit card, fix this immediately!",Email Support,Shipping Delay,0.6701,0,2026-08-16 15:28:33
13795,105,Fast shipping and nice packaging.,Twitter,App Crash,0.3732,1,2026-08-22 16:36:33
13796,894,Fast shipping and nice packaging.,Twitter,Shipping Delay,0.0068,1,2026-09-03 21:43:33
13797,351,Love the new design update! Very smooth.,Web Review,App Crash,0.1811,1,2026-08-15 14:12:33
13798,374,"Great quality product, highly recommended!",Twitter,App Crash,0.324,1,2026-09-05 20:24:33
13799,916,Love the new design update! Very smooth.,Email Support,General Praise,0.0693,1,2026-08-15 17:24:33
13800,723,Customer support resolved my billing issue in 5 minutes.,Email Support,General Praise,0.0122,1,2026-08-16 15:57:33
13801,888,"Major outage across the platform, unable to log in.",Web Review,General Praise,0.6048,0,2026-08-16 12:44:33
13802,988,Fast shipping and nice packaging.,Call Center Note,UI Ergonomics,0.2386,1,2026-08-19 15:47:33
13803,668,"Great quality product, highly recommended!",Email Support,Billing Defect,0.396,1,2026-08-23 01:30:33
13804,113,"Major outage across the platform, unable to log in.",Email Support,Shipping Delay,0.7081,0,2026-08-15 10:33:33
13805,486,"Great quality product, highly recommended!",Web Review,Shipping Delay,0.3014,1,2026-09-05 16:51:33
13806,610,Love the new design update! Very smooth.,Twitter,Product Quality,0.2292,1,2026-08-24 22:48:33
13807,743,"Great quality product, highly recommended!",Call Center Note,Billing Defect,0.2338,1,2026-08-19 21:43:33
13808,834,Fast shipping and nice packaging.,Call Center Note,Shipping Delay,0.0004,1,2026-08-25 19:37:33
13809,192,App keeps crashing during checkout payment step!,Email Support,Product Quality,0.9206,0,2026-09-09 20:17:33
13810,387,Customer support resolved my billing issue in 5 minutes.,Call Center Note,Billing Defect,0.1328,1,2026-09-03 20:18:33
13811,332,Package arrived damaged and customer support is ignoring my emails.,Mobile App,Product Quality,0.6614,0,2026-09-02 13:02:33
13812,547,Fast shipping and nice packaging.,Web Review,Shipping Delay,0.1143,1,2026-09-10 06:19:33
13813,168,App keeps crashing during checkout payment step!,Call Center Note,UI Ergonomics,0.8625,0,2026-08-25 16:23:33
13814,612,Customer support resolved my billing issue in 5 minutes.,Call Center Note,General Praise,0.0806,1,2026-08-19 09:28:33
13815,632,"Great quality product, highly recommended!",Web Review,General Praise,0.3147,1,2026-09-05 22:10:33
13816,530,"Great quality product, highly recommended!",Twitter,App Crash,0.0424,1,2026-09-11 22:47:33
13817,539,Customer support resolved my billing issue in 5 minutes.,Mobile App,General Praise,0.3884,1,2026-09-11 18:33:33
13818,737,"Major outage across the platform, unable to log in.",Email Support,App Crash,0.7507,0,2026-09-03 10:02:33
13819,628,Fast shipping and nice packaging.,Twitter,Billing Defect,0.117,1,2026-09-02 16:47:33
13820,286,App keeps crashing during checkout payment step!,Call Center Note,App Crash,0.7536,0,2026-09-12 10:15:33
13821,931,Love the new design update! Very smooth.,Call Center Note,Billing Defect,0.1486,1,2026-09-03 20:24:33
13822,250,Customer support resolved my billing issue in 5 minutes.,Web Review,Shipping Delay,0.118,1,2026-08-28 23:39:33
13823,707,Fast shipping and nice packaging.,Mobile App,UI Ergonomics,0.2491,1,2026-08-20 11:16:33
13824,325,System latency is terrible after the latest update.,Web Review,Billing Defect,0.89,0,2026-09-03 00:16:33
13825,275,Love the new design update! Very smooth.,Twitter,UI Ergonomics,0.3923,1,2026-09-08 14:30:33
13826,379,System latency is terrible after the latest update.,Call Center Note,General Praise,0.7265,0,2026-09-11 13:01:33
13827,557,"Great quality product, highly recommended!",Call Center Note,Shipping Delay,0.324,1,2026-08-25 07:50:33
13828,421,System latency is terrible after the latest update.,Email Support,App Crash,0.7683,0,2026-09-09 12:30:33
13829,866,Love the new design update! Very smooth.,Twitter,UI Ergonomics,0.3372,1,2026-09-05 22:02:33
13830,605,"Major outage across the platform, unable to log in.",Call Center Note,Billing Defect,0.6259,0,2026-09-07 21:42:33
13831,723,"Great quality product, highly recommended!",Web Review,App Crash,0.204,1,2026-08-31 22:46:33
13832,663,Customer support resolved my billing issue in 5 minutes.,Call Center Note,UI Ergonomics,0.2022,1,2026-09-01 05:21:33
13833,117,App keeps crashing during checkout payment step!,Web Review,UI Ergonomics,0.9445,0,2026-08-17 03:00:33
13834,211,"Major outage across the platform, unable to log in.",Twitter,Billing Defect,0.7597,0,2026-09-11 06:17:33
13835,441,Love the new design update! Very smooth.,Mobile App,Product Quality,0.2528,1,2026-09-07 09:41:33
13836,652,"Major outage across the platform, unable to log in.",Call Center Note,General Praise,0.8588,0,2026-08-31 03:05:33
13837,237,Love the new design update! Very smooth.,Mobile App,General Praise,0.2043,1,2026-09-04 17:56:33
13838,878,System latency is terrible after the latest update.,Call Center Note,Billing Defect,0.7552,0,2026-08-18 21:45:33
13839,592,"Major outage across the platform, unable to log in.",Twitter,Product Quality,0.6528,0,2026-09-07 18:26:33
13840,336,"Major outage across the platform, unable to log in.",Twitter,Shipping Delay,0.8427,0,2026-09-05 18:58:33
13841,722,Fast shipping and nice packaging.,Web Review,Billing Defect,0.2645,1,2026-08-24 13:24:33
13842,435,Love the new design update! Very smooth.,Web Review,Product Quality,0.1683,1,2026-09-10 11:16:33
13843,295,Customer support resolved my billing issue in 5 minutes.,Email Support,Shipping Delay,0.3986,1,2026-09-02 19:40:33
13844,857,System latency is terrible after the latest update.,Mobile App,App Crash,0.7769,0,2026-09-12 11:20:33
13845,437,Customer support resolved my billing issue in 5 minutes.,Email Support,General Praise,0.0401,1,2026-08-15 11:03:33
13846,133,"Great quality product, highly recommended!",Email Support,App Crash,0.176,1,2026-09-11 19:31:33
13847,791,System latency is terrible after the latest update.,Twitter,Product Quality,0.8471,0,2026-08-25 23:31:33
13848,418,"Great quality product, highly recommended!",Email Support,Product Quality,0.1054,1,2026-09-06 23:23:33
13849,415,App keeps crashing during checkout payment step!,Web Review,Billing Defect,0.7245,0,2026-09-12 03:55:33
13850,332,Love the new design update! Very smooth.,Email Support,Billing Defect,0.301,1,2026-08-22 13:10:33
13851,742,Fast shipping and nice packaging.,Web Review,Product Quality,0.0455,1,2026-09-09 21:40:33
13852,548,App keeps crashing during checkout payment step!,Web Review,Product Quality,0.8331,0,2026-09-02 20:00:33
13853,409,Customer support resolved my billing issue in 5 minutes.,Email Support,Shipping Delay,0.0928,1,2026-09-01 22:06:33
13854,584,"Great quality product, highly recommended!",Call Center Note,Shipping Delay,0.1648,1,2026-08-14 15:26:33
13855,533,Customer support resolved my billing issue in 5 minutes.,Web Review,Shipping Delay,0.3278,1,2026-08-14 12:03:33
13856,727,"Double charged on my credit card, fix this immediately!",Email Support,UI Ergonomics,0.9751,0,2026-08-23 11:13:33
13857,463,Customer support resolved my billing issue in 5 minutes.,Call Center Note,UI Ergonomics,0.3474,1,2026-08-30 04:14:33
13858,820,Customer support resolved my billing issue in 5 minutes.,Twitter,General Praise,0.2406,1,2026-09-02 12:07:33
13859,672,"Major outage across the platform, unable to log in.",Twitter,General Praise,0.7574,0,2026-08-15 05:38:33
13860,477,App keeps crashing during checkout payment step!,Email Support,General Praise,0.7326,0,2026-08-20 23:11:33
13861,407,Customer support resolved my billing issue in 5 minutes.,Mobile App,UI Ergonomics,0.0907,1,2026-08-30 11:39:33
13862,360,Package arrived damaged and customer support is ignoring my emails.,Call Center Note,App Crash,0.8507,0,2026-09-09 01:17:33
13863,577,Fast shipping and nice packaging.,Twitter,Shipping Delay,0.0096,1,2026-08-26 18:57:33
13864,498,Fast shipping and nice packaging.,Twitter,General Praise,0.2836,1,2026-08-19 02:02:33
13865,390,"Major outage across the platform, unable to log in.",Mobile App,General Praise,0.7427,0,2026-09-04 16:24:33
13866,165,"Major outage across the platform, unable to log in.",Web Review,Billing Defect,0.646,0,2026-08-28 20:09:33
13867,178,"Double charged on my credit card, fix this immediately!",Call Center Note,General Praise,0.959,0,2026-08-17 19:08:33
13868,393,Love the new design update! Very smooth.,Mobile App,App Crash,0.2582,1,2026-08-27 03:56:33
13869,159,Fast shipping and nice packaging.,Call Center Note,Shipping Delay,0.1546,1,2026-09-08 02:45:33
13870,394,System latency is terrible after the latest update.,Mobile App,General Praise,0.9243,0,2026-08-19 08:43:33
13871,395,Customer support resolved my billing issue in 5 minutes.,Twitter,App Crash,0.2144,1,2026-08-14 19:44:33
13872,749,Fast shipping and nice packaging.,Email Support,General Praise,0.3847,1,2026-08-14 20:42:33
13873,291,Fast shipping and nice packaging.,Mobile App,Product Quality,0.2828,1,2026-08-22 02:25:33
13874,714,Fast shipping and nice packaging.,Web Review,UI Ergonomics,0.1839,1,2026-09-01 08:27:33
13875,420,Love the new design update! Very smooth.,Web Review,App Crash,0.0006,1,2026-08-26 03:56:33
13876,969,App keeps crashing during checkout payment step!,Twitter,App Crash,0.6538,0,2026-08-23 12:54:33
13877,174,"Major outage across the platform, unable to log in.",Twitter,General Praise,0.8177,0,2026-09-02 10:31:33
13878,599,Customer support resolved my billing issue in 5 minutes.,Email Support,Product Quality,0.3564,1,2026-08-14 06:03:33
13879,435,System latency is terrible after the latest update.,Twitter,General Praise,0.8457,0,2026-08-27 08:56:33
13880,400,System latency is terrible after the latest update.,Mobile App,Product Quality,0.6481,0,2026-08-20 23:46:33
13881,411,Package arrived damaged and customer support is ignoring my emails.,Web Review,Shipping Delay,0.6251,0,2026-09-02 06:46:33
13882,485,Customer support resolved my billing issue in 5 minutes.,Mobile App,Billing Defect,0.3474,1,2026-09-07 12:42:33
13883,488,System latency is terrible after the latest update.,Twitter,Billing Defect,0.9006,0,2026-09-08 08:23:33
13884,758,"Great quality product, highly recommended!",Web Review,Product Quality,0.294,1,2026-09-11 08:35:33
13885,754,"Major outage across the platform, unable to log in.",Twitter,UI Ergonomics,0.9032,0,2026-09-02 11:33:33
13886,405,Package arrived damaged and customer support is ignoring my emails.,Call Center Note,Billing Defect,0.9248,0,2026-08-14 17:10:33
13887,283,"Major outage across the platform, unable to log in.",Email Support,Shipping Delay,0.7294,0,2026-08-16 09:49:33
13888,900,Customer support resolved my billing issue in 5 minutes.,Email Support,Shipping Delay,0.3327,1,2026-08-25 03:50:33
13889,284,Fast shipping and nice packaging.,Call Center Note,Product Quality,0.1924,1,2026-08-23 22:12:33
13890,346,"Great quality product, highly recommended!",Twitter,Billing Defect,0.1875,1,2026-08-25 00:25:33
13891,856,"Great quality product, highly recommended!",Mobile App,Shipping Delay,0.1512,1,2026-09-04 11:06:33
13892,195,"Double charged on my credit card, fix this immediately!",Mobile App,Shipping Delay,0.6595,0,2026-09-09 07:03:33
13893,424,Fast shipping and nice packaging.,Twitter,Billing Defect,0.2359,1,2026-08-19 14:47:33
13894,697,Love the new design update! Very smooth.,Email Support,Shipping Delay,0.1158,1,2026-08-24 14:46:33
13895,626,Fast shipping and nice packaging.,Twitter,Billing Defect,0.17,1,2026-09-06 13:30:33
13896,840,Love the new design update! Very smooth.,Call Center Note,UI Ergonomics,0.0239,1,2026-08-24 14:03:33
13897,432,"Double charged on my credit card, fix this immediately!",Mobile App,Billing Defect,0.8329,0,2026-08-24 21:40:33
13898,274,System latency is terrible after the latest update.,Mobile App,Billing Defect,0.8139,0,2026-09-04 15:07:33
13899,199,Love the new design update! Very smooth.,Mobile App,Product Quality,0.2195,1,2026-08-31 23:12:33
13900,231,"Great quality product, highly recommended!",Email Support,UI Ergonomics,0.1693,1,2026-08-15 22:10:33
13901,538,Love the new design update! Very smooth.,Call Center Note,General Praise,0.0571,1,2026-08-22 12:36:33
13902,369,App keeps crashing during checkout payment step!,Twitter,General Praise,0.7489,0,2026-08-22 10:41:33
13903,299,App keeps crashing during checkout payment step!,Mobile App,App Crash,0.6211,0,2026-09-05 08:57:33
13904,807,"Great quality product, highly recommended!",Email Support,General Praise,0.3907,1,2026-08-14 09:01:33
13905,858,Customer support resolved my billing issue in 5 minutes.,Mobile App,Billing Defect,0.0673,1,2026-08-26 16:22:33
13906,591,Love the new design update! Very smooth.,Mobile App,Billing Defect,0.1615,1,2026-08-27 20:31:33
13907,679,Package arrived damaged and customer support is ignoring my emails.,Twitter,Billing Defect,0.8954,0,2026-08-17 20:40:33
13908,355,Fast shipping and nice packaging.,Twitter,General Praise,0.1698,1,2026-09-06 03:38:33
13909,384,"Double charged on my credit card, fix this immediately!",Mobile App,Billing Defect,0.9412,0,2026-08-28 01:24:33
13910,780,"Major outage across the platform, unable to log in.",Twitter,Billing Defect,0.6522,0,2026-08-30 11:13:33
13911,779,App keeps crashing during checkout payment step!,Call Center Note,Billing Defect,0.6382,0,2026-08-16 22:54:33
13912,414,"Double charged on my credit card, fix this immediately!",Twitter,App Crash,0.7024,0,2026-09-08 17:25:33
13913,472,"Double charged on my credit card, fix this immediately!",Twitter,Product Quality,0.8567,0,2026-08-30 18:12:33
13914,262,Love the new design update! Very smooth.,Twitter,General Praise,0.3186,1,2026-09-09 17:16:33
13915,441,System latency is terrible after the latest update.,Twitter,App Crash,0.8717,0,2026-08-27 08:46:33
13916,923,System latency is terrible after the latest update.,Email Support,Product Quality,0.7194,0,2026-09-02 15:58:33
13917,697,Love the new design update! Very smooth.,Call Center Note,UI Ergonomics,0.0693,1,2026-09-02 01:26:33
13918,847,"Double charged on my credit card, fix this immediately!",Call Center Note,Shipping Delay,0.8982,0,2026-08-24 18:46:33
13919,584,Fast shipping and nice packaging.,Twitter,Shipping Delay,0.2547,1,2026-09-08 14:07:33
13920,583,"Great quality product, highly recommended!",Twitter,Shipping Delay,0.0709,1,2026-08-31 22:31:33
13921,281,Love the new design update! Very smooth.,Web Review,UI Ergonomics,0.1338,1,2026-08-30 09:34:33
13922,882,Love the new design update! Very smooth.,Web Review,App Crash,0.107,1,2026-08-30 08:15:33
13923,526,Love the new design update! Very smooth.,Web Review,Shipping Delay,0.2478,1,2026-08-18 07:21:33
13924,514,Package arrived damaged and customer support is ignoring my emails.,Call Center Note,General Praise,0.6877,0,2026-08-30 09:30:33
13925,377,System latency is terrible after the latest update.,Web Review,UI Ergonomics,0.911,0,2026-08-27 23:31:33
13926,694,"Great quality product, highly recommended!",Web Review,App Crash,0.0834,1,2026-09-11 08:41:33
13927,257,"Great quality product, highly recommended!",Email Support,App Crash,0.2992,1,2026-08-31 04:29:33
13928,446,Customer support resolved my billing issue in 5 minutes.,Web Review,Billing Defect,0.1191,1,2026-08-20 15:31:33
13929,862,Fast shipping and nice packaging.,Call Center Note,App Crash,0.3804,1,2026-08-28 06:17:33
13930,436,Package arrived damaged and customer support is ignoring my emails.,Call Center Note,General Praise,0.7643,0,2026-09-02 01:10:33
13931,903,"Major outage across the platform, unable to log in.",Mobile App,UI Ergonomics,0.6105,0,2026-09-07 00:29:33
13932,754,"Major outage across the platform, unable to log in.",Twitter,Product Quality,0.7882,0,2026-09-10 04:58:33
13933,462,Love the new design update! Very smooth.,Twitter,General Praise,0.1661,1,2026-09-05 06:39:33
13934,627,System latency is terrible after the latest update.,Twitter,General Praise,0.9588,0,2026-09-03 12:56:33
13935,925,"Double charged on my credit card, fix this immediately!",Twitter,UI Ergonomics,0.6092,0,2026-08-19 11:17:33
13936,893,System latency is terrible after the latest update.,Mobile App,Billing Defect,0.8765,0,2026-08-25 23:33:33
13937,667,Fast shipping and nice packaging.,Mobile App,Product Quality,0.3258,1,2026-08-19 21:15:33
13938,220,Package arrived damaged and customer support is ignoring my emails.,Twitter,Billing Defect,0.8295,0,2026-08-26 12:13:33
13939,404,"Double charged on my credit card, fix this immediately!",Web Review,UI Ergonomics,0.8369,0,2026-08-21 21:19:33
13940,866,Package arrived damaged and customer support is ignoring my emails.,Call Center Note,General Praise,0.9353,0,2026-08-21 00:02:33
13941,515,Package arrived damaged and customer support is ignoring my emails.,Twitter,App Crash,0.7378,0,2026-09-09 17:25:33
13942,699,"Double charged on my credit card, fix this immediately!",Call Center Note,General Praise,0.8992,0,2026-08-27 04:43:33
13943,368,System latency is terrible after the latest update.,Call Center Note,General Praise,0.9283,0,2026-08-17 03:42:33
13944,523,Love the new design update! Very smooth.,Web Review,General Praise,0.0726,1,2026-08-26 19:30:33
13945,562,Love the new design update! Very smooth.,Mobile App,UI Ergonomics,0.2482,1,2026-09-07 13:55:33
13946,213,Package arrived damaged and customer support is ignoring my emails.,Mobile App,Billing Defect,0.6883,0,2026-08-31 05:59:33
13947,684,Package arrived damaged and customer support is ignoring my emails.,Mobile App,Billing Defect,0.9141,0,2026-08-31 18:48:33
13948,378,Customer support resolved my billing issue in 5 minutes.,Call Center Note,Billing Defect,0.2271,1,2026-08-17 05:13:33
13949,378,"Double charged on my credit card, fix this immediately!",Twitter,UI Ergonomics,0.7089,0,2026-09-01 14:21:33
13950,380,Customer support resolved my billing issue in 5 minutes.,Call Center Note,Billing Defect,0.3828,1,2026-08-26 07:49:33
13951,807,"Major outage across the platform, unable to log in.",Email Support,Billing Defect,0.8182,0,2026-08-16 08:13:33
13952,321,Fast shipping and nice packaging.,Mobile App,Billing Defect,0.1974,1,2026-08-24 22:37:33
13953,110,Love the new design update! Very smooth.,Email Support,Product Quality,0.0415,1,2026-09-12 07:15:33
13954,148,Love the new design update! Very smooth.,Email Support,General Praise,0.3087,1,2026-08-20 20:52:33
13955,675,Love the new design update! Very smooth.,Web Review,UI Ergonomics,0.0602,1,2026-08-18 22:28:33
13956,174,Love the new design update! Very smooth.,Call Center Note,Product Quality,0.2992,1,2026-08-15 07:37:33
13957,965,"Double charged on my credit card, fix this immediately!",Twitter,Shipping Delay,0.6488,0,2026-09-05 08:40:33
13958,367,"Great quality product, highly recommended!",Twitter,Billing Defect,0.1209,1,2026-08-23 01:16:33
13959,812,App keeps crashing during checkout payment step!,Web Review,Product Quality,0.7702,0,2026-08-17 21:27:33
13960,656,Love the new design update! Very smooth.,Web Review,Billing Defect,0.0822,1,2026-08-17 03:37:33
13961,818,System latency is terrible after the latest update.,Mobile App,UI Ergonomics,0.6396,0,2026-08-18 19:07:33
13962,200,"Double charged on my credit card, fix this immediately!",Call Center Note,General Praise,0.9131,0,2026-08-27 14:24:33
13963,410,Love the new design update! Very smooth.,Web Review,General Praise,0.3985,1,2026-08-13 17:07:33
13964,770,"Major outage across the platform, unable to log in.",Mobile App,Shipping Delay,0.8223,0,2026-08-17 16:55:33
13965,747,"Major outage across the platform, unable to log in.",Email Support,Shipping Delay,0.7838,0,2026-08-19 17:44:33
13966,722,Love the new design update! Very smooth.,Twitter,UI Ergonomics,0.309,1,2026-09-04 04:48:33
13967,401,"Great quality product, highly recommended!",Web Review,App Crash,0.1963,1,2026-09-10 01:27:33
13968,181,"Major outage across the platform, unable to log in.",Mobile App,General Praise,0.9154,0,2026-09-05 05:48:33
13969,488,App keeps crashing during checkout payment step!,Mobile App,Product Quality,0.863,0,2026-08-26 13:05:33
13970,390,"Double charged on my credit card, fix this immediately!",Mobile App,Billing Defect,0.6476,0,2026-08-24 07:47:33
13971,152,Package arrived damaged and customer support is ignoring my emails.,Web Review,Product Quality,0.6871,0,2026-09-02 05:44:33
13972,516,Customer support resolved my billing issue in 5 minutes.,Call Center Note,Shipping Delay,0.1554,1,2026-08-29 04:35:33
13973,771,Package arrived damaged and customer support is ignoring my emails.,Web Review,General Praise,0.6702,0,2026-08-27 17:04:33
13974,472,Love the new design update! Very smooth.,Email Support,UI Ergonomics,0.0556,1,2026-08-16 11:25:33
13975,711,Fast shipping and nice packaging.,Call Center Note,Shipping Delay,0.2335,1,2026-09-06 05:02:33
13976,719,"Great quality product, highly recommended!",Email Support,Product Quality,0.1704,1,2026-09-08 11:14:33
13977,131,Customer support resolved my billing issue in 5 minutes.,Email Support,Billing Defect,0.3925,1,2026-09-09 09:46:33
13978,456,"Great quality product, highly recommended!",Web Review,App Crash,0.1731,1,2026-08-30 03:46:33
13979,249,"Major outage across the platform, unable to log in.",Twitter,UI Ergonomics,0.7185,0,2026-09-11 13:26:33
13980,513,Fast shipping and nice packaging.,Twitter,General Praise,0.0624,1,2026-08-29 23:24:33
13981,994,Love the new design update! Very smooth.,Mobile App,UI Ergonomics,0.1036,1,2026-08-14 13:03:33
13982,769,Love the new design update! Very smooth.,Email Support,Billing Defect,0.1176,1,2026-08-23 15:25:33
13983,531,System latency is terrible after the latest update.,Twitter,Shipping Delay,0.8037,0,2026-08-15 08:40:33
13984,205,Fast shipping and nice packaging.,Mobile App,Billing Defect,0.3112,1,2026-09-11 13:28:33
13985,713,Fast shipping and nice packaging.,Mobile App,General Praise,0.1637,1,2026-08-25 21:27:33
13986,649,Love the new design update! Very smooth.,Twitter,Billing Defect,0.1943,1,2026-09-03 23:39:33
13987,213,Customer support resolved my billing issue in 5 minutes.,Mobile App,Shipping Delay,0.2006,1,2026-08-20 20:38:33
13988,285,"Double charged on my credit card, fix this immediately!",Twitter,Product Quality,0.8209,0,2026-08-20 13:44:33
13989,434,"Major outage across the platform, unable to log in.",Twitter,Product Quality,0.7111,0,2026-08-22 06:47:33
13990,404,"Major outage across the platform, unable to log in.",Mobile App,Billing Defect,0.8364,0,2026-08-25 22:31:33
13991,719,"Major outage across the platform, unable to log in.",Mobile App,App Crash,0.7072,0,2026-08-30 11:51:33
13992,352,Love the new design update! Very smooth.,Email Support,General Praise,0.2818,1,2026-08-14 20:51:33
13993,898,"Great quality product, highly recommended!",Web Review,App Crash,0.0777,1,2026-08-21 00:20:33
13994,107,Customer support resolved my billing issue in 5 minutes.,Web Review,Shipping Delay,0.3694,1,2026-08-18 20:55:33
13995,669,"Great quality product, highly recommended!",Mobile App,Product Quality,0.3826,1,2026-09-03 15:37:33
13996,653,Love the new design update! Very smooth.,Mobile App,Billing Defect,0.0511,1,2026-08-14 14:20:33
13997,987,Love the new design update! Very smooth.,Email Support,App Crash,0.2488,1,2026-08-27 05:29:33
13998,229,Package arrived damaged and customer support is ignoring my emails.,Call Center Note,Billing Defect,0.9486,0,2026-09-12 08:42:33
13999,919,System latency is terrible after the latest update.,Web Review,Shipping Delay,0.8223,0,2026-09-11 03:14:33
14000,756,App keeps crashing during checkout payment step!,Call Center Note,General Praise,0.6701,0,2026-09-07 19:07:33
