feedback_id,user_id,raw_text,channel,aspect_category,urgency_score,label,timestamp
10001,792,Love the new checkout flow update! Very intuitive.,Call Center Note,Billing Defect,0.067,1,2026-09-09 09:23:34
10002,674,"The checkout update looks great but it crashed once for me, mixed feelings.",Twitter,General Praise,0.4698,1,2026-09-12 02:15:34
10003,990,"Fast shipping and nice packaging, will order again.",Mobile App,App Crash,0.1348,1,2026-09-01 18:01:34
10004,194,The website works fine but could use minor improvements.,Web Review,Billing Defect,0.5893,1,2026-08-29 20:31:34
10005,487,The checkout flow redesign makes everything so much smooth.,Mobile App,Product Quality,0.2189,1,2026-08-26 20:38:34
10006,333,The checkout flow redesign makes everything so much intuitive.,Email Support,Billing Defect,0.2114,1,2026-08-24 02:41:34
10007,266,"Fast shipping and eco-friendly packaging, will order again.",Email Support,Shipping Delay,0.136,1,2026-08-23 01:15:34
10008,350,Really impressed with how smooth the mobile app experience is now.,Twitter,UI Ergonomics,0.1905,1,2026-08-30 18:52:34
10009,894,"It does what it says, nothing special about the website.",Mobile App,App Crash,0.5212,1,2026-08-14 23:28:34
10010,680,"Fast shipping and eco-friendly packaging, will order again.",Email Support,App Crash,0.0199,1,2026-09-12 08:19:34
10011,651,"Not terrible, but the search still logged me out sometimes after the fix.",Email Support,General Praise,0.4419,1,2026-09-09 02:56:34
10012,605,"Not terrible, but the notifications still crashed once sometimes after the fix.",Mobile App,Billing Defect,0.6992,0,2026-08-18 12:10:34
10013,710,The support chat works fine but could use minor improvements.,Web Review,Product Quality,0.4991,1,2026-08-24 23:01:34
10014,400,Love the new design update! Very fast.,Web Review,App Crash,0.2306,1,2026-09-03 04:00:34
10015,208,"Major outage across the platform, unable to reach support for hours.",Email Support,General Praise,0.9167,0,2026-09-05 14:55:34
10016,643,"Customer support resolved my login problem in 5 minutes, amazing team.",Mobile App,Product Quality,0.1618,1,2026-08-28 06:28:34
10017,680,"The notifications update looks great but it logged me out for me, mixed feelings.",Mobile App,Billing Defect,0.4718,1,2026-09-04 15:14:34
10018,269,The dashboard redesign makes everything so much intuitive.,Email Support,Product Quality,0.1979,1,2026-09-10 02:58:34
10019,787,"Support was friendly about my shipping question, though it took a while to get a straight answer.",Email Support,UI Ergonomics,0.4603,1,2026-09-06 01:44:34
10020,702,"Support was polite about my refund request, though it took a while to hear back.",Twitter,Billing Defect,0.4063,1,2026-08-16 17:57:34
10021,172,Love the new dashboard update! Very smooth.,Call Center Note,App Crash,0.2716,1,2026-08-26 04:35:34
10022,690,"Customer support resolved my shipping question in 5 minutes, amazing team.",Web Review,App Crash,0.217,1,2026-09-04 01:01:34
10023,520,"Customer support resolved my billing issue in 5 minutes, amazing team.",Web Review,General Praise,0.1977,1,2026-08-15 23:35:34
10024,982,Really impressed with how smooth the onboarding experience is now.,Mobile App,App Crash,0.1208,1,2026-08-22 05:41:34
10025,355,"Decent experience overall, website was okay.",Mobile App,UI Ergonomics,0.4555,1,2026-09-07 13:31:34
10026,270,"App keeps crashing during checkout step, this is unacceptable!",Web Review,UI Ergonomics,0.9742,0,2026-09-04 10:11:34
10027,499,"Decent experience overall, app was okay.",Email Support,UI Ergonomics,0.6088,0,2026-08-26 11:59:34
10028,693,"Not terrible, but the search still crashed once sometimes after the fix.",Call Center Note,Billing Defect,0.489,1,2026-08-27 18:57:34
10029,971,"The notifications is completely broken since the last update, losing customers.",Twitter,Billing Defect,0.6699,0,2026-09-09 14:21:34
10030,352,"System latency is terrible after the server migration, nothing works.",Call Center Note,Product Quality,0.692,0,2026-08-15 07:49:34
10031,367,"Fast shipping and secure packaging, will order again.",Twitter,General Praise,0.1751,1,2026-08-27 19:35:34
10032,423,"Decent experience overall, website was okay.",Mobile App,Billing Defect,0.5179,1,2026-09-03 08:59:34
10033,235,The design redesign makes everything so much smooth.,Email Support,Billing Defect,0.1613,1,2026-08-24 15:14:34
10034,926,"Support was helpful about my shipping question, though it took a while to get a straight answer.",Call Center Note,Billing Defect,0.4908,1,2026-09-07 18:11:34
10035,218,"It does what it says, nothing special about the app.",Mobile App,General Praise,0.5847,1,2026-09-07 16:41:34
10036,749,"Decent experience overall, website was okay.",Email Support,Product Quality,0.5294,1,2026-09-04 18:01:34
10037,145,The app works fine but could use minor improvements.,Mobile App,Shipping Delay,0.5086,1,2026-08-19 11:18:34
10038,537,"Great excellent product, highly recommended to everyone!",Call Center Note,Billing Defect,0.2224,1,2026-08-18 14:36:34
10039,665,Package arrived the wrong item and support is completely ignoring my emails.,Twitter,UI Ergonomics,0.6626,0,2026-08-19 07:37:34
10040,355,"Your order deleted all my data without warning, I need this fixed NOW.",Mobile App,Shipping Delay,0.9646,0,2026-09-07 23:57:34
10041,342,"Fast shipping and secure packaging, will order again.",Twitter,App Crash,0.2248,1,2026-09-01 06:45:34
10042,930,"Your invoice deleted all my data without warning, I need this fixed NOW.",Twitter,Shipping Delay,0.9308,0,2026-08-20 18:18:34
10043,936,Love the new search update! Very smooth.,Web Review,Shipping Delay,0.2576,1,2026-08-27 09:45:34
10044,385,"Customer support resolved my billing issue in 5 minutes, amazing team.",Mobile App,Shipping Delay,0.198,1,2026-08-29 11:57:34
10045,128,"Fast shipping and secure packaging, will order again.",Mobile App,Shipping Delay,0.2943,1,2026-08-21 15:27:34
10046,846,"Great excellent product, highly recommended to everyone!",Email Support,UI Ergonomics,0.0325,1,2026-09-10 02:33:34
10047,101,Love the new search update! Very intuitive.,Call Center Note,Product Quality,0.0764,1,2026-08-22 11:37:34
10048,407,"The notifications update looks great but it logged me out for me, mixed feelings.",Call Center Note,Shipping Delay,0.599,0,2026-09-01 02:29:34
10049,780,"It does what it says, nothing special about the checkout.",Web Review,General Praise,0.4886,1,2026-08-21 10:30:34
10050,393,"Great reliable product, highly recommended to everyone!",Twitter,UI Ergonomics,0.8356,0,2026-09-08 21:54:34
10051,623,"Great reliable product, highly recommended to everyone!",Web Review,General Praise,0.1325,1,2026-08-21 05:45:34
10052,195,"Great well-built product, highly recommended to everyone!",Twitter,General Praise,0.1992,1,2026-08-27 15:28:34
10053,586,The website works fine but could use minor improvements.,Call Center Note,Billing Defect,0.3561,1,2026-09-03 05:51:34
10054,771,"Support was friendly about my shipping question, though it took a while to hear back.",Mobile App,Billing Defect,0.5483,0,2026-09-01 20:47:34
10055,968,"It does what it says, nothing special about the support chat.",Mobile App,UI Ergonomics,0.3626,1,2026-08-19 14:03:34
10056,616,Really impressed with how fast the checkout experience is now.,Web Review,Product Quality,0.1838,1,2026-09-02 19:28:34
10057,752,Really impressed with how easy the checkout experience is now.,Email Support,Product Quality,0.0778,1,2026-09-04 13:43:34
10058,378,"Great reliable product, highly recommended to everyone!",Email Support,Shipping Delay,0.0232,1,2026-09-07 02:24:34
10059,319,Package arrived damaged and support is completely ignoring my emails.,Mobile App,UI Ergonomics,0.7841,0,2026-09-01 01:37:34
10060,498,"Decent experience overall, support chat was okay.",Call Center Note,General Praise,0.3656,1,2026-08-14 09:45:34
10061,871,The search redesign makes everything so much easy.,Web Review,UI Ergonomics,0.0018,1,2026-09-07 00:17:34
10062,129,The dashboard redesign makes everything so much easy.,Web Review,Shipping Delay,0.0658,1,2026-08-31 22:02:34
10063,503,"Fast shipping and nice packaging, will order again.",Call Center Note,Product Quality,0.2942,1,2026-08-14 18:01:34
10064,366,"Been on hold for 45 minutes trying to reach a human, this is ridiculous.",Web Review,Shipping Delay,0.9534,0,2026-08-23 03:36:34
10065,119,"Mostly happy with the service, just wish the dashboard didn't logged me out.",Call Center Note,Billing Defect,0.4757,1,2026-08-29 10:40:34
10066,304,The app works fine but could use minor improvements.,Mobile App,Product Quality,0.5386,1,2026-08-20 10:51:34
10067,816,"Decent experience overall, app was okay.",Email Support,Shipping Delay,0.491,1,2026-08-21 03:41:34
10068,126,Really impressed with how smooth the onboarding experience is now.,Email Support,Product Quality,0.2894,1,2026-08-30 14:21:34
10069,813,"Support was polite about my shipping question, though it took a while to get a straight answer.",Email Support,General Praise,0.6492,0,2026-09-09 20:13:34
10070,170,The design redesign makes everything so much fast.,Call Center Note,General Praise,0.1598,1,2026-08-29 01:07:34
10071,750,"Been on hold for an hour trying to reach a human, this is ridiculous.",Web Review,General Praise,0.6869,0,2026-08-20 11:31:34
10072,430,"Mostly happy with the service, just wish the dashboard didn't loaded slowly.",Twitter,Billing Defect,0.6477,0,2026-08-26 05:04:34
10073,129,"Customer support resolved my login problem in one message, amazing team.",Web Review,Shipping Delay,0.1831,1,2026-08-21 19:02:34
10074,382,"Mostly happy with the service, just wish the notifications didn't logged me out.",Call Center Note,Billing Defect,0.6641,0,2026-09-06 00:42:34
10075,807,Love the new dashboard update! Very easy.,Web Review,General Praise,0.1466,1,2026-09-04 20:31:34
10076,413,"The checkout update looks great but it logged me out for me, mixed feelings.",Call Center Note,Shipping Delay,0.4665,1,2026-09-04 01:20:34
10077,460,"Great reliable product, highly recommended to everyone!",Web Review,Shipping Delay,0.299,1,2026-08-27 11:19:34
10078,880,The website works fine but could use minor improvements.,Twitter,App Crash,0.4289,1,2026-08-23 08:45:34
10079,711,"Great well-built product, highly recommended to everyone!",Email Support,Billing Defect,0.1769,1,2026-08-22 08:26:34
10080,229,"Decent experience overall, website was okay.",Email Support,Billing Defect,0.4256,1,2026-08-15 23:58:34
10081,993,Really impressed with how intuitive the mobile app experience is now.,Mobile App,Product Quality,0.2605,1,2026-08-26 10:59:34
10082,982,"Not terrible, but the notifications still crashed once sometimes after the fix.",Web Review,Billing Defect,0.6896,0,2026-08-16 11:47:34
10083,411,"The checkout update looks great but it crashed once for me, mixed feelings.",Mobile App,App Crash,0.4448,1,2026-08-18 21:47:34
10084,894,"Fast shipping and secure packaging, will order again.",Call Center Note,UI Ergonomics,0.1788,1,2026-09-03 00:29:34
10085,735,"Great well-built product, highly recommended to everyone!",Mobile App,Product Quality,0.297,1,2026-08-18 00:48:34
10086,345,"Customer support resolved my shipping question in 5 minutes, amazing team.",Twitter,Product Quality,0.0794,1,2026-08-16 22:24:34
10087,133,"Decent experience overall, support chat was okay.",Twitter,Shipping Delay,0.5223,1,2026-08-26 09:13:34
10088,906,"Fast shipping and nice packaging, will order again.",Call Center Note,General Praise,0.2062,1,2026-08-22 12:29:34
10089,269,"Support was friendly about my refund request, though it took a while to hear back.",Email Support,Product Quality,0.648,0,2026-09-08 10:08:34
10090,512,"Fast shipping and nice packaging, will order again.",Email Support,Product Quality,0.1406,1,2026-09-07 02:13:34
10091,126,"The checkout update looks great but it loaded slowly for me, mixed feelings.",Mobile App,App Crash,0.6204,0,2026-09-08 16:41:34
10092,631,Love the new checkout flow update! Very smooth.,Web Review,Shipping Delay,0.2289,1,2026-08-21 18:39:34
10093,581,"Fast shipping and secure packaging, will order again.",Email Support,UI Ergonomics,0.2443,1,2026-08-28 16:28:34
10094,395,The website works fine but could use minor improvements.,Web Review,Product Quality,0.4325,1,2026-08-15 04:29:34
10095,626,"Mostly happy with the app, just wish the notifications didn't logged me out.",Mobile App,General Praise,0.6911,0,2026-09-07 05:04:34
10096,552,"The search update looks great but it logged me out for me, mixed feelings.",Mobile App,App Crash,0.5868,0,2026-08-25 16:06:34
10097,129,"Great reliable product, highly recommended to everyone!",Call Center Note,App Crash,0.2643,1,2026-08-20 17:24:34
10098,216,The support chat works fine but could use minor improvements.,Web Review,Billing Defect,0.3733,1,2026-09-11 23:53:34
10099,525,"Fast shipping and secure packaging, will order again.",Web Review,UI Ergonomics,0.0876,1,2026-08-24 14:38:34
10100,984,"Support was helpful about my refund request, though it took a while to get a straight answer.",Mobile App,Shipping Delay,0.5525,0,2026-09-01 09:38:34
10101,405,"It does what it says, nothing special about the checkout.",Call Center Note,Product Quality,0.5551,1,2026-09-04 19:14:34
10102,881,"Fast shipping and secure packaging, will order again.",Call Center Note,UI Ergonomics,0.1453,1,2026-09-03 05:46:34
10103,894,"Customer support resolved my shipping question in 5 minutes, amazing team.",Web Review,Billing Defect,0.1715,1,2026-08-27 23:57:34
10104,767,Really impressed with how easy the checkout experience is now.,Twitter,UI Ergonomics,0.2965,1,2026-08-15 04:51:34
10105,638,"Your order deleted all my data without warning, I need this fixed NOW.",Web Review,Billing Defect,0.956,0,2026-08-20 01:52:34
10106,765,"Support was polite about my login problem, though it took a while to hear back.",Mobile App,Shipping Delay,0.5016,0,2026-09-06 19:16:34
10107,394,"Mostly happy with the subscription, just wish the dashboard didn't lags a bit.",Twitter,General Praise,0.4205,1,2026-08-17 15:08:34
10108,129,"The checkout update looks great but it loaded slowly for me, mixed feelings.",Mobile App,Shipping Delay,0.4499,1,2026-08-16 01:42:34
10109,679,"Decent experience overall, support chat was okay.",Twitter,App Crash,0.3864,1,2026-08-21 11:38:34
10110,697,"Been on hold for two hours trying to reach a human, this is ridiculous.",Twitter,App Crash,0.8891,0,2026-09-03 12:06:34
10111,576,"Fast shipping and eco-friendly packaging, will order again.",Email Support,General Praise,0.2001,1,2026-09-07 09:26:34
10112,534,"Decent experience overall, checkout was okay.",Email Support,UI Ergonomics,0.5969,1,2026-08-27 06:24:34
10113,467,"Decent experience overall, support chat was okay.",Call Center Note,Shipping Delay,0.3767,1,2026-08-26 22:53:34
10114,896,"Been on hold for an hour trying to reach a human, this is ridiculous.",Mobile App,Product Quality,0.6528,0,2026-09-05 02:58:34
10115,751,"Great excellent product, highly recommended to everyone!",Twitter,Product Quality,0.1821,1,2026-08-24 22:10:34
10116,140,Really impressed with how intuitive the mobile app experience is now.,Email Support,UI Ergonomics,0.0291,1,2026-08-15 00:51:34
10117,525,Really impressed with how intuitive the onboarding experience is now.,Twitter,App Crash,0.2729,1,2026-08-19 12:46:34
10118,268,"Great well-built product, highly recommended to everyone!",Email Support,UI Ergonomics,0.1505,1,2026-08-26 22:47:34
10119,872,"Great excellent product, highly recommended to everyone!",Twitter,General Praise,0.1405,1,2026-08-31 14:29:34
10120,649,The checkout flow redesign makes everything so much smooth.,Mobile App,UI Ergonomics,0.7628,0,2026-08-30 07:00:34
10121,480,Really impressed with how fast the mobile app experience is now.,Mobile App,General Praise,0.1143,1,2026-08-24 03:48:34
10122,409,"Mostly happy with the subscription, just wish the search didn't lags a bit.",Web Review,Billing Defect,0.6472,0,2026-08-19 21:05:34
10123,340,"App keeps crashing during login step, this is unacceptable!",Call Center Note,App Crash,0.9986,0,2026-08-31 04:55:34
10124,730,"Not terrible, but the search still loaded slowly sometimes after the fix.",Web Review,Shipping Delay,0.5965,0,2026-08-15 00:09:34
10125,201,"Customer support resolved my login problem in under an hour, amazing team.",Email Support,Product Quality,0.2852,1,2026-09-11 20:44:34
10126,943,"Not terrible, but the notifications still crashed once sometimes after the fix.",Web Review,Billing Defect,0.6905,0,2026-08-23 04:05:34
10127,228,The design redesign makes everything so much smooth.,Call Center Note,App Crash,0.236,1,2026-08-16 15:21:34
10128,892,The dashboard redesign makes everything so much intuitive.,Twitter,Product Quality,0.2439,1,2026-08-13 15:30:34
10129,212,The website works fine but could use minor improvements.,Mobile App,App Crash,0.4851,1,2026-08-14 04:38:34
10130,859,"Support was friendly about my login problem, though it took a while to get resolved.",Web Review,Product Quality,0.4523,1,2026-08-18 16:33:34
10131,211,"Fast shipping and eco-friendly packaging, will order again.",Web Review,Product Quality,0.2334,1,2026-08-23 14:24:34
10132,590,Love the new checkout flow update! Very easy.,Web Review,UI Ergonomics,0.193,1,2026-08-18 10:20:34
10133,229,"Not terrible, but the checkout still lags a bit sometimes after the fix.",Email Support,Product Quality,0.4966,1,2026-09-11 07:54:34
10134,564,Really impressed with how fast the checkout experience is now.,Call Center Note,Product Quality,0.2984,1,2026-09-02 02:18:34
10135,523,"Double charged on my PayPal account for subscription, fix this immediately!",Email Support,UI Ergonomics,0.8005,0,2026-08-31 15:56:34
10136,256,"The notifications update looks great but it loaded slowly for me, mixed feelings.",Web Review,Billing Defect,0.4938,1,2026-08-17 16:03:34
10137,233,Love the new search update! Very smooth.,Call Center Note,Billing Defect,0.2234,1,2026-09-09 04:59:34
10138,868,The checkout flow redesign makes everything so much smooth.,Web Review,General Praise,0.1232,1,2026-08-15 20:36:34
10139,258,The checkout flow redesign makes everything so much fast.,Web Review,App Crash,0.0311,1,2026-08-18 10:37:34
10140,674,"Mostly happy with the subscription, just wish the checkout didn't logged me out.",Call Center Note,Product Quality,0.4678,1,2026-09-11 18:24:34
10141,416,The checkout flow redesign makes everything so much smooth.,Email Support,Shipping Delay,0.0541,1,2026-08-13 19:05:34
10142,131,The support chat works fine but could use minor improvements.,Mobile App,General Praise,0.3674,1,2026-09-06 15:50:34
10143,838,"Decent experience overall, support chat was okay.",Email Support,Product Quality,0.4352,1,2026-09-09 15:39:34
10144,790,"App keeps crashing during payment step, this is unacceptable!",Mobile App,Shipping Delay,0.7051,0,2026-09-02 16:24:34
10145,873,"Fast shipping and secure packaging, will order again.",Call Center Note,Billing Defect,0.1326,1,2026-08-29 05:26:34
10146,156,"Mostly happy with the app, just wish the dashboard didn't logged me out.",Mobile App,App Crash,0.4662,1,2026-08-27 05:38:34
10147,864,"Customer support resolved my login problem in under an hour, amazing team.",Web Review,App Crash,0.9016,0,2026-08-19 09:31:34
10148,982,"Support was friendly about my shipping question, though it took a while to get a straight answer.",Mobile App,UI Ergonomics,0.6419,0,2026-08-14 08:53:34
10149,527,"The notifications update looks great but it loaded slowly for me, mixed feelings.",Email Support,Billing Defect,0.572,0,2026-08-31 22:49:34
10150,951,"Your subscription deleted all my data without warning, I need this fixed NOW.",Email Support,Billing Defect,0.9305,0,2026-09-02 09:25:34
10151,991,"Customer support resolved my login problem in one message, amazing team.",Email Support,General Praise,0.1201,1,2026-08-28 23:15:34
10152,622,The app works fine but could use minor improvements.,Twitter,Shipping Delay,0.4776,1,2026-08-29 11:54:34
10153,277,Really impressed with how intuitive the onboarding experience is now.,Call Center Note,App Crash,0.0308,1,2026-09-12 08:24:34
10154,559,"The dashboard is completely broken since the last update, losing customers.",Call Center Note,General Praise,0.9141,0,2026-09-11 10:19:34
10155,580,"Great well-built product, highly recommended to everyone!",Web Review,General Praise,0.0948,1,2026-08-27 07:10:34
10156,562,The design redesign makes everything so much fast.,Mobile App,Billing Defect,0.1522,1,2026-08-30 07:10:34
10157,910,Love the new design update! Very easy.,Mobile App,UI Ergonomics,0.1388,1,2026-09-08 12:49:34
10158,163,"Great well-built product, highly recommended to everyone!",Web Review,Billing Defect,0.1427,1,2026-08-29 03:32:34
10159,549,Love the new dashboard update! Very smooth.,Call Center Note,Product Quality,0.0743,1,2026-09-10 06:29:34
10160,795,"Decent experience overall, checkout was okay.",Call Center Note,Billing Defect,0.4469,1,2026-09-11 05:30:34
10161,358,Love the new checkout flow update! Very smooth.,Call Center Note,App Crash,0.1674,1,2026-08-28 16:32:34
10162,778,Package arrived empty and support is completely ignoring my emails.,Web Review,App Crash,0.7586,0,2026-09-09 14:21:34
10163,230,Love the new checkout flow update! Very easy.,Call Center Note,Billing Defect,0.193,1,2026-09-11 22:02:34
10164,319,The checkout flow redesign makes everything so much smooth.,Email Support,UI Ergonomics,0.1088,1,2026-08-22 06:08:34
10165,203,The website works fine but could use minor improvements.,Call Center Note,Product Quality,0.3693,1,2026-09-06 11:31:34
10166,285,"Your subscription deleted all my data without warning, I need this fixed NOW.",Call Center Note,App Crash,0.859,0,2026-09-02 10:28:34
10167,870,"Your subscription deleted all my data without warning, I need this fixed NOW.",Web Review,App Crash,0.9894,0,2026-09-06 19:41:34
10168,551,"Decent experience overall, website was okay.",Web Review,Shipping Delay,0.442,1,2026-08-30 21:31:34
10169,241,"Fast shipping and nice packaging, will order again.",Email Support,Billing Defect,0.2451,1,2026-09-11 16:45:34
10170,560,"Mostly happy with the service, just wish the checkout didn't lags a bit.",Call Center Note,App Crash,0.4252,1,2026-09-02 10:15:34
10171,524,"System latency is terrible after the server migration, nothing works.",Mobile App,UI Ergonomics,0.9596,0,2026-09-05 08:44:34
10172,201,"Not terrible, but the checkout still logged me out sometimes after the fix.",Email Support,App Crash,0.4674,1,2026-08-19 18:42:34
10173,730,"The notifications is completely broken since the last update, losing customers.",Mobile App,Billing Defect,0.9156,0,2026-08-14 09:10:34
10174,408,The support chat works fine but could use minor improvements.,Mobile App,Billing Defect,0.3778,1,2026-08-24 08:51:34
10175,648,"Not terrible, but the checkout still lags a bit sometimes after the fix.",Mobile App,General Praise,0.651,0,2026-09-05 23:20:34
10176,346,Really impressed with how intuitive the checkout experience is now.,Call Center Note,UI Ergonomics,0.1288,1,2026-08-22 01:00:34
10177,905,Love the new checkout flow update! Very smooth.,Call Center Note,Product Quality,0.286,1,2026-08-14 10:37:34
10178,116,"Not terrible, but the checkout still loaded slowly sometimes after the fix.",Email Support,Billing Defect,0.6943,0,2026-08-29 05:01:34
10179,440,"It does what it says, nothing special about the app.",Twitter,Billing Defect,0.5429,1,2026-08-29 13:13:34
10180,746,Really impressed with how intuitive the mobile app experience is now.,Twitter,App Crash,0.1394,1,2026-08-16 09:20:34
10181,304,"Fast shipping and nice packaging, will order again.",Mobile App,Shipping Delay,0.088,1,2026-08-27 15:06:34
10182,392,The search redesign makes everything so much fast.,Email Support,Billing Defect,0.011,1,2026-09-12 08:39:34
10183,550,The checkout works fine but could use minor improvements.,Web Review,Shipping Delay,0.4592,1,2026-08-22 00:28:34
10184,180,"Not terrible, but the notifications still logged me out sometimes after the fix.",Web Review,Product Quality,0.6403,0,2026-08-21 17:31:34
10185,413,"Great excellent product, highly recommended to everyone!",Web Review,Product Quality,0.024,1,2026-09-01 21:50:34
10186,461,"Decent experience overall, checkout was okay.",Call Center Note,UI Ergonomics,0.4618,1,2026-08-26 00:18:34
10187,795,Love the new design update! Very easy.,Twitter,Billing Defect,0.109,1,2026-08-20 00:22:34
10188,760,Really impressed with how easy the onboarding experience is now.,Email Support,Shipping Delay,0.0379,1,2026-08-30 22:35:34
10189,881,Love the new dashboard update! Very easy.,Mobile App,Product Quality,0.2846,1,2026-08-19 18:48:34
10190,216,"Fast shipping and eco-friendly packaging, will order again.",Mobile App,General Praise,0.1949,1,2026-08-21 23:37:34
10191,319,"Not terrible, but the checkout still logged me out sometimes after the fix.",Call Center Note,Shipping Delay,0.6325,0,2026-09-04 20:56:34
10192,555,The app works fine but could use minor improvements.,Mobile App,General Praise,0.463,1,2026-08-28 01:29:34
10193,971,Really impressed with how smooth the mobile app experience is now.,Twitter,General Praise,0.1627,1,2026-09-11 12:57:34
10194,242,"Decent experience overall, website was okay.",Twitter,UI Ergonomics,0.3803,1,2026-08-14 17:07:34
10195,507,"Mostly happy with the subscription, just wish the dashboard didn't crashed once.",Web Review,Product Quality,0.6653,0,2026-09-01 05:06:34
10196,560,The design redesign makes everything so much intuitive.,Web Review,General Praise,0.2917,1,2026-09-06 01:30:34
10197,614,"It does what it says, nothing special about the website.",Mobile App,Billing Defect,0.5419,1,2026-09-06 02:19:34
10198,454,The website works fine but could use minor improvements.,Call Center Note,Shipping Delay,0.4307,1,2026-08-17 02:33:34
10199,646,"It does what it says, nothing special about the checkout.",Mobile App,Product Quality,0.3813,1,2026-09-11 16:32:34
10200,719,"It does what it says, nothing special about the website.",Email Support,Product Quality,0.3928,1,2026-08-15 09:24:34
10201,371,Love the new design update! Very smooth.,Twitter,Product Quality,0.2846,1,2026-09-01 11:26:34
10202,350,Love the new search update! Very fast.,Web Review,Shipping Delay,0.1926,1,2026-09-03 03:48:34
10203,308,"App keeps crashing during payment step, this is unacceptable!",Email Support,Product Quality,0.8039,0,2026-08-20 01:20:34
10204,508,"It does what it says, nothing special about the checkout.",Twitter,Shipping Delay,0.5335,1,2026-09-05 22:54:34
10205,353,"Great excellent product, highly recommended to everyone!",Twitter,Billing Defect,0.1399,1,2026-08-15 19:41:34
10206,263,"Decent experience overall, support chat was okay.",Email Support,Product Quality,0.4121,1,2026-08-27 17:59:34
10207,415,The support chat works fine but could use minor improvements.,Web Review,Billing Defect,0.599,1,2026-08-17 14:46:34
10208,151,The search redesign makes everything so much intuitive.,Email Support,UI Ergonomics,0.0645,1,2026-09-09 17:03:34
10209,541,Really impressed with how easy the checkout experience is now.,Twitter,Shipping Delay,0.161,1,2026-08-30 03:56:34
10210,299,"Great excellent product, highly recommended to everyone!",Email Support,Product Quality,0.1202,1,2026-08-26 15:38:34
10211,725,"The export tool is completely broken since the last update, losing customers.",Mobile App,App Crash,0.9389,0,2026-08-17 22:01:34
10212,141,"Mostly happy with the app, just wish the notifications didn't crashed once.",Mobile App,Billing Defect,0.5807,0,2026-08-19 18:05:34
10213,627,"Fast shipping and secure packaging, will order again.",Twitter,Shipping Delay,0.1371,1,2026-09-10 10:03:34
10214,621,"Decent experience overall, checkout was okay.",Call Center Note,UI Ergonomics,0.4984,1,2026-09-08 03:16:34
10215,526,The checkout works fine but could use minor improvements.,Call Center Note,Shipping Delay,0.4328,1,2026-09-11 03:44:34
10216,894,"The export tool is completely broken since the last update, losing customers.",Call Center Note,Product Quality,0.9885,0,2026-08-23 20:57:34
10217,893,The search redesign makes everything so much intuitive.,Web Review,App Crash,0.1573,1,2026-08-24 12:57:34
10218,522,"Double charged on my credit card for order, fix this immediately!",Twitter,UI Ergonomics,0.8044,0,2026-09-05 08:32:34
10219,631,"Fast shipping and secure packaging, will order again.",Twitter,Product Quality,0.2182,1,2026-08-28 07:27:34
10220,570,"Fast shipping and secure packaging, will order again.",Call Center Note,Shipping Delay,0.113,1,2026-09-07 09:05:34
10221,404,"Mostly happy with the app, just wish the dashboard didn't crashed once.",Email Support,General Praise,0.4837,1,2026-08-22 22:49:34
10222,914,"Fast shipping and eco-friendly packaging, will order again.",Email Support,Shipping Delay,0.1439,1,2026-08-19 01:32:34
10223,923,The search redesign makes everything so much easy.,Twitter,Shipping Delay,0.2455,1,2026-08-15 10:21:34
10224,362,"It does what it says, nothing special about the app.",Web Review,App Crash,0.4366,1,2026-08-22 17:07:34
10225,730,"Great well-built product, highly recommended to everyone!",Call Center Note,App Crash,0.2089,1,2026-08-24 13:14:34
10226,438,"System latency is terrible after the new release, nothing works.",Web Review,Billing Defect,0.7315,0,2026-08-19 18:34:34
10227,587,Package arrived empty and support is completely ignoring my emails.,Web Review,General Praise,0.8785,0,2026-08-22 14:16:34
10228,887,"Great reliable product, highly recommended to everyone!",Mobile App,General Praise,0.0856,1,2026-09-08 15:31:34
10229,957,"It does what it says, nothing special about the app.",Twitter,Billing Defect,0.5783,1,2026-08-31 14:02:34
10230,681,"Customer support resolved my shipping question in under an hour, amazing team.",Call Center Note,Billing Defect,0.737,0,2026-08-28 18:22:34
10231,616,"It does what it says, nothing special about the support chat.",Web Review,Shipping Delay,0.5723,1,2026-08-22 07:01:34
10232,835,"Great excellent product, highly recommended to everyone!",Twitter,Billing Defect,0.2193,1,2026-08-28 20:37:34
10233,515,The dashboard redesign makes everything so much intuitive.,Web Review,Product Quality,0.1833,1,2026-08-28 10:36:34
10234,106,"Double charged on my credit card for subscription, fix this immediately!",Email Support,UI Ergonomics,0.8171,0,2026-08-24 05:40:34
10235,769,"Mostly happy with the subscription, just wish the notifications didn't logged me out.",Email Support,General Praise,0.3831,1,2026-08-24 06:31:34
10236,820,"Double charged on my debit card for account, fix this immediately!",Email Support,General Praise,0.7059,0,2026-08-18 20:39:34
10237,236,"Great reliable product, highly recommended to everyone!",Web Review,App Crash,0.1844,1,2026-09-03 05:22:34
10238,875,The checkout flow redesign makes everything so much easy.,Call Center Note,General Praise,0.2106,1,2026-08-23 10:58:34
10239,179,Really impressed with how smooth the mobile app experience is now.,Call Center Note,Billing Defect,0.134,1,2026-08-16 07:52:34
10240,552,The dashboard redesign makes everything so much intuitive.,Mobile App,General Praise,0.0494,1,2026-08-22 20:46:34
10241,156,"Fast shipping and nice packaging, will order again.",Web Review,App Crash,0.2697,1,2026-09-05 21:01:34
10242,936,"The dashboard update looks great but it logged me out for me, mixed feelings.",Mobile App,General Praise,0.617,0,2026-08-23 10:25:34
10243,161,Love the new search update! Very fast.,Mobile App,UI Ergonomics,0.2101,1,2026-08-14 23:04:34
10244,761,The website works fine but could use minor improvements.,Web Review,Shipping Delay,0.5415,1,2026-08-30 22:11:34
10245,652,"Not terrible, but the dashboard still lags a bit sometimes after the fix.",Twitter,General Praise,0.6048,0,2026-08-29 08:16:34
10246,954,"Been on hold for two hours trying to reach a human, this is ridiculous.",Mobile App,Billing Defect,0.6946,0,2026-08-27 02:18:34
10247,382,"Not terrible, but the dashboard still crashed once sometimes after the fix.",Twitter,General Praise,0.4743,1,2026-08-18 15:40:34
10248,116,"Been on hold for two hours trying to reach a human, this is ridiculous.",Twitter,App Crash,0.9181,0,2026-08-16 13:54:34
10249,149,"App keeps crashing during upload step, this is unacceptable!",Twitter,General Praise,0.8592,0,2026-08-15 12:44:34
10250,339,"Support was friendly about my refund request, though it took a while to get resolved.",Call Center Note,Shipping Delay,0.442,1,2026-09-08 19:10:34
10251,776,Really impressed with how fast the onboarding experience is now.,Call Center Note,App Crash,0.0905,1,2026-09-01 08:08:34
10252,607,The website works fine but could use minor improvements.,Mobile App,Shipping Delay,0.5065,1,2026-09-11 19:05:34
10253,288,The checkout flow redesign makes everything so much easy.,Call Center Note,UI Ergonomics,0.1225,1,2026-08-24 11:37:34
10254,159,"Great well-built product, highly recommended to everyone!",Call Center Note,UI Ergonomics,0.0433,1,2026-09-01 11:21:34
10255,180,"Customer support resolved my login problem in 5 minutes, amazing team.",Web Review,Shipping Delay,0.0765,1,2026-08-17 17:24:34
10256,140,"Customer support resolved my billing issue in under an hour, amazing team.",Mobile App,App Crash,0.1132,1,2026-09-09 06:12:34
10257,410,The dashboard redesign makes everything so much easy.,Mobile App,App Crash,0.0627,1,2026-08-22 03:58:34
10258,506,Love the new search update! Very intuitive.,Twitter,Product Quality,0.2087,1,2026-08-28 03:42:34
10259,367,"Fast shipping and eco-friendly packaging, will order again.",Email Support,Product Quality,0.1601,1,2026-09-05 03:34:34
10260,676,"Not terrible, but the notifications still crashed once sometimes after the fix.",Twitter,General Praise,0.5112,0,2026-08-20 03:48:34
10261,488,"Been on hold for an hour trying to reach a human, this is ridiculous.",Call Center Note,App Crash,0.7033,0,2026-09-05 05:47:34
10262,840,Really impressed with how fast the checkout experience is now.,Web Review,UI Ergonomics,0.229,1,2026-08-21 04:10:34
10263,288,"Great excellent product, highly recommended to everyone!",Call Center Note,General Praise,0.042,1,2026-08-16 04:34:34
10264,336,Love the new design update! Very smooth.,Mobile App,General Praise,0.1237,1,2026-08-20 09:22:34
10265,731,"The export tool is completely broken since the last update, losing customers.",Web Review,General Praise,0.6712,0,2026-09-04 17:17:34
10266,648,"Been on hold for 45 minutes trying to reach a human, this is ridiculous.",Email Support,Billing Defect,0.6559,0,2026-09-05 08:58:34
10267,252,Really impressed with how easy the onboarding experience is now.,Twitter,App Crash,0.0321,1,2026-09-10 17:22:34
10268,515,"Great reliable product, highly recommended to everyone!",Web Review,Product Quality,0.2385,1,2026-08-24 14:03:34
10269,978,"Customer support resolved my login problem in one message, amazing team.",Mobile App,Billing Defect,0.2484,1,2026-08-31 23:05:34
10270,965,"Not terrible, but the checkout still lags a bit sometimes after the fix.",Web Review,General Praise,0.6109,0,2026-08-28 14:15:34
10271,680,Love the new design update! Very intuitive.,Web Review,Shipping Delay,0.0634,1,2026-08-15 15:16:34
10272,970,Really impressed with how fast the mobile app experience is now.,Email Support,Billing Defect,0.1691,1,2026-08-22 22:41:34
10273,680,Really impressed with how easy the onboarding experience is now.,Web Review,General Praise,0.0898,1,2026-09-07 02:51:34
10274,180,"It does what it says, nothing special about the website.",Call Center Note,General Praise,0.5476,1,2026-08-29 06:11:34
10275,887,"Been on hold for 45 minutes trying to reach a human, this is ridiculous.",Call Center Note,Product Quality,0.9435,0,2026-08-31 13:43:34
10276,561,"Great excellent product, highly recommended to everyone!",Web Review,App Crash,0.1902,1,2026-08-29 17:03:34
10277,489,"Fast shipping and eco-friendly packaging, will order again.",Mobile App,Product Quality,0.0557,1,2026-08-26 23:02:34
10278,902,Really impressed with how smooth the onboarding experience is now.,Twitter,General Praise,0.0804,1,2026-08-31 05:59:34
10279,468,The app works fine but could use minor improvements.,Email Support,Billing Defect,0.3513,1,2026-08-19 13:08:34
10280,205,"Been on hold for an hour trying to reach a human, this is ridiculous.",Mobile App,Billing Defect,0.8449,0,2026-08-29 14:59:34
10281,897,The checkout flow redesign makes everything so much easy.,Mobile App,General Praise,0.0037,1,2026-09-07 23:34:34
10282,242,"Customer support resolved my shipping question in one message, amazing team.",Email Support,Shipping Delay,0.0509,1,2026-08-25 17:35:34
10283,901,"The search update looks great but it loaded slowly for me, mixed feelings.",Mobile App,Shipping Delay,0.4828,1,2026-08-24 23:20:34
10284,238,Really impressed with how easy the mobile app experience is now.,Email Support,Billing Defect,0.185,1,2026-08-31 12:37:34
10285,442,"It does what it says, nothing special about the support chat.",Web Review,General Praise,0.551,1,2026-09-09 13:39:34
10286,507,"Your subscription deleted all my data without warning, I need this fixed NOW.",Email Support,Shipping Delay,0.8177,0,2026-09-11 07:42:34
10287,216,"Support was helpful about my login problem, though it took a while to hear back.",Call Center Note,App Crash,0.6449,0,2026-09-09 11:17:34
10288,825,"Customer support resolved my shipping question in one message, amazing team.",Twitter,UI Ergonomics,0.0081,1,2026-08-26 18:37:34
10289,358,Love the new search update! Very easy.,Twitter,General Praise,0.0418,1,2026-09-01 18:35:34
10290,990,Love the new search update! Very easy.,Web Review,Product Quality,0.1747,1,2026-08-15 04:34:34
10291,753,"Great well-built product, highly recommended to everyone!",Mobile App,Billing Defect,0.2687,1,2026-08-24 19:33:34
10292,760,"Great excellent product, highly recommended to everyone!",Web Review,Shipping Delay,0.1941,1,2026-09-02 02:35:34
10293,694,"Double charged on my debit card for subscription, fix this immediately!",Call Center Note,App Crash,0.8287,0,2026-09-02 19:19:34
10294,402,"Not terrible, but the search still logged me out sometimes after the fix.",Web Review,Billing Defect,0.6993,0,2026-08-18 19:11:34
10295,311,Really impressed with how intuitive the checkout experience is now.,Call Center Note,UI Ergonomics,0.0936,1,2026-08-29 08:51:34
10296,827,"Not terrible, but the dashboard still logged me out sometimes after the fix.",Mobile App,Billing Defect,0.4202,1,2026-08-29 03:08:34
10297,263,Really impressed with how intuitive the mobile app experience is now.,Email Support,Product Quality,0.0732,1,2026-09-01 22:07:34
10298,542,"Customer support resolved my login problem in one message, amazing team.",Web Review,Billing Defect,0.0553,1,2026-09-10 11:11:34
10299,319,"Fast shipping and secure packaging, will order again.",Twitter,Shipping Delay,0.8711,0,2026-08-16 08:45:34
10300,368,The dashboard redesign makes everything so much fast.,Web Review,Product Quality,0.0978,1,2026-09-11 14:29:34
10301,965,"Decent experience overall, support chat was okay.",Web Review,Product Quality,0.4968,1,2026-08-21 08:51:34
10302,420,Really impressed with how fast the mobile app experience is now.,Mobile App,App Crash,0.1771,1,2026-08-27 09:58:34
10303,241,"Your subscription deleted all my data without warning, I need this fixed NOW.",Call Center Note,UI Ergonomics,0.8288,0,2026-09-01 18:29:34
10304,243,"It does what it says, nothing special about the website.",Twitter,Shipping Delay,0.4887,1,2026-09-03 01:01:34
10305,493,"Great excellent product, highly recommended to everyone!",Call Center Note,Product Quality,0.1454,1,2026-09-12 05:44:34
10306,131,"Not terrible, but the dashboard still loaded slowly sometimes after the fix.",Twitter,Shipping Delay,0.5466,0,2026-08-15 00:07:34
10307,860,"It does what it says, nothing special about the checkout.",Web Review,Product Quality,0.3921,1,2026-09-05 18:21:34
10308,878,"Double charged on my debit card for account, fix this immediately!",Web Review,Product Quality,0.8397,0,2026-08-23 11:07:34
10309,369,Love the new dashboard update! Very fast.,Email Support,Billing Defect,0.2624,1,2026-09-02 11:59:34
10310,459,Love the new dashboard update! Very intuitive.,Call Center Note,General Praise,0.2432,1,2026-09-02 00:05:34
10311,683,The website works fine but could use minor improvements.,Email Support,Product Quality,0.5534,1,2026-08-26 07:26:34
10312,978,"Customer support resolved my login problem in one message, amazing team.",Call Center Note,General Praise,0.0878,1,2026-08-17 20:25:34
10313,229,"Been on hold for 45 minutes trying to reach a human, this is ridiculous.",Twitter,App Crash,0.9974,0,2026-08-20 04:09:34
10314,375,"Customer support resolved my shipping question in under an hour, amazing team.",Web Review,UI Ergonomics,0.1468,1,2026-09-03 02:06:34
10315,565,"Double charged on my debit card for account, fix this immediately!",Web Review,Shipping Delay,0.8931,0,2026-09-09 00:04:34
10316,970,"Double charged on my PayPal account for invoice, fix this immediately!",Mobile App,Product Quality,0.8722,0,2026-08-31 14:49:34
10317,390,"Decent experience overall, website was okay.",Email Support,Product Quality,0.4737,1,2026-09-08 19:40:34
10318,147,"The export tool is completely broken since the last update, losing customers.",Mobile App,General Praise,0.963,0,2026-09-03 10:24:34
10319,538,Package arrived empty and support is completely ignoring my emails.,Twitter,General Praise,0.8098,0,2026-08-19 12:30:34
10320,195,"Great excellent product, highly recommended to everyone!",Email Support,Shipping Delay,0.2623,1,2026-08-17 06:26:34
10321,339,"Support was polite about my login problem, though it took a while to get a straight answer.",Web Review,General Praise,0.4917,1,2026-08-17 16:01:34
10322,631,Love the new dashboard update! Very easy.,Web Review,Billing Defect,0.0234,1,2026-08-13 21:13:34
10323,191,Love the new search update! Very intuitive.,Mobile App,Billing Defect,0.1433,1,2026-08-27 18:40:34
10324,170,"Mostly happy with the app, just wish the search didn't loaded slowly.",Call Center Note,Product Quality,0.5925,0,2026-08-13 21:40:34
10325,255,"Customer support resolved my login problem in under an hour, amazing team.",Web Review,Product Quality,0.2167,1,2026-09-02 15:37:34
10326,493,Love the new design update! Very intuitive.,Email Support,UI Ergonomics,0.2257,1,2026-08-27 19:56:34
10327,714,"Customer support resolved my login problem in one message, amazing team.",Call Center Note,Shipping Delay,0.0253,1,2026-08-14 17:42:34
10328,865,Really impressed with how fast the onboarding experience is now.,Web Review,Shipping Delay,0.1553,1,2026-09-11 22:12:34
10329,753,"System latency is terrible after the server migration, nothing works.",Call Center Note,Billing Defect,0.7851,0,2026-09-06 13:26:34
10330,682,Love the new checkout flow update! Very fast.,Web Review,Shipping Delay,0.0396,1,2026-09-07 09:11:34
10331,368,"Fast shipping and nice packaging, will order again.",Twitter,Billing Defect,0.005,1,2026-08-16 06:27:34
10332,885,"Fast shipping and secure packaging, will order again.",Web Review,UI Ergonomics,0.0859,1,2026-08-31 19:48:34
10333,308,Package arrived empty and support is completely ignoring my emails.,Twitter,Product Quality,0.6793,0,2026-08-28 09:18:34
10334,159,"The notifications update looks great but it loaded slowly for me, mixed feelings.",Twitter,Billing Defect,0.619,0,2026-09-02 06:59:34
10335,279,"App keeps crashing during login step, this is unacceptable!",Mobile App,Billing Defect,0.8831,0,2026-08-19 18:17:34
10336,838,"Customer support resolved my login problem in under an hour, amazing team.",Email Support,App Crash,0.1569,1,2026-08-30 10:35:34
10337,130,"Major outage across the platform, unable to reach support for hours.",Email Support,UI Ergonomics,0.9602,0,2026-08-25 21:29:34
10338,608,"Great well-built product, highly recommended to everyone!",Web Review,Product Quality,0.2925,1,2026-08-29 21:46:34
10339,687,Package arrived empty and support is completely ignoring my emails.,Mobile App,App Crash,0.7051,0,2026-09-05 16:11:34
10340,253,"App keeps crashing during payment step, this is unacceptable!",Twitter,Billing Defect,0.6661,0,2026-09-07 16:17:34
10341,837,Really impressed with how easy the onboarding experience is now.,Email Support,Shipping Delay,0.0965,1,2026-08-17 01:29:34
10342,147,Love the new design update! Very intuitive.,Web Review,Billing Defect,0.067,1,2026-09-03 16:25:34
10343,477,"Great reliable product, highly recommended to everyone!",Twitter,Shipping Delay,0.0259,1,2026-09-08 04:14:34
10344,891,Really impressed with how intuitive the checkout experience is now.,Twitter,General Praise,0.1105,1,2026-09-07 09:24:34
10345,654,"Customer support resolved my billing issue in 5 minutes, amazing team.",Email Support,General Praise,0.7203,0,2026-08-13 22:53:34
10346,343,Love the new search update! Very fast.,Web Review,UI Ergonomics,0.0312,1,2026-08-16 05:50:34
10347,965,"Customer support resolved my shipping question in under an hour, amazing team.",Call Center Note,UI Ergonomics,0.0279,1,2026-08-30 11:16:34
10348,706,"The checkout update looks great but it crashed once for me, mixed feelings.",Call Center Note,Billing Defect,0.5912,0,2026-09-02 07:32:34
10349,920,"Customer support resolved my billing issue in under an hour, amazing team.",Web Review,General Praise,0.0783,1,2026-08-28 08:46:34
10350,898,"Decent experience overall, website was okay.",Call Center Note,Billing Defect,0.3687,1,2026-08-20 14:09:34
10351,466,"The dashboard is completely broken since the last update, losing customers.",Twitter,UI Ergonomics,0.7599,0,2026-08-27 13:10:34
10352,821,"The checkout update looks great but it crashed once for me, mixed feelings.",Call Center Note,Billing Defect,0.6423,0,2026-08-23 07:16:34
10353,464,"Great excellent product, highly recommended to everyone!",Web Review,Product Quality,0.0274,1,2026-08-15 17:53:34
10354,563,"Great excellent product, highly recommended to everyone!",Call Center Note,General Praise,0.0093,1,2026-09-07 13:17:34
10355,112,"Decent experience overall, app was okay.",Mobile App,App Crash,0.551,1,2026-08-19 11:11:34
10356,186,"Decent experience overall, checkout was okay.",Call Center Note,Product Quality,0.5216,1,2026-08-25 07:07:34
10357,928,Love the new design update! Very smooth.,Twitter,Billing Defect,0.0593,1,2026-08-28 14:33:34
10358,941,"The search bar is completely broken since the last update, losing customers.",Web Review,UI Ergonomics,0.7088,0,2026-08-14 20:37:34
10359,386,"Not terrible, but the search still logged me out sometimes after the fix.",Web Review,App Crash,0.4644,1,2026-08-15 02:15:34
10360,590,The dashboard redesign makes everything so much fast.,Mobile App,Billing Defect,0.1497,1,2026-08-26 06:00:34
10361,913,"Not terrible, but the search still crashed once sometimes after the fix.",Mobile App,UI Ergonomics,0.5892,0,2026-08-29 20:39:34
10362,426,"Not terrible, but the notifications still logged me out sometimes after the fix.",Call Center Note,App Crash,0.5165,0,2026-08-14 20:25:34
10363,466,"Great excellent product, highly recommended to everyone!",Call Center Note,App Crash,0.2426,1,2026-08-20 18:46:34
10364,854,"System latency is terrible after the server migration, nothing works.",Mobile App,App Crash,0.8368,0,2026-09-08 17:13:34
10365,277,"Fast shipping and eco-friendly packaging, will order again.",Twitter,App Crash,0.2806,1,2026-09-09 11:36:34
10366,817,"It does what it says, nothing special about the checkout.",Email Support,Product Quality,0.4215,0,2026-09-08 04:01:34
10367,138,"System latency is terrible after the server migration, nothing works.",Mobile App,Billing Defect,0.8397,0,2026-08-24 02:30:34
10368,925,Love the new search update! Very smooth.,Twitter,Shipping Delay,0.0995,1,2026-08-21 14:15:34
10369,245,"Great excellent product, highly recommended to everyone!",Mobile App,Product Quality,0.0066,1,2026-08-30 02:58:34
10370,203,"Great well-built product, highly recommended to everyone!",Email Support,Shipping Delay,0.2826,1,2026-08-28 04:47:34
10371,598,Package arrived the wrong item and support is completely ignoring my emails.,Email Support,App Crash,0.982,0,2026-09-08 02:14:34
10372,487,The checkout flow redesign makes everything so much intuitive.,Email Support,General Praise,0.1997,1,2026-08-26 22:06:34
10373,681,"App keeps crashing during upload step, this is unacceptable!",Mobile App,App Crash,0.9478,0,2026-09-09 22:23:34
10374,608,"It does what it says, nothing special about the website.",Twitter,Shipping Delay,0.5099,1,2026-08-17 01:24:34
10375,941,"Decent experience overall, website was okay.",Email Support,UI Ergonomics,0.509,1,2026-08-14 00:51:34
10376,837,The app works fine but could use minor improvements.,Mobile App,Billing Defect,0.4376,1,2026-08-31 01:57:34
10377,659,"Not terrible, but the search still loaded slowly sometimes after the fix.",Web Review,Billing Defect,0.5479,0,2026-09-04 08:08:34
10378,134,The dashboard redesign makes everything so much intuitive.,Email Support,Billing Defect,0.1354,1,2026-08-28 00:32:34
10379,264,The app works fine but could use minor improvements.,Mobile App,Product Quality,0.4355,1,2026-08-17 18:06:34
10380,769,"It does what it says, nothing special about the support chat.",Twitter,Product Quality,0.5261,1,2026-09-02 06:40:34
10381,813,The checkout works fine but could use minor improvements.,Call Center Note,General Praise,0.4014,1,2026-09-07 02:22:34
10382,685,"Decent experience overall, checkout was okay.",Call Center Note,UI Ergonomics,0.4094,1,2026-08-20 12:10:34
10383,740,"App keeps crashing during upload step, this is unacceptable!",Call Center Note,UI Ergonomics,0.6807,0,2026-08-22 14:30:34
10384,584,"System latency is terrible after the latest update, nothing works.",Mobile App,Shipping Delay,0.8734,0,2026-08-31 14:33:34
10385,291,"Mostly happy with the app, just wish the checkout didn't loaded slowly.",Web Review,Billing Defect,0.5113,0,2026-08-25 12:00:34
10386,783,"Mostly happy with the subscription, just wish the search didn't logged me out.",Mobile App,Billing Defect,0.4185,1,2026-08-29 03:55:34
10387,496,"Fast shipping and secure packaging, will order again.",Call Center Note,UI Ergonomics,0.0683,1,2026-09-06 21:20:34
10388,180,"Fast shipping and secure packaging, will order again.",Web Review,General Praise,0.2645,1,2026-08-15 02:20:34
10389,271,The dashboard redesign makes everything so much smooth.,Twitter,App Crash,0.2848,1,2026-08-19 06:14:34
10390,251,"Double charged on my PayPal account for invoice, fix this immediately!",Call Center Note,Shipping Delay,0.7207,0,2026-08-28 01:40:34
10391,977,Love the new design update! Very easy.,Email Support,Product Quality,0.1669,1,2026-09-03 08:50:34
10392,702,Love the new search update! Very smooth.,Call Center Note,Billing Defect,0.1243,1,2026-08-18 07:47:34
10393,770,Love the new checkout flow update! Very fast.,Web Review,Product Quality,0.2634,1,2026-09-10 05:33:34
10394,511,"Support was helpful about my login problem, though it took a while to get resolved.",Mobile App,UI Ergonomics,0.5855,0,2026-08-28 14:29:34
10395,937,Love the new search update! Very fast.,Email Support,Shipping Delay,0.7309,0,2026-08-26 06:37:34
10396,553,Really impressed with how smooth the onboarding experience is now.,Email Support,Shipping Delay,0.0403,1,2026-09-01 11:38:34
10397,858,Love the new dashboard update! Very easy.,Web Review,Product Quality,0.0634,1,2026-08-30 12:49:34
10398,238,The dashboard redesign makes everything so much smooth.,Call Center Note,Product Quality,0.0933,1,2026-08-14 20:02:34
10399,469,The app works fine but could use minor improvements.,Twitter,Shipping Delay,0.4124,1,2026-08-30 06:45:34
10400,600,The search redesign makes everything so much smooth.,Call Center Note,UI Ergonomics,0.2044,1,2026-08-21 14:23:34
10401,957,"Fast shipping and secure packaging, will order again.",Email Support,General Praise,0.1654,1,2026-08-17 15:08:34
10402,319,"Decent experience overall, app was okay.",Twitter,General Praise,0.3907,1,2026-08-23 18:17:34
10403,899,"Great well-built product, highly recommended to everyone!",Mobile App,UI Ergonomics,0.8771,0,2026-08-19 12:56:34
10404,412,The design redesign makes everything so much intuitive.,Email Support,UI Ergonomics,0.0757,1,2026-08-30 15:37:34
10405,633,"Fast shipping and eco-friendly packaging, will order again.",Call Center Note,UI Ergonomics,0.0655,1,2026-09-09 02:49:34
10406,165,"Your account deleted all my data without warning, I need this fixed NOW.",Email Support,Shipping Delay,0.7545,0,2026-09-11 16:07:34
10407,767,"Decent experience overall, checkout was okay.",Email Support,App Crash,0.514,1,2026-08-20 08:10:34
10408,243,"Customer support resolved my billing issue in one message, amazing team.",Mobile App,General Praise,0.1212,1,2026-09-05 03:40:34
10409,697,"Great reliable product, highly recommended to everyone!",Call Center Note,App Crash,0.1214,1,2026-08-29 03:14:34
10410,787,"Customer support resolved my shipping question in one message, amazing team.",Email Support,Product Quality,0.1915,1,2026-08-27 04:18:34
10411,364,Really impressed with how intuitive the checkout experience is now.,Call Center Note,App Crash,0.0293,1,2026-08-28 19:01:34
10412,907,"Customer support resolved my login problem in 5 minutes, amazing team.",Email Support,Shipping Delay,0.2233,1,2026-08-25 09:01:34
10413,697,"Fast shipping and nice packaging, will order again.",Call Center Note,Product Quality,0.1412,1,2026-08-16 18:12:34
10414,155,"Support was friendly about my refund request, though it took a while to get a straight answer.",Twitter,App Crash,0.5145,0,2026-08-22 15:11:34
10415,284,"It does what it says, nothing special about the support chat.",Mobile App,UI Ergonomics,0.3858,1,2026-08-28 15:44:34
10416,314,"Customer support resolved my login problem in one message, amazing team.",Twitter,Product Quality,0.0174,1,2026-08-20 17:28:34
10417,588,"The search update looks great but it loaded slowly for me, mixed feelings.",Web Review,Billing Defect,0.59,0,2026-08-15 05:37:34
10418,643,Really impressed with how fast the onboarding experience is now.,Twitter,Billing Defect,0.2676,1,2026-08-13 16:55:34
10419,205,"Customer support resolved my billing issue in one message, amazing team.",Web Review,Product Quality,0.2631,1,2026-09-09 07:24:34
10420,845,The app works fine but could use minor improvements.,Call Center Note,Product Quality,0.4246,1,2026-09-06 08:53:34
10421,467,"It does what it says, nothing special about the website.",Twitter,App Crash,0.4357,1,2026-08-31 21:01:34
10422,122,"System latency is terrible after the new release, nothing works.",Call Center Note,Product Quality,0.9947,0,2026-08-21 04:59:34
10423,647,"App keeps crashing during upload step, this is unacceptable!",Call Center Note,Billing Defect,0.9568,0,2026-09-09 13:08:34
10424,218,Really impressed with how smooth the mobile app experience is now.,Web Review,UI Ergonomics,0.2508,1,2026-08-30 19:45:34
10425,802,"Major outage across the platform, unable to check out for hours.",Mobile App,Shipping Delay,0.8957,0,2026-09-01 16:07:34
10426,950,Really impressed with how fast the mobile app experience is now.,Mobile App,Product Quality,0.1817,1,2026-09-10 15:06:34
10427,369,"Double charged on my credit card for invoice, fix this immediately!",Call Center Note,App Crash,0.7195,0,2026-08-29 19:21:34
10428,312,"Great excellent product, highly recommended to everyone!",Web Review,Shipping Delay,0.0118,1,2026-08-24 04:33:34
10429,623,"Double charged on my credit card for invoice, fix this immediately!",Mobile App,General Praise,0.7022,0,2026-08-18 03:03:34
10430,575,Really impressed with how intuitive the checkout experience is now.,Mobile App,Billing Defect,0.2966,1,2026-08-21 11:14:34
10431,856,"Great reliable product, highly recommended to everyone!",Mobile App,Billing Defect,0.2405,1,2026-08-15 14:32:34
10432,548,Package arrived the wrong item and support is completely ignoring my emails.,Call Center Note,Shipping Delay,0.8765,0,2026-08-17 17:56:34
10433,955,"Mostly happy with the service, just wish the search didn't lags a bit.",Web Review,General Praise,0.5201,0,2026-09-04 06:47:34
10434,964,Really impressed with how intuitive the onboarding experience is now.,Twitter,Billing Defect,0.0398,1,2026-09-01 10:49:34
10435,488,"Fast shipping and secure packaging, will order again.",Email Support,Product Quality,0.2035,1,2026-08-14 19:53:34
10436,521,Really impressed with how intuitive the checkout experience is now.,Web Review,Billing Defect,0.2761,1,2026-08-16 09:35:34
10437,885,"Decent experience overall, app was okay.",Call Center Note,General Praise,0.5261,1,2026-09-08 05:33:34
10438,733,"It does what it says, nothing special about the checkout.",Mobile App,UI Ergonomics,0.4798,1,2026-08-24 19:55:34
10439,617,"Not terrible, but the search still lags a bit sometimes after the fix.",Web Review,UI Ergonomics,0.4035,1,2026-08-21 01:04:34
10440,151,"The export tool is completely broken since the last update, losing customers.",Call Center Note,App Crash,0.7343,0,2026-09-07 13:42:34
10441,686,"Fast shipping and nice packaging, will order again.",Web Review,Billing Defect,0.0236,1,2026-09-05 04:51:34
10442,670,"The dashboard update looks great but it lags a bit for me, mixed feelings.",Call Center Note,Billing Defect,0.4308,1,2026-08-17 15:41:34
10443,449,The checkout flow redesign makes everything so much intuitive.,Email Support,Billing Defect,0.1964,1,2026-08-23 15:54:34
10444,833,"Great well-built product, highly recommended to everyone!",Email Support,General Praise,0.2302,1,2026-09-03 02:42:34
10445,919,"System latency is terrible after the latest update, nothing works.",Email Support,Product Quality,0.7695,0,2026-09-06 06:33:34
10446,860,"The checkout update looks great but it crashed once for me, mixed feelings.",Web Review,Billing Defect,0.5477,0,2026-08-25 02:10:34
10447,295,"Customer support resolved my billing issue in under an hour, amazing team.",Email Support,Billing Defect,0.0647,1,2026-09-01 09:07:34
10448,237,"Double charged on my debit card for invoice, fix this immediately!",Web Review,Billing Defect,0.8805,0,2026-09-06 15:42:34
10449,281,The search redesign makes everything so much easy.,Call Center Note,App Crash,0.2773,1,2026-08-19 08:38:34
10450,809,"Your invoice deleted all my data without warning, I need this fixed NOW.",Twitter,Shipping Delay,0.7965,0,2026-08-31 14:59:34
10451,716,"Great reliable product, highly recommended to everyone!",Call Center Note,Shipping Delay,0.2414,1,2026-09-07 10:46:34
10452,803,Really impressed with how intuitive the onboarding experience is now.,Email Support,General Praise,0.0629,1,2026-08-19 13:19:34
10453,827,Really impressed with how intuitive the mobile app experience is now.,Mobile App,Shipping Delay,0.1627,1,2026-09-08 02:34:34
10454,125,"Not terrible, but the notifications still loaded slowly sometimes after the fix.",Web Review,App Crash,0.6425,0,2026-08-15 22:22:34
10455,249,"Customer support resolved my login problem in 5 minutes, amazing team.",Mobile App,General Praise,0.2951,1,2026-08-26 22:47:34
10456,730,"It does what it says, nothing special about the app.",Call Center Note,App Crash,0.4397,1,2026-09-11 23:14:34
10457,490,"Customer support resolved my shipping question in one message, amazing team.",Web Review,UI Ergonomics,0.0863,1,2026-08-27 17:55:34
10458,981,Love the new design update! Very fast.,Web Review,App Crash,0.0609,1,2026-09-11 08:40:34
10459,894,Really impressed with how fast the mobile app experience is now.,Twitter,Shipping Delay,0.164,1,2026-09-02 22:38:34
10460,626,"It does what it says, nothing special about the app.",Mobile App,UI Ergonomics,0.3967,1,2026-08-15 08:48:34
10461,577,"Mostly happy with the subscription, just wish the search didn't crashed once.",Twitter,Billing Defect,0.3462,1,2026-08-20 12:18:34
10462,466,The design redesign makes everything so much fast.,Mobile App,General Praise,0.1472,1,2026-08-27 23:36:34
10463,656,"Customer support resolved my shipping question in 5 minutes, amazing team.",Call Center Note,UI Ergonomics,0.2359,1,2026-08-17 16:50:34
10464,870,The checkout works fine but could use minor improvements.,Call Center Note,Product Quality,0.4328,1,2026-09-04 03:05:34
10465,757,Really impressed with how smooth the onboarding experience is now.,Call Center Note,Product Quality,0.2007,1,2026-08-24 14:44:34
10466,495,Really impressed with how fast the checkout experience is now.,Email Support,Product Quality,0.2748,1,2026-08-26 09:20:34
10467,767,"Your invoice deleted all my data without warning, I need this fixed NOW.",Twitter,Shipping Delay,0.8204,0,2026-09-05 21:43:34
10468,744,"Double charged on my credit card for order, fix this immediately!",Twitter,General Praise,0.8694,0,2026-09-01 19:45:34
10469,545,"Customer support resolved my shipping question in one message, amazing team.",Mobile App,General Praise,0.2636,1,2026-08-20 12:21:34
10470,913,"Your order deleted all my data without warning, I need this fixed NOW.",Email Support,Product Quality,0.6806,0,2026-08-16 17:21:34
10471,543,"Customer support resolved my login problem in under an hour, amazing team.",Email Support,Billing Defect,0.1164,1,2026-08-31 05:51:34
10472,817,The design redesign makes everything so much smooth.,Mobile App,Shipping Delay,0.2268,1,2026-09-05 09:38:34
10473,548,"Major outage across the platform, unable to reach support for hours.",Web Review,UI Ergonomics,0.6803,0,2026-08-14 22:04:34
10474,402,"Support was polite about my shipping question, though it took a while to hear back.",Twitter,Shipping Delay,0.639,0,2026-09-12 00:08:34
10475,503,"The search update looks great but it lags a bit for me, mixed feelings.",Call Center Note,Product Quality,0.4125,1,2026-08-17 09:23:34
10476,971,"It does what it says, nothing special about the checkout.",Call Center Note,App Crash,0.4029,1,2026-08-20 20:13:34
10477,918,"It does what it says, nothing special about the checkout.",Call Center Note,Billing Defect,0.3986,1,2026-09-07 11:54:34
10478,694,"The notifications update looks great but it lags a bit for me, mixed feelings.",Web Review,Shipping Delay,0.4752,1,2026-08-29 18:30:34
10479,298,"System latency is terrible after the latest update, nothing works.",Email Support,UI Ergonomics,0.7498,0,2026-09-03 00:38:34
10480,680,"It does what it says, nothing special about the checkout.",Email Support,Shipping Delay,0.5234,1,2026-09-02 00:14:34
10481,756,"Decent experience overall, website was okay.",Web Review,Shipping Delay,0.5464,1,2026-08-29 21:04:34
10482,412,"Your invoice deleted all my data without warning, I need this fixed NOW.",Web Review,Product Quality,0.812,0,2026-08-18 11:17:34
10483,243,"It does what it says, nothing special about the app.",Call Center Note,App Crash,0.5604,1,2026-08-25 11:56:34
10484,619,Really impressed with how smooth the mobile app experience is now.,Mobile App,Product Quality,0.9774,0,2026-09-08 20:43:34
10485,583,"Support was polite about my shipping question, though it took a while to hear back.",Twitter,Shipping Delay,0.563,0,2026-08-31 09:07:34
10486,192,"It does what it says, nothing special about the checkout.",Web Review,Shipping Delay,0.3835,1,2026-09-05 08:55:34
10487,243,"System latency is terrible after the new release, nothing works.",Web Review,App Crash,0.8895,0,2026-08-21 16:05:34
10488,879,The dashboard redesign makes everything so much easy.,Web Review,App Crash,0.2818,1,2026-08-16 09:04:34
10489,910,The app works fine but could use minor improvements.,Email Support,UI Ergonomics,0.5171,1,2026-09-03 21:25:34
10490,748,Love the new design update! Very fast.,Email Support,General Praise,0.031,1,2026-08-25 12:01:34
10491,769,The dashboard redesign makes everything so much easy.,Mobile App,Product Quality,0.1961,1,2026-08-24 23:12:34
10492,911,"Support was friendly about my login problem, though it took a while to hear back.",Web Review,Product Quality,0.6452,0,2026-08-13 19:37:34
10493,387,"Customer support resolved my login problem in 5 minutes, amazing team.",Twitter,App Crash,0.069,1,2026-08-22 00:34:34
10494,438,"It does what it says, nothing special about the app.",Mobile App,UI Ergonomics,0.5153,1,2026-09-04 07:24:34
10495,706,"Support was friendly about my login problem, though it took a while to get resolved.",Twitter,App Crash,0.4731,1,2026-09-11 04:02:34
10496,629,The dashboard redesign makes everything so much smooth.,Web Review,Product Quality,0.0499,1,2026-09-08 04:01:34
10497,582,Really impressed with how fast the onboarding experience is now.,Web Review,App Crash,0.065,1,2026-08-23 12:01:34
10498,271,The dashboard redesign makes everything so much intuitive.,Email Support,UI Ergonomics,0.187,1,2026-09-09 15:59:34
10499,635,"Customer support resolved my login problem in under an hour, amazing team.",Call Center Note,General Praise,0.9603,0,2026-09-01 14:56:34
10500,139,The design redesign makes everything so much intuitive.,Call Center Note,Product Quality,0.1428,1,2026-08-18 20:46:34
10501,893,Package arrived the wrong item and support is completely ignoring my emails.,Web Review,Product Quality,0.1612,1,2026-09-01 15:54:34
10502,887,"The dashboard update looks great but it crashed once for me, mixed feelings.",Web Review,Shipping Delay,0.6815,0,2026-09-09 07:48:34
10503,338,Really impressed with how smooth the checkout experience is now.,Mobile App,Shipping Delay,0.0402,1,2026-09-09 17:54:34
10504,908,"Fast shipping and eco-friendly packaging, will order again.",Mobile App,Product Quality,0.0567,1,2026-09-06 07:10:34
10505,423,"App keeps crashing during upload step, this is unacceptable!",Web Review,Shipping Delay,0.8791,0,2026-08-18 08:50:34
10506,678,"It does what it says, nothing special about the checkout.",Email Support,Product Quality,0.4153,1,2026-08-26 01:24:34
10507,594,"Fast shipping and nice packaging, will order again.",Twitter,Shipping Delay,0.124,1,2026-09-07 23:05:34
10508,507,"Great reliable product, highly recommended to everyone!",Twitter,General Praise,0.1733,1,2026-08-18 22:29:34
10509,620,"Fast shipping and secure packaging, will order again.",Web Review,Shipping Delay,0.2848,1,2026-09-07 13:47:34
10510,923,Really impressed with how smooth the onboarding experience is now.,Mobile App,App Crash,0.1167,1,2026-09-03 23:36:34
10511,181,"Fast shipping and nice packaging, will order again.",Call Center Note,Billing Defect,0.0192,1,2026-08-31 00:12:34
10512,711,"Fast shipping and secure packaging, will order again.",Mobile App,App Crash,0.1969,1,2026-09-11 15:47:34
10513,622,"The search update looks great but it logged me out for me, mixed feelings.",Call Center Note,General Praise,0.4584,1,2026-08-24 01:27:34
10514,261,Really impressed with how smooth the checkout experience is now.,Mobile App,Shipping Delay,0.9282,0,2026-08-31 16:42:34
10515,170,"Not terrible, but the dashboard still crashed once sometimes after the fix.",Mobile App,Product Quality,0.5553,0,2026-08-26 11:09:34
10516,720,The checkout flow redesign makes everything so much fast.,Twitter,UI Ergonomics,0.289,1,2026-08-31 21:38:34
10517,174,"Great excellent product, highly recommended to everyone!",Call Center Note,Shipping Delay,0.1221,1,2026-08-28 23:45:34
10518,676,The checkout flow redesign makes everything so much fast.,Web Review,App Crash,0.2083,1,2026-08-28 23:25:34
10519,128,"Fast shipping and secure packaging, will order again.",Web Review,Billing Defect,0.1382,1,2026-08-25 06:01:34
10520,522,"System latency is terrible after the new release, nothing works.",Email Support,Product Quality,0.8954,0,2026-09-06 21:29:34
10521,866,"Major outage across the platform, unable to log in for hours.",Email Support,Billing Defect,0.7506,0,2026-09-07 18:08:34
10522,375,"Fast shipping and eco-friendly packaging, will order again.",Twitter,General Praise,0.1061,1,2026-08-22 04:07:34
10523,307,"Support was polite about my shipping question, though it took a while to get resolved.",Twitter,Product Quality,0.6618,0,2026-08-29 17:17:34
10524,779,The app works fine but could use minor improvements.,Web Review,Product Quality,0.58,1,2026-08-13 19:39:34
10525,688,The design redesign makes everything so much easy.,Email Support,UI Ergonomics,0.1114,1,2026-08-21 20:09:34
10526,155,The checkout flow redesign makes everything so much easy.,Call Center Note,UI Ergonomics,0.0666,1,2026-09-04 06:52:34
10527,568,Love the new checkout flow update! Very easy.,Mobile App,General Praise,0.2581,1,2026-09-06 02:26:34
10528,470,"The checkout update looks great but it crashed once for me, mixed feelings.",Call Center Note,Shipping Delay,0.5138,0,2026-08-22 00:50:34
10529,288,"Customer support resolved my login problem in under an hour, amazing team.",Web Review,UI Ergonomics,0.2876,1,2026-08-23 02:22:34
10530,689,"Mostly happy with the service, just wish the notifications didn't loaded slowly.",Twitter,Billing Defect,0.5352,0,2026-08-25 19:16:34
10531,856,The search redesign makes everything so much easy.,Twitter,UI Ergonomics,0.0588,1,2026-08-13 23:03:34
10532,629,"Decent experience overall, website was okay.",Call Center Note,General Praise,0.5989,1,2026-08-27 21:16:34
10533,507,"Great reliable product, highly recommended to everyone!",Mobile App,General Praise,0.1686,1,2026-08-20 22:49:34
10534,862,"Major outage across the platform, unable to check out for hours.",Email Support,Shipping Delay,0.9436,0,2026-08-29 22:41:34
10535,720,"Mostly happy with the service, just wish the notifications didn't lags a bit.",Twitter,Product Quality,0.4364,1,2026-09-08 17:26:34
10536,599,The dashboard redesign makes everything so much fast.,Web Review,Billing Defect,0.1065,1,2026-08-30 20:38:34
10537,755,"Fast shipping and secure packaging, will order again.",Email Support,UI Ergonomics,0.287,1,2026-09-11 05:56:34
10538,421,"Fast shipping and nice packaging, will order again.",Email Support,General Praise,0.0237,1,2026-08-26 18:39:34
10539,471,The search redesign makes everything so much fast.,Call Center Note,Product Quality,0.2663,1,2026-09-03 00:15:34
10540,861,"Support was polite about my refund request, though it took a while to get a straight answer.",Mobile App,App Crash,0.4704,1,2026-08-21 02:43:34
10541,506,"The checkout update looks great but it loaded slowly for me, mixed feelings.",Call Center Note,Billing Defect,0.4355,1,2026-08-18 05:56:34
10542,416,The app works fine but could use minor improvements.,Twitter,App Crash,0.5137,1,2026-08-26 10:48:34
10543,981,"Support was polite about my shipping question, though it took a while to get resolved.",Email Support,UI Ergonomics,0.4086,1,2026-09-03 18:42:34
10544,652,The checkout flow redesign makes everything so much easy.,Twitter,Product Quality,0.0405,1,2026-09-09 17:08:34
10545,191,"Not terrible, but the notifications still logged me out sometimes after the fix.",Web Review,Shipping Delay,0.5445,0,2026-08-30 03:56:34
10546,239,"Support was helpful about my refund request, though it took a while to get resolved.",Email Support,Shipping Delay,0.557,0,2026-09-03 20:54:34
10547,917,Really impressed with how easy the checkout experience is now.,Email Support,Product Quality,0.0899,1,2026-08-24 00:57:34
10548,504,The checkout flow redesign makes everything so much intuitive.,Twitter,App Crash,0.1235,1,2026-09-11 22:00:34
10549,629,"Not terrible, but the search still logged me out sometimes after the fix.",Call Center Note,General Praise,0.4238,1,2026-08-25 21:21:34
10550,286,"It does what it says, nothing special about the checkout.",Twitter,Shipping Delay,0.4532,1,2026-08-18 12:57:34
10551,428,The search redesign makes everything so much fast.,Mobile App,App Crash,0.2101,1,2026-08-15 18:37:34
10552,548,Love the new dashboard update! Very smooth.,Mobile App,App Crash,0.0846,1,2026-08-17 14:56:34
10553,918,"Decent experience overall, website was okay.",Web Review,Shipping Delay,0.4355,1,2026-09-03 14:53:34
10554,157,Love the new checkout flow update! Very smooth.,Email Support,UI Ergonomics,0.2531,1,2026-08-16 18:23:34
10555,224,"Customer support resolved my billing issue in under an hour, amazing team.",Twitter,UI Ergonomics,0.2452,1,2026-09-02 16:14:34
10556,633,The website works fine but could use minor improvements.,Twitter,UI Ergonomics,0.4652,1,2026-08-31 05:26:34
10557,862,"Great reliable product, highly recommended to everyone!",Call Center Note,Product Quality,0.0476,1,2026-08-19 01:49:34
10558,984,"It does what it says, nothing special about the checkout.",Twitter,Billing Defect,0.3997,1,2026-08-24 06:09:34
10559,222,"Great excellent product, highly recommended to everyone!",Web Review,App Crash,0.0502,1,2026-08-13 22:10:34
10560,261,The search redesign makes everything so much intuitive.,Web Review,Billing Defect,0.1114,1,2026-09-10 16:08:34
10561,818,"It does what it says, nothing special about the app.",Call Center Note,Billing Defect,0.3649,1,2026-08-19 05:51:34
10562,466,"Mostly happy with the subscription, just wish the notifications didn't loaded slowly.",Twitter,Shipping Delay,0.4579,1,2026-08-15 07:32:34
10563,456,"Not terrible, but the notifications still loaded slowly sometimes after the fix.",Email Support,General Praise,0.4569,1,2026-09-03 20:01:34
10564,402,"It does what it says, nothing special about the website.",Email Support,Product Quality,0.3672,1,2026-08-30 05:24:34
10565,735,"Not terrible, but the search still lags a bit sometimes after the fix.",Twitter,Shipping Delay,0.5859,0,2026-08-16 09:36:34
10566,664,The search redesign makes everything so much intuitive.,Twitter,Product Quality,0.1572,1,2026-08-26 09:40:34
10567,168,"It does what it says, nothing special about the checkout.",Mobile App,App Crash,0.3776,1,2026-08-21 15:32:34
10568,757,"Customer support resolved my billing issue in under an hour, amazing team.",Web Review,General Praise,0.0575,1,2026-09-04 19:31:34
10569,172,Really impressed with how fast the onboarding experience is now.,Mobile App,App Crash,0.1099,1,2026-09-12 08:40:34
10570,525,"The dashboard update looks great but it lags a bit for me, mixed feelings.",Email Support,General Praise,0.5083,0,2026-08-16 04:05:34
10571,411,"Great well-built product, highly recommended to everyone!",Mobile App,App Crash,0.0122,1,2026-09-06 03:49:34
10572,772,"System latency is terrible after the new release, nothing works.",Twitter,Product Quality,0.7849,0,2026-09-10 23:26:34
10573,790,The search redesign makes everything so much smooth.,Web Review,General Praise,0.2299,1,2026-09-01 22:53:34
10574,261,"Customer support resolved my billing issue in one message, amazing team.",Call Center Note,Product Quality,0.1205,1,2026-09-02 16:18:34
10575,480,"Great well-built product, highly recommended to everyone!",Web Review,General Praise,0.2974,1,2026-09-02 02:44:34
10576,484,"Great well-built product, highly recommended to everyone!",Call Center Note,General Praise,0.0722,1,2026-08-25 01:56:34
10577,391,"Not terrible, but the dashboard still loaded slowly sometimes after the fix.",Call Center Note,Billing Defect,0.4001,1,2026-09-06 01:47:34
10578,976,"Major outage across the platform, unable to log in for hours.",Email Support,Billing Defect,0.7551,0,2026-08-26 01:50:34
10579,241,The dashboard redesign makes everything so much smooth.,Email Support,Shipping Delay,0.0113,1,2026-09-09 00:17:34
10580,322,"Decent experience overall, checkout was okay.",Mobile App,General Praise,0.373,1,2026-08-28 07:04:34
10581,197,"Customer support resolved my login problem in one message, amazing team.",Call Center Note,General Praise,0.2109,1,2026-08-27 04:31:34
10582,442,"Been on hold for 45 minutes trying to reach a human, this is ridiculous.",Email Support,UI Ergonomics,0.923,0,2026-09-01 11:22:34
10583,155,Love the new dashboard update! Very smooth.,Email Support,Product Quality,0.1902,1,2026-08-15 09:23:34
10584,256,"It does what it says, nothing special about the website.",Mobile App,General Praise,0.4317,1,2026-08-31 09:32:34
10585,251,The design redesign makes everything so much intuitive.,Twitter,Shipping Delay,0.1296,1,2026-08-17 06:34:34
10586,892,"The dashboard update looks great but it logged me out for me, mixed feelings.",Twitter,App Crash,0.4255,1,2026-09-04 09:42:34
10587,730,"Fast shipping and eco-friendly packaging, will order again.",Call Center Note,App Crash,0.1957,1,2026-08-24 13:05:34
10588,215,"Been on hold for an hour trying to reach a human, this is ridiculous.",Web Review,UI Ergonomics,0.8897,0,2026-08-30 03:23:34
10589,412,"Decent experience overall, checkout was okay.",Twitter,Shipping Delay,0.5015,0,2026-09-10 13:29:34
10590,937,"Fast shipping and secure packaging, will order again.",Twitter,App Crash,0.0437,1,2026-08-30 12:43:34
10591,735,"It does what it says, nothing special about the app.",Twitter,Shipping Delay,0.3781,1,2026-08-14 03:25:34
10592,314,The checkout works fine but could use minor improvements.,Call Center Note,App Crash,0.5375,0,2026-08-22 19:01:34
10593,244,"Great well-built product, highly recommended to everyone!",Mobile App,UI Ergonomics,0.1449,1,2026-09-09 01:12:34
10594,908,The design redesign makes everything so much fast.,Call Center Note,Shipping Delay,0.0511,1,2026-08-15 22:23:34
10595,775,"The checkout update looks great but it loaded slowly for me, mixed feelings.",Email Support,Billing Defect,0.5981,0,2026-08-14 09:15:34
10596,826,"It does what it says, nothing special about the support chat.",Mobile App,Shipping Delay,0.4078,1,2026-09-04 13:47:34
10597,674,The design redesign makes everything so much intuitive.,Mobile App,Billing Defect,0.0597,1,2026-08-24 18:38:34
10598,118,"Great reliable product, highly recommended to everyone!",Email Support,General Praise,0.147,1,2026-08-29 12:47:34
10599,934,"Mostly happy with the app, just wish the search didn't logged me out.",Mobile App,Product Quality,0.5877,0,2026-08-26 06:27:34
10600,491,"Decent experience overall, support chat was okay.",Call Center Note,General Praise,0.5142,1,2026-09-10 09:22:34
10601,419,Really impressed with how intuitive the checkout experience is now.,Call Center Note,Shipping Delay,0.0721,1,2026-09-02 23:01:34
10602,307,"Customer support resolved my shipping question in 5 minutes, amazing team.",Twitter,Shipping Delay,0.1743,1,2026-09-06 08:33:34
10603,261,"Fast shipping and nice packaging, will order again.",Email Support,Billing Defect,0.1969,1,2026-09-07 21:10:34
10604,844,Really impressed with how smooth the onboarding experience is now.,Mobile App,Shipping Delay,0.0953,1,2026-09-01 08:39:34
10605,752,"Great reliable product, highly recommended to everyone!",Email Support,App Crash,0.2237,1,2026-08-22 01:41:34
10606,373,Package arrived damaged and support is completely ignoring my emails.,Call Center Note,Product Quality,0.9169,0,2026-09-10 09:16:34
10607,804,The website works fine but could use minor improvements.,Web Review,App Crash,0.5218,1,2026-09-05 09:05:34
10608,496,"Fast shipping and secure packaging, will order again.",Web Review,UI Ergonomics,0.1949,1,2026-08-19 18:37:34
10609,376,The app works fine but could use minor improvements.,Web Review,App Crash,0.4521,1,2026-08-22 17:57:34
10610,432,Love the new dashboard update! Very easy.,Web Review,App Crash,0.2601,1,2026-09-01 23:25:34
10611,685,"The dashboard update looks great but it logged me out for me, mixed feelings.",Call Center Note,Product Quality,0.5182,0,2026-09-06 10:06:34
10612,998,Really impressed with how smooth the mobile app experience is now.,Mobile App,App Crash,0.0328,1,2026-09-06 02:58:34
10613,150,Really impressed with how smooth the mobile app experience is now.,Twitter,Shipping Delay,0.1162,1,2026-09-02 12:31:34
10614,155,"Mostly happy with the app, just wish the notifications didn't loaded slowly.",Call Center Note,App Crash,0.5267,0,2026-09-03 14:46:34
10615,897,"Fast shipping and nice packaging, will order again.",Call Center Note,General Praise,0.2168,1,2026-09-07 09:14:34
10616,704,"Been on hold for an hour trying to reach a human, this is ridiculous.",Twitter,UI Ergonomics,0.8078,0,2026-08-17 14:55:34
10617,216,"It does what it says, nothing special about the website.",Web Review,General Praise,0.5296,1,2026-08-30 00:50:34
10618,263,"Been on hold for two hours trying to reach a human, this is ridiculous.",Web Review,Product Quality,0.9269,0,2026-08-30 20:08:34
10619,253,Package arrived empty and support is completely ignoring my emails.,Twitter,App Crash,0.8479,0,2026-08-21 15:47:34
10620,556,Love the new search update! Very fast.,Email Support,General Praise,0.0929,1,2026-08-21 17:47:34
10621,112,Package arrived damaged and support is completely ignoring my emails.,Web Review,UI Ergonomics,0.6512,0,2026-09-05 05:04:34
10622,564,Love the new search update! Very intuitive.,Web Review,UI Ergonomics,0.0651,1,2026-08-17 03:08:34
10623,945,Love the new dashboard update! Very fast.,Twitter,Billing Defect,0.1859,1,2026-08-21 22:18:34
10624,691,"Your order deleted all my data without warning, I need this fixed NOW.",Call Center Note,Shipping Delay,0.7009,0,2026-08-28 14:04:34
10625,391,Love the new design update! Very easy.,Call Center Note,General Praise,0.2981,1,2026-09-09 14:16:34
10626,136,The dashboard redesign makes everything so much easy.,Mobile App,Shipping Delay,0.2248,1,2026-08-28 05:01:34
10627,582,"Not terrible, but the checkout still loaded slowly sometimes after the fix.",Twitter,Billing Defect,0.653,0,2026-08-26 00:09:34
10628,211,"Decent experience overall, website was okay.",Call Center Note,General Praise,0.524,1,2026-09-11 03:25:34
10629,365,Love the new search update! Very fast.,Call Center Note,Product Quality,0.1281,1,2026-09-10 21:09:34
10630,604,"Support was friendly about my shipping question, though it took a while to hear back.",Twitter,Product Quality,0.5559,0,2026-08-24 02:36:34
10631,220,"Customer support resolved my billing issue in 5 minutes, amazing team.",Twitter,Product Quality,0.0072,1,2026-09-01 09:18:34
10632,360,"Mostly happy with the app, just wish the notifications didn't crashed once.",Mobile App,Shipping Delay,0.5922,0,2026-08-27 04:24:34
10633,505,"Great excellent product, highly recommended to everyone!",Call Center Note,Product Quality,0.0342,1,2026-08-14 20:13:34
10634,585,"Customer support resolved my login problem in under an hour, amazing team.",Mobile App,General Praise,0.2767,1,2026-08-19 16:41:34
10635,860,"Not terrible, but the notifications still loaded slowly sometimes after the fix.",Mobile App,Product Quality,0.6352,0,2026-08-27 03:22:34
10636,801,Really impressed with how fast the mobile app experience is now.,Email Support,Shipping Delay,0.1608,1,2026-08-16 12:44:34
10637,647,"Great excellent product, highly recommended to everyone!",Twitter,Product Quality,0.1017,1,2026-09-10 01:59:34
10638,188,"The notifications update looks great but it logged me out for me, mixed feelings.",Web Review,App Crash,0.613,0,2026-08-30 10:17:34
10639,896,"Mostly happy with the app, just wish the search didn't logged me out.",Twitter,Billing Defect,0.4337,1,2026-09-02 17:08:34
10640,595,"Fast shipping and secure packaging, will order again.",Call Center Note,Shipping Delay,0.0462,1,2026-08-28 09:57:34
10641,496,"Double charged on my PayPal account for subscription, fix this immediately!",Call Center Note,Billing Defect,0.7218,0,2026-08-13 16:54:34
10642,205,The app works fine but could use minor improvements.,Call Center Note,General Praise,0.4333,1,2026-08-27 17:43:34
10643,297,"Major outage across the platform, unable to reach support for hours.",Email Support,Shipping Delay,0.9622,0,2026-09-06 17:48:34
10644,217,"Decent experience overall, app was okay.",Mobile App,Product Quality,0.4182,1,2026-09-07 23:40:34
10645,821,"Customer support resolved my shipping question in under an hour, amazing team.",Email Support,Product Quality,0.1648,1,2026-08-24 15:49:34
10646,129,"Decent experience overall, checkout was okay.",Web Review,General Praise,0.4851,1,2026-08-15 19:31:34
10647,710,"App keeps crashing during checkout step, this is unacceptable!",Call Center Note,General Praise,0.7993,0,2026-09-02 19:23:34
10648,786,"Great reliable product, highly recommended to everyone!",Call Center Note,Billing Defect,0.2452,1,2026-09-03 17:04:34
10649,827,Love the new search update! Very smooth.,Web Review,UI Ergonomics,0.1367,1,2026-08-24 01:29:34
10650,816,"Customer support resolved my shipping question in under an hour, amazing team.",Email Support,Shipping Delay,0.2739,1,2026-09-03 03:31:34
10651,274,"The dashboard update looks great but it lags a bit for me, mixed feelings.",Email Support,Shipping Delay,0.5054,0,2026-09-10 00:37:34
10652,433,The design redesign makes everything so much easy.,Call Center Note,General Praise,0.2453,1,2026-08-16 17:53:34
10653,349,The search redesign makes everything so much easy.,Call Center Note,App Crash,0.1772,1,2026-09-04 11:17:34
10654,810,"Mostly happy with the service, just wish the search didn't loaded slowly.",Twitter,App Crash,0.5702,0,2026-08-17 01:29:34
10655,668,Really impressed with how easy the onboarding experience is now.,Mobile App,UI Ergonomics,0.1776,1,2026-08-21 12:50:34
10656,710,"Decent experience overall, app was okay.",Web Review,Shipping Delay,0.4996,1,2026-09-05 00:19:34
10657,873,Love the new design update! Very intuitive.,Mobile App,App Crash,0.2451,1,2026-08-20 07:24:34
10658,406,"Mostly happy with the app, just wish the dashboard didn't loaded slowly.",Call Center Note,General Praise,0.4617,1,2026-08-27 09:03:34
10659,191,"Fast shipping and secure packaging, will order again.",Call Center Note,Billing Defect,0.2948,1,2026-09-10 08:19:34
10660,662,"Fast shipping and nice packaging, will order again.",Mobile App,Billing Defect,0.2558,1,2026-09-08 00:07:34
10661,340,"Great excellent product, highly recommended to everyone!",Web Review,General Praise,0.2584,1,2026-09-09 09:01:34
10662,277,"Mostly happy with the service, just wish the dashboard didn't loaded slowly.",Web Review,App Crash,0.5306,0,2026-08-22 02:00:34
10663,786,"Great reliable product, highly recommended to everyone!",Twitter,App Crash,0.0463,1,2026-08-14 01:05:34
10664,547,"App keeps crashing during payment step, this is unacceptable!",Twitter,Billing Defect,0.9025,0,2026-08-19 18:17:34
10665,535,"Fast shipping and eco-friendly packaging, will order again.",Call Center Note,App Crash,0.2681,1,2026-09-03 04:44:34
10666,719,The search redesign makes everything so much easy.,Mobile App,Product Quality,0.1066,1,2026-09-05 04:32:34
10667,690,"Customer support resolved my shipping question in one message, amazing team.",Email Support,Billing Defect,0.0808,1,2026-08-15 05:46:34
10668,181,Really impressed with how fast the onboarding experience is now.,Twitter,General Praise,0.1741,1,2026-09-06 11:23:34
10669,724,"Great reliable product, highly recommended to everyone!",Mobile App,App Crash,0.1551,1,2026-09-04 00:27:34
10670,419,Really impressed with how smooth the mobile app experience is now.,Call Center Note,Billing Defect,0.1901,1,2026-08-29 03:39:34
10671,851,Love the new search update! Very easy.,Email Support,UI Ergonomics,0.1538,1,2026-08-29 13:53:34
10672,711,"Great reliable product, highly recommended to everyone!",Email Support,General Praise,0.0503,1,2026-09-08 04:08:34
10673,772,"It does what it says, nothing special about the support chat.",Email Support,General Praise,0.4945,1,2026-09-10 22:20:34
10674,902,"The search bar is completely broken since the last update, losing customers.",Email Support,Shipping Delay,0.6944,0,2026-08-19 13:11:34
10675,278,"Great reliable product, highly recommended to everyone!",Call Center Note,General Praise,0.0043,1,2026-08-20 09:29:34
10676,596,"Great excellent product, highly recommended to everyone!",Twitter,Product Quality,0.0784,1,2026-08-15 00:33:34
10677,957,The website works fine but could use minor improvements.,Web Review,UI Ergonomics,0.4989,1,2026-08-30 22:56:34
10678,453,"Decent experience overall, website was okay.",Mobile App,General Praise,0.4027,1,2026-08-25 13:12:34
10679,587,Love the new design update! Very intuitive.,Call Center Note,App Crash,0.1392,1,2026-08-30 19:15:34
10680,545,"Fast shipping and eco-friendly packaging, will order again.",Mobile App,Shipping Delay,0.0788,1,2026-09-02 22:38:34
10681,542,"Mostly happy with the subscription, just wish the checkout didn't lags a bit.",Call Center Note,General Praise,0.5912,0,2026-08-25 22:09:34
10682,572,"Decent experience overall, app was okay.",Twitter,General Praise,0.4138,1,2026-09-09 07:27:34
10683,108,The checkout flow redesign makes everything so much intuitive.,Mobile App,Billing Defect,0.906,0,2026-09-01 05:36:34
10684,357,"Double charged on my PayPal account for invoice, fix this immediately!",Twitter,Billing Defect,0.773,0,2026-08-14 14:18:34
10685,976,Love the new dashboard update! Very smooth.,Call Center Note,App Crash,0.2124,1,2026-08-30 15:03:34
10686,578,Really impressed with how intuitive the onboarding experience is now.,Mobile App,General Praise,0.2087,1,2026-09-03 03:41:34
10687,888,"Great reliable product, highly recommended to everyone!",Email Support,Shipping Delay,0.2077,1,2026-08-20 21:19:34
10688,161,"Great excellent product, highly recommended to everyone!",Email Support,Shipping Delay,0.1148,1,2026-08-21 14:45:34
10689,247,"Not terrible, but the search still loaded slowly sometimes after the fix.",Call Center Note,UI Ergonomics,0.4535,1,2026-08-23 10:57:34
10690,685,Love the new search update! Very fast.,Email Support,UI Ergonomics,0.031,1,2026-08-14 08:54:34
10691,499,"Customer support resolved my shipping question in one message, amazing team.",Email Support,App Crash,0.0003,1,2026-08-28 12:40:34
10692,845,The design redesign makes everything so much easy.,Mobile App,Product Quality,0.1434,1,2026-08-23 19:06:34
10693,467,"The search bar is completely broken since the last update, losing customers.",Email Support,General Praise,0.8485,0,2026-08-27 07:11:34
10694,884,"The notifications update looks great but it logged me out for me, mixed feelings.",Email Support,General Praise,0.4241,1,2026-08-22 18:16:34
10695,499,The support chat works fine but could use minor improvements.,Mobile App,General Praise,0.5152,1,2026-08-29 20:49:34
10696,707,"Not terrible, but the search still crashed once sometimes after the fix.",Twitter,UI Ergonomics,0.5893,0,2026-08-31 05:03:34
10697,560,"Major outage across the platform, unable to check out for hours.",Mobile App,Billing Defect,0.8369,0,2026-08-28 23:00:34
10698,783,"App keeps crashing during upload step, this is unacceptable!",Call Center Note,UI Ergonomics,0.6914,0,2026-09-06 22:29:34
10699,769,"System latency is terrible after the latest update, nothing works.",Mobile App,UI Ergonomics,0.6629,0,2026-09-10 15:50:34
10700,414,Package arrived damaged and support is completely ignoring my emails.,Mobile App,UI Ergonomics,0.7103,0,2026-09-10 08:02:34
10701,609,"It does what it says, nothing special about the app.",Call Center Note,Product Quality,0.5545,1,2026-08-23 13:20:34
10702,855,"System latency is terrible after the server migration, nothing works.",Web Review,Shipping Delay,0.7681,0,2026-08-19 00:21:34
10703,882,The dashboard redesign makes everything so much fast.,Mobile App,Product Quality,0.2509,1,2026-08-21 09:52:34
10704,813,The checkout works fine but could use minor improvements.,Email Support,Product Quality,0.3853,1,2026-08-21 00:38:34
10705,485,"The search update looks great but it lags a bit for me, mixed feelings.",Twitter,Billing Defect,0.6373,0,2026-09-04 16:18:34
10706,707,"App keeps crashing during payment step, this is unacceptable!",Email Support,UI Ergonomics,0.9741,0,2026-09-04 04:20:34
10707,344,"Customer support resolved my billing issue in one message, amazing team.",Twitter,Product Quality,0.0813,1,2026-08-15 05:30:34
10708,901,Really impressed with how easy the mobile app experience is now.,Email Support,Shipping Delay,0.2851,1,2026-09-01 13:50:34
10709,197,"System latency is terrible after the latest update, nothing works.",Call Center Note,Shipping Delay,0.6911,0,2026-09-07 01:56:34
10710,298,"Fast shipping and secure packaging, will order again.",Mobile App,App Crash,0.1978,1,2026-09-04 02:36:34
10711,545,"Support was friendly about my refund request, though it took a while to get resolved.",Email Support,Shipping Delay,0.5935,0,2026-09-10 14:08:34
10712,650,"Fast shipping and nice packaging, will order again.",Twitter,App Crash,0.0313,1,2026-08-14 20:09:34
10713,433,"The checkout update looks great but it crashed once for me, mixed feelings.",Web Review,App Crash,0.6164,0,2026-08-28 08:09:34
10714,522,The checkout works fine but could use minor improvements.,Twitter,UI Ergonomics,0.4069,1,2026-08-23 13:26:34
10715,724,"The search bar is completely broken since the last update, losing customers.",Web Review,App Crash,0.9617,0,2026-08-31 03:29:34
10716,230,"Not terrible, but the search still logged me out sometimes after the fix.",Mobile App,General Praise,0.6927,0,2026-09-08 09:33:34
10717,275,Package arrived damaged and support is completely ignoring my emails.,Email Support,App Crash,0.9481,0,2026-08-26 22:48:34
10718,188,Really impressed with how intuitive the mobile app experience is now.,Web Review,Product Quality,0.291,1,2026-09-04 18:46:34
10719,847,"Customer support resolved my shipping question in under an hour, amazing team.",Web Review,General Praise,0.2511,1,2026-08-24 17:49:34
10720,252,"Decent experience overall, website was okay.",Call Center Note,Billing Defect,0.573,1,2026-09-01 12:44:34
10721,929,Love the new search update! Very smooth.,Mobile App,UI Ergonomics,0.1277,1,2026-09-05 01:24:34
10722,323,"It does what it says, nothing special about the app.",Twitter,Shipping Delay,0.5233,1,2026-08-26 23:29:34
10723,820,The app works fine but could use minor improvements.,Web Review,Product Quality,0.4699,1,2026-09-09 01:55:34
10724,515,"The dashboard is completely broken since the last update, losing customers.",Twitter,Shipping Delay,0.9201,0,2026-09-11 01:03:34
10725,133,"The checkout update looks great but it loaded slowly for me, mixed feelings.",Email Support,UI Ergonomics,0.668,0,2026-08-25 19:05:34
10726,156,The dashboard redesign makes everything so much smooth.,Call Center Note,General Praise,0.1861,1,2026-08-30 01:59:34
10727,475,Love the new search update! Very fast.,Twitter,General Praise,0.1396,1,2026-09-07 22:45:34
10728,216,The dashboard redesign makes everything so much intuitive.,Web Review,General Praise,0.2944,1,2026-09-08 22:03:34
10729,373,Really impressed with how intuitive the mobile app experience is now.,Call Center Note,General Praise,0.2283,1,2026-09-01 18:22:34
10730,639,The checkout works fine but could use minor improvements.,Mobile App,UI Ergonomics,0.4363,1,2026-09-06 17:23:34
10731,809,The checkout flow redesign makes everything so much easy.,Mobile App,App Crash,0.1863,1,2026-09-03 08:32:34
10732,211,"Been on hold for 45 minutes trying to reach a human, this is ridiculous.",Twitter,Shipping Delay,0.7509,0,2026-08-18 14:46:34
10733,742,"Fast shipping and nice packaging, will order again.",Mobile App,Shipping Delay,0.2625,1,2026-09-01 11:23:34
10734,760,The dashboard redesign makes everything so much easy.,Mobile App,Shipping Delay,0.104,1,2026-08-22 02:55:34
10735,451,"System latency is terrible after the new release, nothing works.",Email Support,UI Ergonomics,0.8756,0,2026-09-09 12:31:34
10736,908,The search redesign makes everything so much easy.,Email Support,App Crash,0.0912,1,2026-08-25 08:24:34
10737,461,"Decent experience overall, checkout was okay.",Email Support,UI Ergonomics,0.5424,1,2026-08-21 02:07:34
10738,959,"Customer support resolved my shipping question in one message, amazing team.",Twitter,App Crash,0.0856,1,2026-08-24 08:16:34
10739,310,"Your subscription deleted all my data without warning, I need this fixed NOW.",Call Center Note,General Praise,0.8043,0,2026-08-15 02:18:34
10740,266,"Great excellent product, highly recommended to everyone!",Call Center Note,Shipping Delay,0.1119,1,2026-08-19 01:06:34
10741,427,"Fast shipping and eco-friendly packaging, will order again.",Twitter,Billing Defect,0.2306,1,2026-09-07 08:57:34
10742,396,"Great well-built product, highly recommended to everyone!",Call Center Note,General Praise,0.2116,1,2026-08-20 05:04:34
10743,141,Really impressed with how easy the checkout experience is now.,Twitter,General Praise,0.2067,1,2026-09-07 14:12:34
10744,465,"App keeps crashing during upload step, this is unacceptable!",Mobile App,Shipping Delay,0.8661,0,2026-08-16 00:31:34
10745,384,"Customer support resolved my shipping question in one message, amazing team.",Twitter,Billing Defect,0.0666,1,2026-08-17 07:43:34
10746,624,"Fast shipping and secure packaging, will order again.",Web Review,App Crash,0.2015,1,2026-09-04 20:08:34
10747,251,"It does what it says, nothing special about the app.",Web Review,Shipping Delay,0.5771,1,2026-08-31 02:09:34
10748,189,"Mostly happy with the service, just wish the notifications didn't logged me out.",Twitter,General Praise,0.6933,0,2026-09-02 17:37:34
10749,534,"Fast shipping and eco-friendly packaging, will order again.",Web Review,App Crash,0.0866,1,2026-09-09 05:46:34
10750,443,"Customer support resolved my billing issue in under an hour, amazing team.",Mobile App,Product Quality,0.1424,1,2026-08-30 14:51:34
10751,669,"Been on hold for two hours trying to reach a human, this is ridiculous.",Web Review,General Praise,0.97,0,2026-09-08 08:43:34
10752,602,"Customer support resolved my billing issue in 5 minutes, amazing team.",Mobile App,Shipping Delay,0.2497,1,2026-09-09 03:37:34
10753,257,"It does what it says, nothing special about the support chat.",Email Support,Shipping Delay,0.4061,1,2026-09-11 16:04:34
10754,527,"Fast shipping and nice packaging, will order again.",Twitter,UI Ergonomics,0.1961,1,2026-09-11 20:41:34
10755,713,The checkout works fine but could use minor improvements.,Email Support,Product Quality,0.4733,1,2026-09-04 09:14:34
10756,937,"Great well-built product, highly recommended to everyone!",Mobile App,Shipping Delay,0.2058,1,2026-09-05 20:13:34
10757,572,Love the new checkout flow update! Very intuitive.,Twitter,Shipping Delay,0.1745,1,2026-08-20 22:47:34
10758,149,"Your invoice deleted all my data without warning, I need this fixed NOW.",Email Support,Shipping Delay,0.8727,0,2026-09-06 14:53:34
10759,271,Love the new dashboard update! Very intuitive.,Call Center Note,Shipping Delay,0.2294,1,2026-08-27 21:48:34
10760,198,Really impressed with how fast the checkout experience is now.,Call Center Note,Product Quality,0.2056,1,2026-08-29 12:29:34
10761,448,Love the new dashboard update! Very fast.,Twitter,Billing Defect,0.1119,1,2026-08-23 10:23:34
10762,806,The website works fine but could use minor improvements.,Call Center Note,Product Quality,0.5488,1,2026-09-07 14:22:34
10763,234,Love the new search update! Very easy.,Mobile App,UI Ergonomics,0.2748,1,2026-08-29 08:45:34
10764,711,"Decent experience overall, website was okay.",Call Center Note,Shipping Delay,0.5543,1,2026-08-21 08:30:34
10765,804,Love the new design update! Very intuitive.,Twitter,Shipping Delay,0.0386,1,2026-08-19 05:19:34
10766,179,The support chat works fine but could use minor improvements.,Mobile App,UI Ergonomics,0.5227,1,2026-09-02 03:27:34
10767,144,"Double charged on my credit card for order, fix this immediately!",Mobile App,Shipping Delay,0.8142,0,2026-08-13 23:38:34
10768,192,Love the new dashboard update! Very intuitive.,Twitter,General Praise,0.0554,1,2026-08-26 03:23:34
10769,846,"Great reliable product, highly recommended to everyone!",Call Center Note,App Crash,0.0482,1,2026-09-05 11:54:34
10770,275,Love the new design update! Very intuitive.,Call Center Note,Billing Defect,0.2147,1,2026-08-18 00:12:34
10771,789,The search redesign makes everything so much fast.,Mobile App,App Crash,0.2094,1,2026-08-29 15:58:34
10772,879,"Fast shipping and nice packaging, will order again.",Email Support,Billing Defect,0.1543,1,2026-09-03 17:18:34
10773,670,Package arrived empty and support is completely ignoring my emails.,Mobile App,Billing Defect,0.9168,0,2026-08-28 10:48:34
10774,961,"Not terrible, but the notifications still loaded slowly sometimes after the fix.",Web Review,App Crash,0.5801,0,2026-09-07 17:26:34
10775,795,"Not terrible, but the search still lags a bit sometimes after the fix.",Email Support,App Crash,0.6684,0,2026-08-14 02:22:34
10776,774,"Fast shipping and secure packaging, will order again.",Mobile App,Billing Defect,0.0316,1,2026-08-20 01:00:34
10777,305,"The search update looks great but it lags a bit for me, mixed feelings.",Call Center Note,UI Ergonomics,0.5091,0,2026-08-19 02:30:34
10778,695,"Decent experience overall, support chat was okay.",Call Center Note,Shipping Delay,0.4196,1,2026-09-11 19:39:34
10779,596,"Great reliable product, highly recommended to everyone!",Call Center Note,Shipping Delay,0.2,1,2026-08-20 05:23:34
10780,237,Love the new design update! Very fast.,Mobile App,Billing Defect,0.1468,1,2026-08-15 22:08:34
10781,719,"Fast shipping and secure packaging, will order again.",Email Support,App Crash,0.008,1,2026-08-27 07:06:34
10782,777,Love the new design update! Very easy.,Web Review,UI Ergonomics,0.2378,1,2026-09-05 11:47:34
10783,540,"Decent experience overall, app was okay.",Mobile App,UI Ergonomics,0.5881,1,2026-09-03 00:03:34
10784,670,"Decent experience overall, support chat was okay.",Email Support,General Praise,0.4649,1,2026-08-20 23:42:34
10785,791,"Support was helpful about my shipping question, though it took a while to hear back.",Web Review,General Praise,0.5462,0,2026-09-07 17:17:34
10786,157,The search redesign makes everything so much easy.,Web Review,Shipping Delay,0.1687,1,2026-09-05 00:45:34
10787,391,"Fast shipping and secure packaging, will order again.",Email Support,Billing Defect,0.2029,1,2026-08-14 19:09:34
10788,883,"Customer support resolved my login problem in under an hour, amazing team.",Email Support,UI Ergonomics,0.2429,1,2026-08-17 22:44:34
10789,763,"Mostly happy with the app, just wish the dashboard didn't logged me out.",Email Support,Product Quality,0.5984,0,2026-08-17 09:11:34
10790,433,Love the new checkout flow update! Very smooth.,Mobile App,UI Ergonomics,0.8987,0,2026-09-12 10:52:34
10791,122,The search redesign makes everything so much fast.,Email Support,UI Ergonomics,0.0061,1,2026-09-08 11:23:34
10792,608,"The dashboard update looks great but it lags a bit for me, mixed feelings.",Call Center Note,General Praise,0.6073,0,2026-08-28 23:17:34
10793,750,"Decent experience overall, checkout was okay.",Mobile App,Product Quality,0.5924,1,2026-08-23 06:14:34
10794,331,The checkout works fine but could use minor improvements.,Call Center Note,General Praise,0.5991,1,2026-08-17 16:51:34
10795,643,The design redesign makes everything so much fast.,Web Review,UI Ergonomics,0.082,1,2026-08-23 01:30:34
10796,779,The checkout works fine but could use minor improvements.,Call Center Note,Shipping Delay,0.4762,1,2026-08-22 14:57:34
10797,291,"Mostly happy with the app, just wish the dashboard didn't crashed once.",Call Center Note,UI Ergonomics,0.5884,0,2026-08-23 05:01:34
10798,729,Really impressed with how easy the checkout experience is now.,Web Review,Product Quality,0.2811,1,2026-09-11 01:00:34
10799,864,"System latency is terrible after the server migration, nothing works.",Email Support,UI Ergonomics,0.8119,0,2026-09-01 04:31:34
10800,393,The website works fine but could use minor improvements.,Twitter,Shipping Delay,0.5615,1,2026-09-09 21:07:34
10801,916,The app works fine but could use minor improvements.,Email Support,UI Ergonomics,0.6125,0,2026-09-04 14:35:34
10802,263,"Fast shipping and eco-friendly packaging, will order again.",Email Support,App Crash,0.1941,1,2026-08-14 20:14:34
10803,839,"Decent experience overall, website was okay.",Web Review,Billing Defect,0.5111,1,2026-08-16 00:50:34
10804,516,Love the new checkout flow update! Very fast.,Email Support,General Praise,0.2602,1,2026-09-12 10:30:34
10805,684,"Fast shipping and secure packaging, will order again.",Call Center Note,Billing Defect,0.2528,1,2026-09-06 06:32:34
10806,225,The checkout flow redesign makes everything so much easy.,Email Support,Shipping Delay,0.2654,1,2026-09-09 02:39:34
10807,319,Really impressed with how intuitive the checkout experience is now.,Email Support,UI Ergonomics,0.0654,1,2026-09-01 02:28:34
10808,215,"It does what it says, nothing special about the app.",Email Support,Product Quality,0.4726,1,2026-09-01 19:17:34
10809,415,"Support was helpful about my refund request, though it took a while to hear back.",Mobile App,General Praise,0.5426,0,2026-09-10 02:07:34
10810,754,"App keeps crashing during payment step, this is unacceptable!",Email Support,General Praise,0.7385,0,2026-08-19 01:43:34
10811,361,"Customer support resolved my login problem in under an hour, amazing team.",Email Support,Billing Defect,0.0024,1,2026-08-24 05:36:34
10812,885,The support chat works fine but could use minor improvements.,Web Review,Billing Defect,0.5078,1,2026-08-25 23:44:34
10813,440,"Fast shipping and eco-friendly packaging, will order again.",Web Review,Billing Defect,0.2211,1,2026-08-20 19:33:34
10814,660,The design redesign makes everything so much fast.,Email Support,UI Ergonomics,0.1263,1,2026-08-14 18:17:34
10815,103,Really impressed with how intuitive the mobile app experience is now.,Web Review,App Crash,0.133,1,2026-09-11 02:41:34
10816,830,"It does what it says, nothing special about the app.",Twitter,Product Quality,0.3777,1,2026-09-01 04:35:34
10817,366,"Great reliable product, highly recommended to everyone!",Twitter,General Praise,0.1435,1,2026-09-09 12:09:34
10818,502,"Great excellent product, highly recommended to everyone!",Web Review,Product Quality,0.0253,1,2026-08-23 17:36:34
10819,303,"App keeps crashing during payment step, this is unacceptable!",Email Support,General Praise,0.9674,0,2026-08-21 04:44:34
10820,476,"Been on hold for two hours trying to reach a human, this is ridiculous.",Twitter,Product Quality,0.7411,0,2026-08-18 20:35:34
10821,329,"Been on hold for an hour trying to reach a human, this is ridiculous.",Twitter,App Crash,0.9395,0,2026-08-25 15:10:34
10822,714,"Decent experience overall, support chat was okay.",Twitter,Shipping Delay,0.3825,1,2026-08-22 03:15:34
10823,732,"Not terrible, but the search still lags a bit sometimes after the fix.",Web Review,App Crash,0.4871,1,2026-08-30 08:09:34
10824,431,Really impressed with how easy the onboarding experience is now.,Web Review,General Praise,0.0031,1,2026-08-23 04:12:34
10825,670,Really impressed with how easy the mobile app experience is now.,Mobile App,Billing Defect,0.1792,1,2026-08-28 15:59:34
10826,921,"Fast shipping and eco-friendly packaging, will order again.",Call Center Note,General Praise,0.299,1,2026-08-15 14:07:34
10827,235,"Been on hold for an hour trying to reach a human, this is ridiculous.",Call Center Note,Billing Defect,0.9921,0,2026-09-08 22:27:34
10828,235,The support chat works fine but could use minor improvements.,Mobile App,Shipping Delay,0.5826,1,2026-09-06 15:46:34
10829,954,"Mostly happy with the app, just wish the checkout didn't logged me out.",Email Support,General Praise,0.6936,0,2026-08-29 22:16:34
10830,370,"Great reliable product, highly recommended to everyone!",Call Center Note,Shipping Delay,0.1839,1,2026-09-02 08:23:34
10831,254,"Great well-built product, highly recommended to everyone!",Call Center Note,General Praise,0.2984,1,2026-09-11 11:48:34
10832,581,Love the new dashboard update! Very intuitive.,Email Support,App Crash,0.0164,1,2026-09-03 18:39:34
10833,596,"Not terrible, but the checkout still loaded slowly sometimes after the fix.",Web Review,UI Ergonomics,0.507,0,2026-08-18 15:17:34
10834,284,"Customer support resolved my billing issue in under an hour, amazing team.",Twitter,General Praise,0.0281,1,2026-09-05 16:05:34
10835,526,The dashboard redesign makes everything so much smooth.,Mobile App,App Crash,0.1578,1,2026-09-05 04:29:34
10836,224,"Great excellent product, highly recommended to everyone!",Web Review,Shipping Delay,0.0853,1,2026-09-09 09:13:34
10837,824,Love the new checkout flow update! Very intuitive.,Web Review,UI Ergonomics,0.0087,1,2026-09-11 02:44:34
10838,563,The design redesign makes everything so much fast.,Email Support,General Praise,0.2909,1,2026-09-08 10:05:34
10839,172,"App keeps crashing during login step, this is unacceptable!",Call Center Note,Product Quality,0.7631,0,2026-08-30 20:59:34
10840,508,"Major outage across the platform, unable to log in for hours.",Mobile App,Billing Defect,0.734,0,2026-08-22 23:51:34
10841,257,"Decent experience overall, checkout was okay.",Mobile App,Shipping Delay,0.5118,1,2026-09-04 20:33:34
10842,198,Really impressed with how fast the mobile app experience is now.,Email Support,Product Quality,0.1811,1,2026-08-22 14:43:34
10843,874,"Not terrible, but the dashboard still logged me out sometimes after the fix.",Web Review,Shipping Delay,0.5689,0,2026-09-10 10:55:34
10844,574,"It does what it says, nothing special about the support chat.",Twitter,General Praise,0.3732,1,2026-08-20 13:47:34
10845,920,The design redesign makes everything so much fast.,Web Review,Shipping Delay,0.1405,1,2026-08-20 06:44:34
10846,148,Really impressed with how fast the onboarding experience is now.,Call Center Note,Billing Defect,0.1569,1,2026-08-15 13:40:34
10847,682,The search redesign makes everything so much easy.,Email Support,Shipping Delay,0.0283,1,2026-08-25 02:47:34
10848,905,The design redesign makes everything so much smooth.,Twitter,UI Ergonomics,0.2222,1,2026-08-15 13:51:34
10849,786,"Major outage across the platform, unable to check out for hours.",Web Review,Product Quality,0.8555,0,2026-08-25 13:56:34
10850,718,The website works fine but could use minor improvements.,Email Support,General Praise,0.3963,1,2026-08-18 08:33:34
10851,588,"The checkout update looks great but it loaded slowly for me, mixed feelings.",Web Review,General Praise,0.435,1,2026-08-31 22:53:34
10852,469,Really impressed with how easy the checkout experience is now.,Web Review,Shipping Delay,0.1855,1,2026-08-17 12:08:34
10853,292,"App keeps crashing during payment step, this is unacceptable!",Mobile App,App Crash,0.3108,1,2026-09-04 09:55:34
10854,651,Really impressed with how intuitive the checkout experience is now.,Twitter,Billing Defect,0.2526,1,2026-08-27 05:05:34
10855,256,"Customer support resolved my login problem in under an hour, amazing team.",Web Review,UI Ergonomics,0.0065,1,2026-09-03 23:24:34
10856,953,"The notifications is completely broken since the last update, losing customers.",Web Review,Billing Defect,0.7205,0,2026-08-28 17:04:34
10857,710,"Been on hold for an hour trying to reach a human, this is ridiculous.",Call Center Note,Shipping Delay,0.947,0,2026-08-15 04:50:34
10858,532,"Not terrible, but the dashboard still crashed once sometimes after the fix.",Call Center Note,Shipping Delay,0.6143,0,2026-09-07 16:43:34
10859,761,"Been on hold for an hour trying to reach a human, this is ridiculous.",Email Support,UI Ergonomics,0.6909,0,2026-09-02 08:53:34
10860,337,"Major outage across the platform, unable to reach support for hours.",Call Center Note,App Crash,0.7173,0,2026-09-09 06:17:34
10861,579,"Great well-built product, highly recommended to everyone!",Twitter,Shipping Delay,0.256,1,2026-08-31 06:48:34
10862,736,Really impressed with how fast the checkout experience is now.,Twitter,Shipping Delay,0.2399,1,2026-08-17 10:33:34
10863,912,"Customer support resolved my billing issue in 5 minutes, amazing team.",Web Review,UI Ergonomics,0.0469,1,2026-08-27 08:05:34
10864,367,"It does what it says, nothing special about the app.",Email Support,General Praise,0.5998,1,2026-08-20 17:39:34
10865,216,"It does what it says, nothing special about the app.",Call Center Note,App Crash,0.5517,1,2026-08-19 00:14:34
10866,887,"Fast shipping and eco-friendly packaging, will order again.",Mobile App,Product Quality,0.2981,1,2026-08-25 16:35:34
10867,918,Really impressed with how smooth the mobile app experience is now.,Web Review,Billing Defect,0.0151,1,2026-08-18 08:04:34
10868,220,The design redesign makes everything so much smooth.,Twitter,Shipping Delay,0.1522,1,2026-08-20 15:56:34
10869,257,Really impressed with how easy the mobile app experience is now.,Email Support,Shipping Delay,0.1495,1,2026-08-19 18:54:34
10870,106,"System latency is terrible after the server migration, nothing works.",Twitter,UI Ergonomics,0.9894,0,2026-08-29 01:13:34
10871,524,The app works fine but could use minor improvements.,Email Support,General Praise,0.4165,1,2026-08-24 16:30:34
10872,539,"It does what it says, nothing special about the support chat.",Web Review,UI Ergonomics,0.5468,1,2026-09-03 09:29:34
10873,834,The checkout flow redesign makes everything so much smooth.,Call Center Note,Billing Defect,0.1328,1,2026-08-17 09:01:34
10874,137,"Decent experience overall, website was okay.",Twitter,Product Quality,0.4585,1,2026-08-16 03:33:34
10875,666,Really impressed with how fast the checkout experience is now.,Email Support,General Praise,0.1206,1,2026-08-27 19:03:34
10876,310,Love the new checkout flow update! Very intuitive.,Call Center Note,Product Quality,0.2101,1,2026-09-10 15:38:34
10877,408,Really impressed with how fast the mobile app experience is now.,Mobile App,Billing Defect,0.1214,1,2026-09-06 23:26:34
10878,318,"It does what it says, nothing special about the website.",Mobile App,Product Quality,0.4801,1,2026-09-07 15:06:34
10879,652,"Decent experience overall, website was okay.",Call Center Note,Shipping Delay,0.3559,1,2026-08-24 12:01:34
10880,849,"Great well-built product, highly recommended to everyone!",Mobile App,Shipping Delay,0.1268,1,2026-08-25 08:08:34
10881,227,"Great excellent product, highly recommended to everyone!",Web Review,Shipping Delay,0.0143,1,2026-09-08 13:40:34
10882,695,"Fast shipping and eco-friendly packaging, will order again.",Call Center Note,General Praise,0.2949,1,2026-09-11 02:04:34
10883,934,The dashboard redesign makes everything so much fast.,Call Center Note,General Praise,0.0898,1,2026-08-19 21:18:34
10884,942,The dashboard redesign makes everything so much smooth.,Email Support,UI Ergonomics,0.0984,1,2026-08-17 23:26:34
10885,233,"Been on hold for an hour trying to reach a human, this is ridiculous.",Web Review,App Crash,0.6787,0,2026-09-02 19:44:34
10886,992,"Been on hold for two hours trying to reach a human, this is ridiculous.",Email Support,Product Quality,0.8456,0,2026-09-05 05:16:34
10887,526,"Fast shipping and secure packaging, will order again.",Twitter,App Crash,0.2793,1,2026-09-05 12:52:34
10888,641,"The notifications is completely broken since the last update, losing customers.",Mobile App,General Praise,0.9888,0,2026-08-23 04:40:34
10889,972,"The search update looks great but it logged me out for me, mixed feelings.",Web Review,Billing Defect,0.6765,0,2026-08-19 00:26:34
10890,410,"Mostly happy with the app, just wish the checkout didn't crashed once.",Email Support,UI Ergonomics,0.5114,0,2026-08-14 18:58:34
10891,390,"Customer support resolved my shipping question in under an hour, amazing team.",Twitter,App Crash,0.0146,1,2026-09-04 18:18:34
10892,686,"Your order deleted all my data without warning, I need this fixed NOW.",Email Support,Product Quality,0.9546,0,2026-09-03 02:31:34
10893,235,"Fast shipping and eco-friendly packaging, will order again.",Twitter,Product Quality,0.2503,1,2026-09-11 11:36:34
10894,919,"Not terrible, but the dashboard still crashed once sometimes after the fix.",Call Center Note,General Praise,0.6599,0,2026-09-10 21:32:34
10895,553,"Support was helpful about my login problem, though it took a while to get a straight answer.",Email Support,General Praise,0.4137,1,2026-08-17 13:06:34
10896,416,Really impressed with how smooth the mobile app experience is now.,Call Center Note,General Praise,0.189,1,2026-08-19 03:37:34
10897,868,Love the new dashboard update! Very smooth.,Web Review,Product Quality,0.2872,1,2026-08-14 08:48:34
10898,949,Package arrived damaged and support is completely ignoring my emails.,Call Center Note,UI Ergonomics,0.7462,0,2026-08-17 08:52:34
10899,123,The checkout flow redesign makes everything so much easy.,Email Support,UI Ergonomics,0.1767,1,2026-08-21 17:34:34
10900,272,"Mostly happy with the app, just wish the dashboard didn't logged me out.",Email Support,App Crash,0.4344,1,2026-08-21 19:56:34
10901,273,The website works fine but could use minor improvements.,Mobile App,Product Quality,0.4267,1,2026-08-28 07:43:34
10902,245,"It does what it says, nothing special about the app.",Web Review,Shipping Delay,0.4245,1,2026-08-25 06:08:34
10903,342,"The checkout update looks great but it crashed once for me, mixed feelings.",Web Review,Product Quality,0.4719,1,2026-09-05 11:22:34
10904,167,"The notifications update looks great but it lags a bit for me, mixed feelings.",Web Review,Billing Defect,0.4955,1,2026-09-01 01:30:34
10905,904,Love the new checkout flow update! Very smooth.,Twitter,Shipping Delay,0.0739,1,2026-09-08 09:05:34
10906,900,"The search update looks great but it crashed once for me, mixed feelings.",Twitter,Product Quality,0.512,0,2026-09-01 19:16:34
10907,949,The search redesign makes everything so much smooth.,Call Center Note,Shipping Delay,0.0003,1,2026-09-12 05:43:34
10908,796,Love the new design update! Very easy.,Web Review,Shipping Delay,0.082,1,2026-09-11 06:57:34
10909,676,"It does what it says, nothing special about the checkout.",Mobile App,Shipping Delay,0.3614,1,2026-08-17 14:24:34
10910,616,"The search update looks great but it logged me out for me, mixed feelings.",Email Support,General Praise,0.6635,0,2026-08-29 02:39:34
10911,449,Really impressed with how easy the checkout experience is now.,Twitter,UI Ergonomics,0.0738,1,2026-09-09 19:14:34
10912,587,"It does what it says, nothing special about the website.",Mobile App,Billing Defect,0.4884,0,2026-08-21 09:57:34
10913,179,"Not terrible, but the dashboard still lags a bit sometimes after the fix.",Call Center Note,Billing Defect,0.6362,0,2026-09-02 18:40:34
10914,281,"Great reliable product, highly recommended to everyone!",Mobile App,Billing Defect,0.2482,1,2026-09-03 13:48:34
10915,796,"Support was helpful about my refund request, though it took a while to get resolved.",Email Support,App Crash,0.6229,0,2026-08-17 14:41:34
10916,471,Really impressed with how fast the mobile app experience is now.,Mobile App,Shipping Delay,0.0663,1,2026-09-04 22:43:34
10917,505,Really impressed with how intuitive the onboarding experience is now.,Mobile App,Shipping Delay,0.0588,1,2026-09-08 10:01:34
10918,798,"Customer support resolved my shipping question in 5 minutes, amazing team.",Call Center Note,Product Quality,0.198,1,2026-08-21 12:08:34
10919,683,Package arrived the wrong item and support is completely ignoring my emails.,Twitter,Product Quality,0.6728,0,2026-08-26 00:03:34
10920,645,"It does what it says, nothing special about the app.",Call Center Note,Shipping Delay,0.598,1,2026-09-08 00:12:34
10921,964,Love the new search update! Very smooth.,Web Review,Shipping Delay,0.2562,1,2026-08-19 01:21:34
10922,838,"Fast shipping and eco-friendly packaging, will order again.",Twitter,Billing Defect,0.1084,1,2026-08-26 03:59:34
10923,183,The search redesign makes everything so much fast.,Call Center Note,Billing Defect,0.0015,1,2026-08-23 18:51:34
10924,437,"Fast shipping and nice packaging, will order again.",Email Support,Billing Defect,0.2751,1,2026-09-11 00:10:34
10925,741,Love the new search update! Very easy.,Email Support,Shipping Delay,0.2424,1,2026-08-24 18:22:34
10926,632,"System latency is terrible after the server migration, nothing works.",Twitter,Billing Defect,0.9414,0,2026-09-09 19:44:34
10927,134,Love the new search update! Very smooth.,Web Review,Shipping Delay,0.0257,1,2026-08-16 11:26:34
10928,167,Love the new search update! Very smooth.,Mobile App,General Praise,0.0904,1,2026-08-16 01:21:34
10929,520,"Great reliable product, highly recommended to everyone!",Twitter,Product Quality,0.1205,1,2026-09-10 21:59:34
10930,734,"Been on hold for an hour trying to reach a human, this is ridiculous.",Mobile App,Shipping Delay,0.9283,0,2026-09-12 03:23:34
10931,112,Love the new search update! Very fast.,Call Center Note,General Praise,0.1763,1,2026-08-16 14:11:34
10932,531,"Customer support resolved my shipping question in 5 minutes, amazing team.",Web Review,General Praise,0.1912,1,2026-09-10 18:33:34
10933,625,"Support was polite about my refund request, though it took a while to get resolved.",Email Support,Shipping Delay,0.4383,1,2026-09-09 01:56:34
10934,477,"Customer support resolved my billing issue in under an hour, amazing team.",Mobile App,Product Quality,0.0926,1,2026-09-09 04:57:34
10935,979,"Customer support resolved my billing issue in 5 minutes, amazing team.",Mobile App,UI Ergonomics,0.1521,1,2026-08-29 03:57:34
10936,783,The website works fine but could use minor improvements.,Web Review,General Praise,0.5463,1,2026-09-03 18:56:34
10937,406,"Great well-built product, highly recommended to everyone!",Web Review,Shipping Delay,0.1698,1,2026-08-20 21:40:34
10938,328,"App keeps crashing during upload step, this is unacceptable!",Twitter,UI Ergonomics,0.2732,1,2026-09-10 21:54:34
10939,509,"Decent experience overall, checkout was okay.",Twitter,Billing Defect,0.5518,1,2026-08-30 00:42:34
10940,550,"Your order deleted all my data without warning, I need this fixed NOW.",Twitter,General Praise,0.8441,0,2026-09-09 04:08:34
10941,390,"Great excellent product, highly recommended to everyone!",Twitter,App Crash,0.2926,1,2026-08-25 10:35:34
10942,280,"Great well-built product, highly recommended to everyone!",Email Support,Billing Defect,0.0738,1,2026-08-14 11:20:34
10943,315,"Customer support resolved my login problem in one message, amazing team.",Email Support,UI Ergonomics,0.2362,1,2026-08-24 10:43:34
10944,233,"Mostly happy with the subscription, just wish the search didn't loaded slowly.",Twitter,App Crash,0.4196,1,2026-09-06 18:06:34
10945,730,"Mostly happy with the subscription, just wish the notifications didn't loaded slowly.",Call Center Note,App Crash,0.4734,1,2026-09-06 21:17:34
10946,386,The checkout works fine but could use minor improvements.,Twitter,Product Quality,0.4118,1,2026-09-09 02:23:34
10947,729,"Customer support resolved my shipping question in 5 minutes, amazing team.",Mobile App,App Crash,0.2354,1,2026-09-05 15:57:34
10948,811,"Mostly happy with the app, just wish the dashboard didn't loaded slowly.",Web Review,General Praise,0.4965,1,2026-09-05 00:51:34
10949,983,"Not terrible, but the checkout still crashed once sometimes after the fix.",Twitter,UI Ergonomics,0.4659,1,2026-08-23 11:10:34
10950,663,"Decent experience overall, website was okay.",Mobile App,App Crash,0.5839,1,2026-08-17 08:11:34
10951,624,"It does what it says, nothing special about the checkout.",Call Center Note,Shipping Delay,0.4075,1,2026-09-01 21:50:34
10952,491,"Not terrible, but the dashboard still logged me out sometimes after the fix.",Mobile App,App Crash,0.6414,0,2026-09-02 14:51:34
10953,962,"It does what it says, nothing special about the app.",Call Center Note,Product Quality,0.4398,1,2026-09-07 09:30:34
10954,139,"Great excellent product, highly recommended to everyone!",Call Center Note,App Crash,0.0295,1,2026-08-28 16:58:34
10955,799,"Decent experience overall, checkout was okay.",Email Support,App Crash,0.4257,1,2026-09-10 00:10:34
10956,454,Really impressed with how fast the onboarding experience is now.,Web Review,UI Ergonomics,0.231,1,2026-09-08 21:52:34
10957,840,Love the new search update! Very intuitive.,Twitter,UI Ergonomics,0.2596,1,2026-08-24 03:42:34
10958,966,The search redesign makes everything so much easy.,Twitter,UI Ergonomics,0.1022,1,2026-09-01 12:38:34
10959,231,"Decent experience overall, app was okay.",Email Support,General Praise,0.4437,1,2026-08-13 22:59:34
10960,881,"Mostly happy with the service, just wish the notifications didn't crashed once.",Call Center Note,Shipping Delay,0.5277,0,2026-08-28 08:34:34
10961,438,The design redesign makes everything so much intuitive.,Call Center Note,General Praise,0.0461,1,2026-09-09 23:03:34
10962,647,The search redesign makes everything so much easy.,Web Review,App Crash,0.0613,1,2026-09-04 03:00:34
10963,666,"The export tool is completely broken since the last update, losing customers.",Twitter,Billing Defect,0.6826,0,2026-09-09 23:27:34
10964,775,"Support was polite about my refund request, though it took a while to hear back.",Call Center Note,Billing Defect,0.4851,1,2026-09-03 05:01:34
10965,500,"App keeps crashing during payment step, this is unacceptable!",Twitter,Billing Defect,0.7644,0,2026-08-19 09:28:34
10966,986,"Fast shipping and secure packaging, will order again.",Twitter,App Crash,0.0206,1,2026-08-22 21:04:34
10967,417,"It does what it says, nothing special about the support chat.",Call Center Note,App Crash,0.3897,1,2026-09-05 09:15:34
10968,556,"Fast shipping and eco-friendly packaging, will order again.",Mobile App,UI Ergonomics,0.0605,1,2026-09-10 01:04:34
10969,854,The checkout flow redesign makes everything so much easy.,Mobile App,Shipping Delay,0.1381,1,2026-09-11 22:20:34
10970,404,"Fast shipping and eco-friendly packaging, will order again.",Web Review,Product Quality,0.2101,1,2026-08-21 11:42:34
10971,287,"Support was friendly about my shipping question, though it took a while to hear back.",Call Center Note,Billing Defect,0.5373,0,2026-08-31 10:16:34
10972,398,Love the new dashboard update! Very intuitive.,Mobile App,General Praise,0.0821,1,2026-08-23 09:43:34
10973,873,"Fast shipping and secure packaging, will order again.",Mobile App,Product Quality,0.0364,1,2026-08-28 08:30:34
10974,754,"Support was helpful about my refund request, though it took a while to get a straight answer.",Web Review,UI Ergonomics,0.5866,0,2026-08-29 03:46:34
10975,239,"Customer support resolved my login problem in 5 minutes, amazing team.",Email Support,General Praise,0.0032,1,2026-09-03 15:29:34
10976,582,"The checkout update looks great but it crashed once for me, mixed feelings.",Email Support,App Crash,0.6141,0,2026-08-21 06:44:34
10977,500,The design redesign makes everything so much intuitive.,Twitter,Billing Defect,0.0882,1,2026-08-14 00:39:34
10978,791,"Customer support resolved my login problem in under an hour, amazing team.",Call Center Note,App Crash,0.0534,1,2026-09-02 15:15:34
10979,712,Really impressed with how smooth the checkout experience is now.,Mobile App,Billing Defect,0.2071,1,2026-08-30 16:37:34
10980,128,"Customer support resolved my login problem in 5 minutes, amazing team.",Mobile App,Shipping Delay,0.94,0,2026-08-22 06:17:34
10981,271,Love the new dashboard update! Very smooth.,Twitter,Billing Defect,0.2391,1,2026-09-01 10:27:34
10982,312,"Great reliable product, highly recommended to everyone!",Call Center Note,UI Ergonomics,0.1686,1,2026-09-01 23:46:34
10983,511,"System latency is terrible after the latest update, nothing works.",Email Support,Billing Defect,0.7748,0,2026-08-31 05:30:34
10984,738,The app works fine but could use minor improvements.,Email Support,Billing Defect,0.5145,1,2026-08-16 13:57:34
10985,204,"Fast shipping and eco-friendly packaging, will order again.",Call Center Note,Product Quality,0.2303,1,2026-08-21 07:41:34
10986,794,The checkout works fine but could use minor improvements.,Twitter,Shipping Delay,0.5954,1,2026-08-21 11:55:34
10987,723,Really impressed with how fast the mobile app experience is now.,Call Center Note,UI Ergonomics,0.1446,1,2026-08-30 22:04:34
10988,338,Really impressed with how intuitive the mobile app experience is now.,Mobile App,Product Quality,0.1762,1,2026-08-19 03:55:34
10989,161,"It does what it says, nothing special about the support chat.",Twitter,Shipping Delay,0.5393,1,2026-09-05 05:09:34
10990,842,The support chat works fine but could use minor improvements.,Call Center Note,UI Ergonomics,0.4011,1,2026-08-28 11:26:34
10991,763,"Your order deleted all my data without warning, I need this fixed NOW.",Email Support,Billing Defect,0.8323,0,2026-08-23 22:33:34
10992,780,"Great reliable product, highly recommended to everyone!",Twitter,General Praise,0.0727,1,2026-08-23 15:23:34
10993,106,"Fast shipping and secure packaging, will order again.",Mobile App,UI Ergonomics,0.0965,1,2026-08-16 16:51:34
10994,662,Love the new dashboard update! Very intuitive.,Twitter,App Crash,0.0377,1,2026-09-05 14:39:34
10995,534,"The export tool is completely broken since the last update, losing customers.",Twitter,Product Quality,0.7075,0,2026-08-24 20:21:34
10996,983,"It does what it says, nothing special about the support chat.",Web Review,Billing Defect,0.5919,1,2026-08-29 21:10:34
10997,878,"Support was helpful about my login problem, though it took a while to hear back.",Twitter,UI Ergonomics,0.5516,0,2026-08-14 10:03:34
10998,709,"Fast shipping and nice packaging, will order again.",Call Center Note,App Crash,0.2277,1,2026-09-07 16:16:34
10999,484,"Great reliable product, highly recommended to everyone!",Call Center Note,Product Quality,0.1391,1,2026-09-04 09:37:34
11000,294,Package arrived the wrong item and support is completely ignoring my emails.,Mobile App,Billing Defect,0.8142,0,2026-09-05 07:18:34
11001,504,"Great reliable product, highly recommended to everyone!",Email Support,UI Ergonomics,0.1214,1,2026-09-04 19:08:34
11002,227,"It does what it says, nothing special about the app.",Web Review,Product Quality,0.4522,1,2026-08-20 21:45:34
11003,456,"Decent experience overall, checkout was okay.",Call Center Note,General Praise,0.5428,1,2026-09-04 18:07:34
11004,534,"Great well-built product, highly recommended to everyone!",Twitter,App Crash,0.0173,1,2026-09-04 06:13:34
11005,367,"Your order deleted all my data without warning, I need this fixed NOW.",Call Center Note,UI Ergonomics,0.8941,0,2026-08-20 05:22:34
11006,759,"It does what it says, nothing special about the website.",Web Review,UI Ergonomics,0.3531,1,2026-09-09 04:39:34
11007,808,Love the new dashboard update! Very easy.,Email Support,Product Quality,0.0497,1,2026-09-06 18:48:34
11008,997,"Fast shipping and secure packaging, will order again.",Mobile App,Billing Defect,0.0924,1,2026-09-11 11:17:34
11009,866,"Great excellent product, highly recommended to everyone!",Web Review,General Praise,0.0807,1,2026-08-27 12:56:34
11010,813,Package arrived empty and support is completely ignoring my emails.,Web Review,Product Quality,0.6506,0,2026-09-01 11:43:34
11011,237,Really impressed with how easy the onboarding experience is now.,Twitter,UI Ergonomics,0.0529,1,2026-08-21 19:11:34
11012,287,Love the new search update! Very intuitive.,Twitter,Shipping Delay,0.0557,1,2026-09-01 02:55:34
11013,383,"The search update looks great but it lags a bit for me, mixed feelings.",Mobile App,Shipping Delay,0.4879,1,2026-08-14 20:49:34
11014,162,"Fast shipping and eco-friendly packaging, will order again.",Email Support,Billing Defect,0.2018,1,2026-09-09 00:36:34
11015,717,Love the new design update! Very intuitive.,Call Center Note,Shipping Delay,0.8433,0,2026-09-04 15:10:34
11016,422,"Mostly happy with the service, just wish the dashboard didn't logged me out.",Twitter,Shipping Delay,0.6046,0,2026-08-31 15:39:34
11017,991,"The notifications update looks great but it logged me out for me, mixed feelings.",Web Review,General Praise,0.3581,1,2026-08-19 20:05:34
11018,354,"Double charged on my PayPal account for account, fix this immediately!",Email Support,UI Ergonomics,0.9829,0,2026-09-10 15:49:34
11019,753,"Fast shipping and secure packaging, will order again.",Email Support,Billing Defect,0.1239,1,2026-09-11 08:40:34
11020,856,"The notifications update looks great but it loaded slowly for me, mixed feelings.",Call Center Note,Billing Defect,0.4701,1,2026-08-29 08:53:34
11021,246,"Not terrible, but the checkout still loaded slowly sometimes after the fix.",Call Center Note,Product Quality,0.4882,1,2026-09-05 11:36:34
11022,661,"The search bar is completely broken since the last update, losing customers.",Web Review,App Crash,0.7555,0,2026-09-02 19:52:34
11023,274,"Fast shipping and secure packaging, will order again.",Mobile App,Billing Defect,0.1622,1,2026-09-02 07:26:34
11024,325,Love the new dashboard update! Very fast.,Email Support,General Praise,0.2708,1,2026-09-04 04:39:34
11025,842,Really impressed with how smooth the mobile app experience is now.,Web Review,Billing Defect,0.0407,1,2026-08-28 15:55:34
11026,853,The design redesign makes everything so much fast.,Web Review,General Praise,0.1131,1,2026-09-11 17:45:34
11027,189,"Fast shipping and nice packaging, will order again.",Mobile App,Billing Defect,0.0671,1,2026-08-29 00:02:34
11028,420,"Customer support resolved my shipping question in 5 minutes, amazing team.",Web Review,Product Quality,0.1719,1,2026-08-13 14:15:34
11029,427,"It does what it says, nothing special about the website.",Email Support,General Praise,0.5618,1,2026-08-19 06:22:34
11030,571,The dashboard redesign makes everything so much smooth.,Email Support,App Crash,0.1186,1,2026-08-27 00:37:34
11031,249,"Fast shipping and secure packaging, will order again.",Mobile App,Product Quality,0.1367,1,2026-08-28 02:05:34
11032,687,"It does what it says, nothing special about the app.",Web Review,General Praise,0.4184,1,2026-08-23 08:01:34
11033,968,"Not terrible, but the checkout still logged me out sometimes after the fix.",Twitter,General Praise,0.4458,1,2026-08-15 21:49:34
11034,775,"Customer support resolved my login problem in one message, amazing team.",Twitter,Billing Defect,0.1175,1,2026-09-07 10:54:34
11035,640,"Not terrible, but the dashboard still logged me out sometimes after the fix.",Email Support,Shipping Delay,0.6273,0,2026-08-22 09:30:34
11036,694,The search redesign makes everything so much smooth.,Mobile App,General Praise,0.0393,1,2026-08-27 08:32:34
11037,248,"Support was friendly about my refund request, though it took a while to hear back.",Twitter,App Crash,0.6088,0,2026-08-22 10:07:34
11038,251,Love the new checkout flow update! Very smooth.,Web Review,UI Ergonomics,0.2035,1,2026-08-21 04:09:34
11039,627,Love the new checkout flow update! Very easy.,Email Support,Product Quality,0.0539,1,2026-09-02 06:15:34
11040,600,Really impressed with how easy the onboarding experience is now.,Email Support,General Praise,0.0102,1,2026-09-09 15:34:34
11041,191,Really impressed with how easy the mobile app experience is now.,Web Review,General Praise,0.2973,1,2026-08-30 21:46:34
11042,184,"It does what it says, nothing special about the support chat.",Mobile App,UI Ergonomics,0.4418,1,2026-09-11 17:00:34
11043,591,The dashboard redesign makes everything so much smooth.,Email Support,General Praise,0.1761,1,2026-08-17 19:41:34
11044,405,"Customer support resolved my login problem in under an hour, amazing team.",Call Center Note,App Crash,0.3,1,2026-08-18 01:01:34
11045,503,"It does what it says, nothing special about the website.",Call Center Note,Product Quality,0.4513,1,2026-09-06 15:24:34
11046,284,"The search update looks great but it lags a bit for me, mixed feelings.",Mobile App,Product Quality,0.4542,1,2026-09-02 20:54:34
11047,189,Love the new design update! Very intuitive.,Call Center Note,Shipping Delay,0.1725,1,2026-08-15 02:39:34
11048,533,"Double charged on my PayPal account for account, fix this immediately!",Mobile App,App Crash,0.7772,0,2026-08-27 04:45:34
11049,602,"Major outage across the platform, unable to reach support for hours.",Email Support,Product Quality,0.8369,0,2026-08-29 13:01:34
11050,137,The dashboard redesign makes everything so much smooth.,Twitter,App Crash,0.1988,1,2026-08-27 03:46:34
11051,384,"Customer support resolved my billing issue in one message, amazing team.",Twitter,General Praise,0.1656,1,2026-09-10 20:08:34
11052,185,"Mostly happy with the subscription, just wish the notifications didn't loaded slowly.",Email Support,General Praise,0.6711,0,2026-09-01 21:00:34
11053,748,"Customer support resolved my shipping question in 5 minutes, amazing team.",Twitter,General Praise,0.0212,1,2026-08-30 10:53:34
11054,906,Really impressed with how intuitive the checkout experience is now.,Web Review,UI Ergonomics,0.2465,1,2026-08-14 16:43:34
11055,661,"Customer support resolved my billing issue in under an hour, amazing team.",Web Review,Billing Defect,0.0374,1,2026-08-28 12:09:34
11056,917,"Great reliable product, highly recommended to everyone!",Twitter,Shipping Delay,0.2334,1,2026-08-13 23:11:34
11057,226,"System latency is terrible after the server migration, nothing works.",Twitter,Product Quality,0.9831,0,2026-08-27 11:15:34
11058,986,"Fast shipping and nice packaging, will order again.",Email Support,Product Quality,0.1587,1,2026-08-25 20:28:34
11059,453,Love the new dashboard update! Very fast.,Call Center Note,Product Quality,0.284,1,2026-09-09 13:53:34
11060,803,"Fast shipping and eco-friendly packaging, will order again.",Call Center Note,General Praise,0.1777,1,2026-08-20 14:15:34
11061,842,"Customer support resolved my login problem in one message, amazing team.",Email Support,General Praise,0.2206,1,2026-08-24 20:30:34
11062,462,"Fast shipping and secure packaging, will order again.",Web Review,Product Quality,0.1373,1,2026-08-26 13:42:34
11063,412,"Decent experience overall, website was okay.",Web Review,Shipping Delay,0.4263,1,2026-08-17 14:52:34
11064,861,Love the new dashboard update! Very smooth.,Email Support,Product Quality,0.0495,1,2026-09-04 22:44:34
11065,793,Love the new search update! Very intuitive.,Call Center Note,General Praise,0.1439,1,2026-08-19 04:36:34
11066,453,"Support was friendly about my refund request, though it took a while to get a straight answer.",Twitter,General Praise,0.5275,0,2026-09-06 13:15:34
11067,636,Love the new search update! Very intuitive.,Twitter,App Crash,0.2024,1,2026-08-16 22:28:34
11068,482,"Support was friendly about my login problem, though it took a while to get resolved.",Mobile App,Shipping Delay,0.5268,0,2026-08-24 21:13:34
11069,102,Love the new checkout flow update! Very fast.,Call Center Note,UI Ergonomics,0.1449,1,2026-08-23 09:56:34
11070,158,Really impressed with how smooth the checkout experience is now.,Email Support,Billing Defect,0.2677,1,2026-09-10 12:44:34
11071,511,"Mostly happy with the app, just wish the notifications didn't lags a bit.",Email Support,Billing Defect,0.5049,0,2026-08-18 03:06:34
11072,599,"Support was polite about my shipping question, though it took a while to get a straight answer.",Mobile App,App Crash,0.6696,0,2026-09-12 09:38:34
11073,286,"Decent experience overall, support chat was okay.",Call Center Note,Shipping Delay,0.4436,1,2026-08-18 11:08:34
11074,105,Really impressed with how easy the onboarding experience is now.,Email Support,General Praise,0.042,1,2026-08-22 13:11:34
11075,439,"Major outage across the platform, unable to log in for hours.",Mobile App,App Crash,0.6968,0,2026-08-22 13:46:34
11076,919,Really impressed with how fast the onboarding experience is now.,Twitter,Shipping Delay,0.1263,1,2026-08-31 17:11:34
11077,121,Really impressed with how easy the onboarding experience is now.,Twitter,App Crash,0.0329,1,2026-08-29 04:17:34
11078,711,Really impressed with how intuitive the onboarding experience is now.,Mobile App,UI Ergonomics,0.2035,1,2026-09-04 08:54:34
11079,256,"Decent experience overall, app was okay.",Call Center Note,App Crash,0.5402,1,2026-08-24 20:54:34
11080,940,The checkout works fine but could use minor improvements.,Web Review,App Crash,0.5986,1,2026-09-04 02:02:34
11081,749,Love the new dashboard update! Very intuitive.,Twitter,App Crash,0.2978,1,2026-08-18 23:59:34
11082,536,"App keeps crashing during login step, this is unacceptable!",Mobile App,Product Quality,0.9966,0,2026-08-22 14:28:34
11083,748,"App keeps crashing during upload step, this is unacceptable!",Twitter,App Crash,0.7926,0,2026-08-28 19:36:34
11084,387,"The dashboard update looks great but it lags a bit for me, mixed feelings.",Email Support,General Praise,0.4913,1,2026-09-01 13:03:34
11085,862,The website works fine but could use minor improvements.,Email Support,App Crash,0.3602,1,2026-08-26 12:03:34
11086,442,"The dashboard update looks great but it crashed once for me, mixed feelings.",Email Support,Billing Defect,0.4757,1,2026-08-17 22:14:34
11087,860,Really impressed with how intuitive the checkout experience is now.,Call Center Note,Product Quality,0.1082,1,2026-09-10 00:55:34
11088,860,"Mostly happy with the app, just wish the search didn't loaded slowly.",Call Center Note,Billing Defect,0.6662,0,2026-08-15 09:14:34
11089,176,Really impressed with how intuitive the onboarding experience is now.,Call Center Note,Product Quality,0.2114,1,2026-08-29 02:57:34
11090,230,"Decent experience overall, website was okay.",Twitter,UI Ergonomics,0.4834,1,2026-09-07 13:42:34
11091,546,The checkout flow redesign makes everything so much fast.,Mobile App,UI Ergonomics,0.1345,1,2026-09-01 14:04:34
11092,232,The design redesign makes everything so much intuitive.,Email Support,Billing Defect,0.1797,1,2026-09-08 06:49:34
11093,645,"System latency is terrible after the new release, nothing works.",Call Center Note,Billing Defect,0.9351,0,2026-08-21 01:12:34
11094,103,"Not terrible, but the dashboard still loaded slowly sometimes after the fix.",Twitter,Product Quality,0.5822,0,2026-08-23 10:19:34
11095,825,Love the new search update! Very fast.,Email Support,Product Quality,0.091,1,2026-08-18 22:30:34
11096,384,The website works fine but could use minor improvements.,Twitter,Shipping Delay,0.423,1,2026-08-15 20:41:34
11097,747,"Customer support resolved my billing issue in one message, amazing team.",Call Center Note,Shipping Delay,0.0349,1,2026-08-28 06:55:34
11098,401,"Major outage across the platform, unable to reach support for hours.",Email Support,Billing Defect,0.6968,0,2026-09-11 00:07:34
11099,362,"Great excellent product, highly recommended to everyone!",Mobile App,Product Quality,0.2191,1,2026-09-12 10:22:34
11100,741,The design redesign makes everything so much easy.,Call Center Note,Product Quality,0.2837,1,2026-08-22 21:35:34
11101,978,"Customer support resolved my login problem in under an hour, amazing team.",Web Review,App Crash,0.0612,1,2026-09-02 19:37:34
11102,195,"It does what it says, nothing special about the support chat.",Web Review,App Crash,0.4422,1,2026-09-03 10:11:34
11103,284,The website works fine but could use minor improvements.,Email Support,Billing Defect,0.4924,1,2026-08-27 15:11:34
11104,246,The support chat works fine but could use minor improvements.,Mobile App,UI Ergonomics,0.5218,1,2026-08-24 16:17:34
11105,717,"Not terrible, but the checkout still crashed once sometimes after the fix.",Mobile App,UI Ergonomics,0.618,0,2026-08-30 23:50:34
11106,374,"App keeps crashing during checkout step, this is unacceptable!",Twitter,General Praise,0.6963,0,2026-09-09 19:22:34
11107,973,"App keeps crashing during checkout step, this is unacceptable!",Mobile App,App Crash,0.8398,0,2026-08-19 20:29:34
11108,157,"Not terrible, but the search still logged me out sometimes after the fix.",Call Center Note,General Praise,0.4995,1,2026-08-25 16:33:34
11109,623,Love the new design update! Very smooth.,Web Review,App Crash,0.0308,1,2026-08-13 13:44:34
11110,393,Love the new dashboard update! Very easy.,Twitter,General Praise,0.1156,1,2026-08-31 00:39:34
11111,204,Really impressed with how smooth the checkout experience is now.,Email Support,Shipping Delay,0.0509,1,2026-08-16 23:44:34
11112,282,Love the new checkout flow update! Very smooth.,Web Review,Product Quality,0.2687,1,2026-08-28 18:09:34
11113,739,Really impressed with how easy the onboarding experience is now.,Email Support,Shipping Delay,0.2679,1,2026-08-18 05:55:34
11114,828,"Decent experience overall, checkout was okay.",Mobile App,Billing Defect,0.5832,1,2026-08-20 06:46:34
11115,904,"Customer support resolved my login problem in 5 minutes, amazing team.",Web Review,Billing Defect,0.1172,1,2026-08-18 16:01:34
11116,286,Really impressed with how fast the onboarding experience is now.,Web Review,Shipping Delay,0.0271,1,2026-08-28 01:11:34
11117,351,"Not terrible, but the dashboard still logged me out sometimes after the fix.",Web Review,UI Ergonomics,0.4415,1,2026-09-07 12:26:34
11118,639,"Not terrible, but the search still loaded slowly sometimes after the fix.",Call Center Note,General Praise,0.4251,1,2026-08-23 11:59:34
11119,471,"Customer support resolved my login problem in 5 minutes, amazing team.",Call Center Note,UI Ergonomics,0.061,1,2026-08-19 14:20:34
11120,938,Love the new checkout flow update! Very fast.,Twitter,Shipping Delay,0.2546,1,2026-09-03 11:17:34
11121,864,"Been on hold for 45 minutes trying to reach a human, this is ridiculous.",Twitter,Billing Defect,0.7238,0,2026-08-20 00:41:34
11122,695,"The dashboard update looks great but it logged me out for me, mixed feelings.",Mobile App,UI Ergonomics,0.4162,1,2026-09-09 13:08:34
11123,112,Love the new dashboard update! Very fast.,Call Center Note,UI Ergonomics,0.0424,1,2026-08-20 07:56:34
11124,406,"Fast shipping and secure packaging, will order again.",Web Review,UI Ergonomics,0.042,1,2026-08-28 20:52:34
11125,132,"The notifications update looks great but it lags a bit for me, mixed feelings.",Call Center Note,App Crash,0.4468,1,2026-09-05 10:08:34
11126,667,"Decent experience overall, support chat was okay.",Email Support,Product Quality,0.52,1,2026-09-05 08:35:34
11127,194,The support chat works fine but could use minor improvements.,Call Center Note,UI Ergonomics,0.5829,1,2026-08-19 05:05:34
11128,942,"Fast shipping and secure packaging, will order again.",Call Center Note,Product Quality,0.0168,1,2026-08-17 00:44:34
11129,947,"Fast shipping and eco-friendly packaging, will order again.",Web Review,App Crash,0.094,1,2026-08-16 00:07:34
11130,471,Really impressed with how easy the onboarding experience is now.,Call Center Note,Shipping Delay,0.081,1,2026-08-14 19:03:34
11131,874,The app works fine but could use minor improvements.,Email Support,App Crash,0.3663,1,2026-09-07 15:00:34
11132,678,The website works fine but could use minor improvements.,Mobile App,Product Quality,0.4173,1,2026-09-04 12:51:34
11133,465,"Your order deleted all my data without warning, I need this fixed NOW.",Email Support,UI Ergonomics,0.0198,1,2026-09-05 06:47:34
11134,199,"Decent experience overall, checkout was okay.",Email Support,UI Ergonomics,0.5935,1,2026-09-05 10:27:34
11135,700,Package arrived damaged and support is completely ignoring my emails.,Mobile App,Shipping Delay,0.8555,0,2026-08-20 20:30:34
11136,835,"Decent experience overall, app was okay.",Twitter,App Crash,0.5713,1,2026-09-12 06:59:34
11137,767,Package arrived the wrong item and support is completely ignoring my emails.,Call Center Note,Shipping Delay,0.8307,0,2026-09-02 21:11:34
11138,541,"Great reliable product, highly recommended to everyone!",Mobile App,General Praise,0.1081,1,2026-08-31 03:48:34
11139,609,"It does what it says, nothing special about the app.",Mobile App,Billing Defect,0.5895,1,2026-08-20 00:11:34
11140,189,"Great well-built product, highly recommended to everyone!",Web Review,Billing Defect,0.2603,1,2026-09-03 05:11:34
11141,461,"Decent experience overall, website was okay.",Mobile App,Billing Defect,0.367,1,2026-08-21 16:08:34
11142,881,"Fast shipping and eco-friendly packaging, will order again.",Web Review,General Praise,0.2958,1,2026-08-19 21:49:34
11143,518,The search redesign makes everything so much smooth.,Call Center Note,General Praise,0.109,1,2026-08-19 09:18:34
11144,998,"Mostly happy with the subscription, just wish the notifications didn't lags a bit.",Mobile App,Product Quality,0.524,0,2026-09-11 19:41:34
11145,973,"System latency is terrible after the new release, nothing works.",Mobile App,Shipping Delay,0.0626,1,2026-08-30 14:54:34
11146,785,"Decent experience overall, app was okay.",Mobile App,Shipping Delay,0.4058,1,2026-09-03 17:16:34
11147,506,"Not terrible, but the checkout still lags a bit sometimes after the fix.",Web Review,App Crash,0.4541,1,2026-08-31 18:59:34
11148,819,"Decent experience overall, checkout was okay.",Web Review,Billing Defect,0.5991,1,2026-08-26 04:28:34
11149,715,"Support was helpful about my refund request, though it took a while to get a straight answer.",Web Review,Billing Defect,0.464,1,2026-08-29 23:15:34
11150,876,"Fast shipping and nice packaging, will order again.",Web Review,Shipping Delay,0.0162,1,2026-08-24 23:44:34
11151,994,Love the new dashboard update! Very smooth.,Web Review,UI Ergonomics,0.0822,1,2026-09-06 09:36:34
11152,538,"Decent experience overall, website was okay.",Email Support,Shipping Delay,0.5576,1,2026-08-21 00:07:34
11153,264,"Decent experience overall, support chat was okay.",Web Review,Shipping Delay,0.4689,1,2026-09-08 11:21:34
11154,248,"The search update looks great but it lags a bit for me, mixed feelings.",Email Support,General Praise,0.6168,0,2026-08-27 22:08:34
11155,911,"The notifications is completely broken since the last update, losing customers.",Web Review,Shipping Delay,0.8248,0,2026-09-06 05:09:34
11156,692,"Fast shipping and nice packaging, will order again.",Mobile App,Billing Defect,0.1903,1,2026-08-23 11:12:34
11157,486,"Customer support resolved my login problem in one message, amazing team.",Twitter,Shipping Delay,0.1638,1,2026-08-23 01:32:34
11158,414,Really impressed with how smooth the checkout experience is now.,Call Center Note,Billing Defect,0.7559,0,2026-09-05 05:36:34
11159,655,"Fast shipping and eco-friendly packaging, will order again.",Web Review,Product Quality,0.1231,1,2026-08-28 19:13:34
11160,709,Package arrived empty and support is completely ignoring my emails.,Twitter,Product Quality,0.7999,0,2026-09-02 08:30:34
11161,206,"Not terrible, but the notifications still lags a bit sometimes after the fix.",Mobile App,General Praise,0.6986,0,2026-08-14 06:21:34
11162,657,"Fast shipping and nice packaging, will order again.",Mobile App,General Praise,0.1489,1,2026-09-02 17:29:34
11163,664,Love the new checkout flow update! Very easy.,Web Review,Billing Defect,0.0636,1,2026-08-22 10:01:34
11164,820,Love the new checkout flow update! Very easy.,Web Review,Billing Defect,0.1239,1,2026-08-30 13:37:34
11165,958,The checkout flow redesign makes everything so much fast.,Web Review,General Praise,0.2639,1,2026-08-24 12:15:34
11166,483,"Been on hold for 45 minutes trying to reach a human, this is ridiculous.",Call Center Note,General Praise,0.6554,0,2026-09-09 19:43:34
11167,297,The support chat works fine but could use minor improvements.,Call Center Note,General Praise,0.4105,1,2026-08-31 10:01:34
11168,845,The search redesign makes everything so much intuitive.,Twitter,UI Ergonomics,0.2818,1,2026-08-27 23:53:34
11169,616,"Fast shipping and nice packaging, will order again.",Mobile App,General Praise,0.0299,1,2026-09-08 18:34:34
11170,195,Really impressed with how fast the mobile app experience is now.,Mobile App,Billing Defect,0.0477,1,2026-09-02 10:11:34
11171,180,Package arrived damaged and support is completely ignoring my emails.,Call Center Note,UI Ergonomics,0.8663,0,2026-08-14 16:02:34
11172,345,"Customer support resolved my login problem in one message, amazing team.",Twitter,Shipping Delay,0.1895,1,2026-08-22 08:07:34
11173,381,"Customer support resolved my shipping question in under an hour, amazing team.",Mobile App,App Crash,0.2311,1,2026-09-11 01:44:34
11174,245,"Double charged on my credit card for invoice, fix this immediately!",Email Support,Shipping Delay,0.9745,0,2026-08-21 17:42:34
11175,203,"The export tool is completely broken since the last update, losing customers.",Web Review,Billing Defect,0.9695,0,2026-09-01 08:20:34
11176,561,"Double charged on my credit card for invoice, fix this immediately!",Twitter,App Crash,0.7813,0,2026-08-27 02:44:34
11177,132,Package arrived the wrong item and support is completely ignoring my emails.,Mobile App,Shipping Delay,0.8486,0,2026-08-29 07:11:34
11178,130,"The search update looks great but it logged me out for me, mixed feelings.",Call Center Note,Billing Defect,0.678,0,2026-09-06 02:12:34
11179,435,"Customer support resolved my billing issue in under an hour, amazing team.",Twitter,App Crash,0.0344,1,2026-08-17 07:33:34
11180,456,"Customer support resolved my login problem in under an hour, amazing team.",Call Center Note,General Praise,0.1445,1,2026-08-26 21:53:34
11181,302,"Not terrible, but the dashboard still loaded slowly sometimes after the fix.",Email Support,UI Ergonomics,0.6767,0,2026-08-18 04:48:34
11182,599,The checkout flow redesign makes everything so much intuitive.,Web Review,UI Ergonomics,0.2382,1,2026-09-01 19:15:34
11183,539,"Great reliable product, highly recommended to everyone!",Twitter,Product Quality,0.1869,1,2026-08-29 13:53:34
11184,359,"The dashboard update looks great but it crashed once for me, mixed feelings.",Call Center Note,UI Ergonomics,0.6668,0,2026-08-26 20:58:34
11185,430,Really impressed with how fast the checkout experience is now.,Web Review,App Crash,0.009,1,2026-08-29 19:10:34
11186,225,The checkout works fine but could use minor improvements.,Mobile App,Shipping Delay,0.443,1,2026-08-14 00:19:34
11187,675,"Customer support resolved my login problem in one message, amazing team.",Mobile App,UI Ergonomics,0.2386,1,2026-08-26 10:11:34
11188,926,The dashboard redesign makes everything so much smooth.,Mobile App,Product Quality,0.1683,1,2026-09-11 22:18:34
11189,605,"Not terrible, but the notifications still logged me out sometimes after the fix.",Web Review,Billing Defect,0.4594,1,2026-08-26 00:09:34
11190,342,"The dashboard update looks great but it crashed once for me, mixed feelings.",Call Center Note,Billing Defect,0.5804,0,2026-08-26 11:45:34
11191,512,"App keeps crashing during upload step, this is unacceptable!",Mobile App,Product Quality,0.7495,0,2026-09-06 12:36:34
11192,525,"App keeps crashing during checkout step, this is unacceptable!",Email Support,Shipping Delay,0.8145,0,2026-08-27 22:52:34
11193,727,"Fast shipping and nice packaging, will order again.",Mobile App,UI Ergonomics,0.1669,1,2026-08-27 02:23:34
11194,224,"Fast shipping and eco-friendly packaging, will order again.",Email Support,Product Quality,0.2546,1,2026-08-18 04:38:34
11195,982,"App keeps crashing during checkout step, this is unacceptable!",Web Review,App Crash,0.6986,0,2026-08-21 06:18:34
11196,365,"Your order deleted all my data without warning, I need this fixed NOW.",Mobile App,Billing Defect,0.9769,0,2026-08-15 16:50:34
11197,488,Love the new checkout flow update! Very fast.,Email Support,General Praise,0.2064,1,2026-08-21 06:28:34
11198,871,The search redesign makes everything so much smooth.,Call Center Note,UI Ergonomics,0.0379,1,2026-09-11 12:05:34
11199,429,"The search update looks great but it loaded slowly for me, mixed feelings.",Web Review,App Crash,0.5984,0,2026-08-17 16:41:34
11200,348,"Decent experience overall, app was okay.",Twitter,General Praise,0.4383,1,2026-08-17 01:37:34
11201,579,"The search bar is completely broken since the last update, losing customers.",Web Review,App Crash,0.7244,0,2026-09-04 17:03:34
11202,420,"System latency is terrible after the new release, nothing works.",Email Support,General Praise,0.9166,0,2026-09-03 04:19:34
11203,563,The design redesign makes everything so much intuitive.,Call Center Note,Product Quality,0.0656,1,2026-08-22 18:10:34
11204,990,"Customer support resolved my billing issue in under an hour, amazing team.",Call Center Note,General Praise,0.1269,1,2026-08-18 03:53:34
11205,291,"Double charged on my PayPal account for order, fix this immediately!",Email Support,Billing Defect,0.7342,0,2026-09-04 04:35:34
11206,186,"Fast shipping and eco-friendly packaging, will order again.",Email Support,UI Ergonomics,0.0797,1,2026-08-23 04:02:34
11207,379,"It does what it says, nothing special about the support chat.",Email Support,Billing Defect,0.477,1,2026-08-15 18:05:34
11208,708,Really impressed with how easy the onboarding experience is now.,Email Support,Product Quality,0.0882,1,2026-09-10 03:54:34
11209,324,"Not terrible, but the checkout still lags a bit sometimes after the fix.",Mobile App,Billing Defect,0.5939,0,2026-08-15 03:23:34
11210,735,"Customer support resolved my billing issue in one message, amazing team.",Web Review,UI Ergonomics,0.0303,1,2026-08-31 09:33:34
11211,455,"Major outage across the platform, unable to check out for hours.",Email Support,General Praise,0.722,0,2026-09-09 15:44:34
11212,737,The app works fine but could use minor improvements.,Web Review,General Praise,0.3963,1,2026-08-27 09:54:34
11213,291,Really impressed with how intuitive the onboarding experience is now.,Email Support,UI Ergonomics,0.0945,1,2026-08-19 23:20:34
11214,370,Really impressed with how easy the checkout experience is now.,Mobile App,App Crash,0.1002,1,2026-08-13 23:02:34
11215,583,"Fast shipping and secure packaging, will order again.",Mobile App,Billing Defect,0.0003,1,2026-08-14 07:24:34
11216,250,"Great excellent product, highly recommended to everyone!",Mobile App,Billing Defect,0.1576,1,2026-08-27 09:07:34
11217,658,"Great reliable product, highly recommended to everyone!",Email Support,General Praise,0.1472,1,2026-09-04 15:47:34
11218,441,"Decent experience overall, app was okay.",Call Center Note,General Praise,0.5569,1,2026-09-09 15:07:34
11219,245,"Mostly happy with the service, just wish the checkout didn't crashed once.",Email Support,UI Ergonomics,0.6569,0,2026-08-14 22:10:34
11220,298,"It does what it says, nothing special about the support chat.",Web Review,General Praise,0.4399,1,2026-08-18 10:18:34
11221,457,Really impressed with how easy the mobile app experience is now.,Email Support,UI Ergonomics,0.0525,1,2026-09-09 07:55:34
11222,954,"Mostly happy with the app, just wish the notifications didn't crashed once.",Call Center Note,Billing Defect,0.5739,0,2026-09-02 05:52:34
11223,801,The checkout flow redesign makes everything so much fast.,Twitter,UI Ergonomics,0.9669,0,2026-08-20 08:30:34
11224,598,"Great well-built product, highly recommended to everyone!",Email Support,Billing Defect,0.1674,1,2026-08-26 22:20:34
11225,154,"App keeps crashing during payment step, this is unacceptable!",Web Review,Shipping Delay,0.7491,0,2026-08-13 17:58:34
11226,904,"The checkout update looks great but it logged me out for me, mixed feelings.",Call Center Note,General Praise,0.4413,1,2026-09-08 00:54:34
11227,542,The checkout works fine but could use minor improvements.,Call Center Note,Billing Defect,0.3857,1,2026-08-26 18:03:34
11228,495,"Decent experience overall, checkout was okay.",Web Review,UI Ergonomics,0.4122,1,2026-08-17 23:36:34
11229,795,"Great well-built product, highly recommended to everyone!",Email Support,Product Quality,0.0932,1,2026-08-19 20:26:34
11230,412,"Customer support resolved my login problem in 5 minutes, amazing team.",Mobile App,Shipping Delay,0.1249,1,2026-09-08 07:21:34
11231,953,"Fast shipping and secure packaging, will order again.",Web Review,Billing Defect,0.055,1,2026-08-19 19:48:34
11232,579,Really impressed with how fast the mobile app experience is now.,Email Support,UI Ergonomics,0.2805,1,2026-09-03 18:00:34
11233,885,"Not terrible, but the dashboard still lags a bit sometimes after the fix.",Web Review,Billing Defect,0.3262,1,2026-08-19 21:58:34
11234,735,"Great excellent product, highly recommended to everyone!",Call Center Note,Product Quality,0.1741,1,2026-08-26 20:49:34
11235,926,"Been on hold for 45 minutes trying to reach a human, this is ridiculous.",Call Center Note,UI Ergonomics,0.209,1,2026-08-15 23:46:34
11236,941,"Major outage across the platform, unable to reach support for hours.",Email Support,Product Quality,0.6875,0,2026-09-04 10:18:34
11237,675,Love the new design update! Very smooth.,Web Review,App Crash,0.2105,1,2026-08-23 16:35:34
11238,106,Really impressed with how intuitive the checkout experience is now.,Web Review,Product Quality,0.1885,1,2026-08-22 15:38:34
11239,199,"App keeps crashing during payment step, this is unacceptable!",Twitter,App Crash,0.8613,0,2026-08-18 05:34:34
11240,595,"Not terrible, but the dashboard still lags a bit sometimes after the fix.",Twitter,App Crash,0.6778,0,2026-09-07 09:34:34
11241,542,"It does what it says, nothing special about the support chat.",Twitter,General Praise,0.5648,1,2026-08-14 12:04:34
11242,659,"It does what it says, nothing special about the website.",Twitter,UI Ergonomics,0.3927,1,2026-09-04 09:12:34
11243,783,"It does what it says, nothing special about the app.",Email Support,UI Ergonomics,0.5898,1,2026-08-31 01:50:34
11244,390,Love the new search update! Very easy.,Web Review,Billing Defect,0.244,1,2026-09-08 04:41:34
11245,242,"Mostly happy with the app, just wish the checkout didn't loaded slowly.",Web Review,General Praise,0.6724,0,2026-09-03 09:03:34
11246,315,The checkout works fine but could use minor improvements.,Email Support,General Praise,0.4752,1,2026-09-06 09:55:34
11247,447,"The search update looks great but it crashed once for me, mixed feelings.",Web Review,General Praise,0.5056,0,2026-08-19 21:22:34
11248,959,"It does what it says, nothing special about the checkout.",Web Review,UI Ergonomics,0.5809,1,2026-09-03 23:41:34
11249,638,"Customer support resolved my shipping question in one message, amazing team.",Email Support,App Crash,0.2782,1,2026-08-28 06:23:34
11250,850,The checkout flow redesign makes everything so much easy.,Twitter,App Crash,0.9797,0,2026-08-17 21:51:34
11251,890,"Fast shipping and secure packaging, will order again.",Twitter,Billing Defect,0.1429,1,2026-08-21 10:28:34
11252,356,"Fast shipping and eco-friendly packaging, will order again.",Mobile App,Billing Defect,0.2767,1,2026-08-16 20:01:34
11253,236,"Mostly happy with the service, just wish the checkout didn't crashed once.",Call Center Note,Product Quality,0.4323,1,2026-08-22 14:34:34
11254,859,"Decent experience overall, support chat was okay.",Twitter,UI Ergonomics,0.5197,1,2026-09-06 13:42:34
11255,198,"Customer support resolved my billing issue in one message, amazing team.",Twitter,Billing Defect,0.0073,1,2026-08-19 21:56:34
11256,448,"Great reliable product, highly recommended to everyone!",Twitter,General Praise,0.1705,1,2026-09-11 17:54:34
11257,465,"Customer support resolved my billing issue in one message, amazing team.",Call Center Note,Product Quality,0.2483,1,2026-08-19 19:00:34
11258,682,"Fast shipping and eco-friendly packaging, will order again.",Mobile App,App Crash,0.1876,1,2026-09-06 01:23:34
11259,438,The support chat works fine but could use minor improvements.,Mobile App,App Crash,0.4076,1,2026-08-26 17:03:34
11260,992,"Great reliable product, highly recommended to everyone!",Twitter,Shipping Delay,0.211,1,2026-08-16 22:05:34
11261,158,"Customer support resolved my shipping question in one message, amazing team.",Call Center Note,General Praise,0.15,1,2026-08-18 13:31:34
11262,367,"Great well-built product, highly recommended to everyone!",Twitter,Shipping Delay,0.009,1,2026-08-16 05:17:34
11263,677,"Your order deleted all my data without warning, I need this fixed NOW.",Call Center Note,General Praise,0.7325,0,2026-08-15 03:02:34
11264,182,The support chat works fine but could use minor improvements.,Call Center Note,UI Ergonomics,0.4995,1,2026-08-19 09:49:34
11265,765,The app works fine but could use minor improvements.,Email Support,UI Ergonomics,0.3589,1,2026-09-04 06:04:34
11266,900,The app works fine but could use minor improvements.,Twitter,Product Quality,0.4172,0,2026-09-10 04:39:34
11267,486,Really impressed with how smooth the mobile app experience is now.,Twitter,UI Ergonomics,0.1447,1,2026-09-01 22:37:34
11268,476,Love the new search update! Very smooth.,Email Support,App Crash,0.2691,1,2026-08-29 03:12:34
11269,522,"The search update looks great but it crashed once for me, mixed feelings.",Call Center Note,Product Quality,0.5724,0,2026-08-15 14:25:34
11270,284,Love the new dashboard update! Very smooth.,Email Support,Billing Defect,0.023,1,2026-08-27 19:31:34
11271,507,"It does what it says, nothing special about the website.",Web Review,General Praise,0.5995,1,2026-08-19 02:05:34
11272,465,Love the new checkout flow update! Very intuitive.,Twitter,UI Ergonomics,0.1485,1,2026-08-27 07:03:34
11273,814,The checkout flow redesign makes everything so much intuitive.,Call Center Note,Product Quality,0.1581,1,2026-08-18 06:25:34
11274,180,"Been on hold for two hours trying to reach a human, this is ridiculous.",Twitter,App Crash,0.9827,0,2026-09-06 05:28:34
11275,906,"It does what it says, nothing special about the website.",Twitter,Billing Defect,0.3807,1,2026-08-24 05:12:34
11276,376,Really impressed with how easy the onboarding experience is now.,Email Support,Product Quality,0.0064,1,2026-08-31 00:02:34
11277,607,The app works fine but could use minor improvements.,Mobile App,UI Ergonomics,0.4198,1,2026-08-31 00:34:34
11278,776,"Support was polite about my login problem, though it took a while to get resolved.",Email Support,Billing Defect,0.598,0,2026-09-07 03:55:34
11279,875,Love the new checkout flow update! Very fast.,Mobile App,Shipping Delay,0.2431,1,2026-09-10 19:17:34
11280,794,"Not terrible, but the checkout still lags a bit sometimes after the fix.",Email Support,Product Quality,0.566,0,2026-09-03 14:41:34
11281,235,"Mostly happy with the service, just wish the search didn't loaded slowly.",Mobile App,Shipping Delay,0.6237,0,2026-08-26 00:07:34
11282,139,"System latency is terrible after the new release, nothing works.",Call Center Note,Shipping Delay,0.7535,0,2026-08-29 23:29:34
11283,428,"Decent experience overall, app was okay.",Email Support,App Crash,0.3811,1,2026-09-02 17:10:34
11284,753,"Not terrible, but the checkout still loaded slowly sometimes after the fix.",Call Center Note,App Crash,0.4111,1,2026-09-01 02:43:34
11285,364,"Double charged on my debit card for account, fix this immediately!",Email Support,Shipping Delay,0.9837,0,2026-09-05 01:00:34
11286,338,Package arrived damaged and support is completely ignoring my emails.,Mobile App,General Praise,0.9549,0,2026-08-15 06:28:34
11287,834,"It does what it says, nothing special about the support chat.",Twitter,Billing Defect,0.495,1,2026-08-25 07:22:34
11288,179,Love the new checkout flow update! Very smooth.,Call Center Note,UI Ergonomics,0.1802,1,2026-08-18 16:02:34
11289,797,"Customer support resolved my billing issue in under an hour, amazing team.",Web Review,Billing Defect,0.1711,1,2026-09-11 17:31:34
11290,517,"Mostly happy with the service, just wish the search didn't lags a bit.",Email Support,UI Ergonomics,0.5821,0,2026-08-26 21:36:34
11291,705,"Customer support resolved my login problem in 5 minutes, amazing team.",Mobile App,Billing Defect,0.0873,1,2026-09-10 05:38:34
11292,696,"Decent experience overall, checkout was okay.",Mobile App,General Praise,0.585,1,2026-08-20 08:20:34
11293,745,"The checkout update looks great but it crashed once for me, mixed feelings.",Call Center Note,General Praise,0.5696,0,2026-09-01 13:04:34
11294,424,Love the new design update! Very easy.,Email Support,App Crash,0.1978,1,2026-09-08 16:44:34
11295,470,The checkout works fine but could use minor improvements.,Twitter,UI Ergonomics,0.4108,1,2026-08-27 20:16:34
11296,470,Love the new dashboard update! Very easy.,Mobile App,Shipping Delay,0.2198,1,2026-09-08 00:35:34
11297,905,"Great well-built product, highly recommended to everyone!",Web Review,App Crash,0.1452,1,2026-09-08 10:17:34
11298,698,"Customer support resolved my shipping question in 5 minutes, amazing team.",Twitter,Product Quality,0.2329,1,2026-08-25 08:42:34
11299,617,"Great reliable product, highly recommended to everyone!",Twitter,Product Quality,0.0354,1,2026-09-05 00:12:34
11300,369,"Customer support resolved my billing issue in under an hour, amazing team.",Call Center Note,General Praise,0.0047,1,2026-09-03 21:37:34
11301,174,"Customer support resolved my billing issue in under an hour, amazing team.",Twitter,Product Quality,0.0072,1,2026-09-06 14:33:34
11302,347,"Fast shipping and eco-friendly packaging, will order again.",Email Support,Billing Defect,0.0382,1,2026-08-28 20:18:34
11303,839,"Great well-built product, highly recommended to everyone!",Mobile App,Billing Defect,0.1826,1,2026-08-29 16:07:34
11304,396,"Fast shipping and secure packaging, will order again.",Web Review,General Praise,0.1349,1,2026-08-19 15:26:34
11305,478,Really impressed with how smooth the onboarding experience is now.,Web Review,UI Ergonomics,0.2687,1,2026-08-28 02:25:34
11306,630,"Mostly happy with the service, just wish the checkout didn't crashed once.",Call Center Note,Product Quality,0.548,0,2026-09-05 15:32:34
11307,282,"Fast shipping and eco-friendly packaging, will order again.",Twitter,Billing Defect,0.0968,1,2026-08-23 02:32:34
11308,380,"Mostly happy with the service, just wish the notifications didn't lags a bit.",Web Review,UI Ergonomics,0.4854,1,2026-08-23 16:41:34
11309,337,"Great reliable product, highly recommended to everyone!",Email Support,App Crash,0.2966,1,2026-08-17 21:14:34
11310,652,"It does what it says, nothing special about the website.",Call Center Note,App Crash,0.3568,1,2026-08-13 19:41:34
11311,536,"The notifications update looks great but it crashed once for me, mixed feelings.",Web Review,Product Quality,0.4846,1,2026-08-19 06:14:34
11312,222,"Great excellent product, highly recommended to everyone!",Web Review,UI Ergonomics,0.2149,1,2026-09-04 23:10:34
11313,462,The checkout works fine but could use minor improvements.,Mobile App,General Praise,0.5329,1,2026-08-23 15:22:34
11314,745,"Great excellent product, highly recommended to everyone!",Call Center Note,General Praise,0.1521,1,2026-08-16 21:20:34
11315,913,"Great excellent product, highly recommended to everyone!",Call Center Note,Shipping Delay,0.13,1,2026-08-22 04:22:34
11316,700,Really impressed with how smooth the mobile app experience is now.,Web Review,App Crash,0.1882,1,2026-08-22 10:08:34
11317,389,The support chat works fine but could use minor improvements.,Twitter,App Crash,0.5535,1,2026-09-11 09:45:34
11318,725,The dashboard redesign makes everything so much smooth.,Twitter,General Praise,0.1303,1,2026-08-21 14:57:34
11319,753,"Major outage across the platform, unable to reach support for hours.",Email Support,UI Ergonomics,0.7831,0,2026-09-06 15:49:34
11320,601,"Customer support resolved my login problem in 5 minutes, amazing team.",Web Review,Product Quality,0.2625,1,2026-08-29 18:29:34
11321,873,"Great excellent product, highly recommended to everyone!",Email Support,UI Ergonomics,0.0657,1,2026-09-02 20:50:34
11322,426,"It does what it says, nothing special about the support chat.",Mobile App,Shipping Delay,0.379,1,2026-08-31 15:14:34
11323,129,"Fast shipping and eco-friendly packaging, will order again.",Email Support,Shipping Delay,0.1803,1,2026-09-05 14:43:34
11324,791,"Decent experience overall, app was okay.",Email Support,UI Ergonomics,0.4906,1,2026-08-31 07:54:34
11325,597,"Fast shipping and eco-friendly packaging, will order again.",Twitter,Shipping Delay,0.0782,1,2026-09-11 11:23:34
11326,270,"Great reliable product, highly recommended to everyone!",Call Center Note,App Crash,0.1229,1,2026-09-10 23:23:34
11327,839,"Your subscription deleted all my data without warning, I need this fixed NOW.",Mobile App,UI Ergonomics,0.1383,1,2026-08-17 14:59:34
11328,770,"Great reliable product, highly recommended to everyone!",Mobile App,Product Quality,0.2301,1,2026-08-23 02:17:34
11329,920,"Support was polite about my shipping question, though it took a while to hear back.",Twitter,Shipping Delay,0.6579,0,2026-08-28 14:30:34
11330,613,"Support was polite about my refund request, though it took a while to get resolved.",Web Review,UI Ergonomics,0.6265,0,2026-08-15 10:36:34
11331,353,"Decent experience overall, app was okay.",Mobile App,Shipping Delay,0.4075,1,2026-08-19 03:28:34
11332,997,"Fast shipping and secure packaging, will order again.",Email Support,Billing Defect,0.1202,1,2026-08-17 00:00:34
11333,719,"Been on hold for 45 minutes trying to reach a human, this is ridiculous.",Twitter,Billing Defect,0.6552,0,2026-09-09 06:52:34
11334,861,"Customer support resolved my shipping question in under an hour, amazing team.",Mobile App,Shipping Delay,0.2354,1,2026-08-25 23:45:34
11335,327,"The notifications update looks great but it loaded slowly for me, mixed feelings.",Web Review,Product Quality,0.513,0,2026-08-26 04:40:34
11336,881,"Support was helpful about my refund request, though it took a while to hear back.",Call Center Note,General Praise,0.6183,0,2026-08-18 10:42:34
11337,211,"The dashboard update looks great but it crashed once for me, mixed feelings.",Email Support,Shipping Delay,0.5341,0,2026-08-20 01:27:34
11338,707,Love the new design update! Very intuitive.,Twitter,Billing Defect,0.0623,1,2026-08-19 22:47:34
11339,418,"Not terrible, but the search still lags a bit sometimes after the fix.",Email Support,App Crash,0.6302,0,2026-08-15 04:17:34
11340,314,"It does what it says, nothing special about the support chat.",Call Center Note,UI Ergonomics,0.5679,1,2026-09-07 08:20:34
11341,857,"Support was helpful about my login problem, though it took a while to get a straight answer.",Mobile App,Billing Defect,0.5449,0,2026-09-01 21:23:34
11342,866,"Fast shipping and nice packaging, will order again.",Mobile App,App Crash,0.2271,1,2026-08-22 11:59:34
11343,637,"The checkout update looks great but it loaded slowly for me, mixed feelings.",Web Review,App Crash,0.5486,0,2026-09-07 09:58:34
11344,792,"The notifications update looks great but it lags a bit for me, mixed feelings.",Email Support,Product Quality,0.5306,0,2026-08-28 04:32:34
11345,635,"Great well-built product, highly recommended to everyone!",Twitter,Product Quality,0.1951,1,2026-08-30 09:55:34
11346,864,"Great reliable product, highly recommended to everyone!",Twitter,App Crash,0.1389,1,2026-09-06 09:10:34
11347,581,"Fast shipping and nice packaging, will order again.",Mobile App,Billing Defect,0.0953,1,2026-08-27 17:01:34
11348,162,"Customer support resolved my shipping question in 5 minutes, amazing team.",Call Center Note,UI Ergonomics,0.1613,1,2026-09-09 13:43:34
11349,297,"Decent experience overall, website was okay.",Email Support,Shipping Delay,0.5638,0,2026-09-01 21:54:34
11350,360,"Great reliable product, highly recommended to everyone!",Call Center Note,Product Quality,0.1874,1,2026-09-11 17:12:34
11351,369,Love the new dashboard update! Very smooth.,Call Center Note,Billing Defect,0.2192,1,2026-08-19 06:48:34
11352,719,The search redesign makes everything so much fast.,Email Support,General Praise,0.1727,1,2026-09-10 13:07:34
11353,321,"Fast shipping and nice packaging, will order again.",Mobile App,Product Quality,0.0504,1,2026-08-20 04:25:34
11354,153,"The search bar is completely broken since the last update, losing customers.",Twitter,Product Quality,0.7632,0,2026-09-02 12:40:34
11355,673,"Not terrible, but the notifications still logged me out sometimes after the fix.",Web Review,UI Ergonomics,0.5501,0,2026-08-31 01:31:34
11356,180,"Great reliable product, highly recommended to everyone!",Call Center Note,App Crash,0.2516,1,2026-08-21 01:51:34
11357,552,"Great well-built product, highly recommended to everyone!",Web Review,General Praise,0.0429,1,2026-08-24 22:04:34
11358,975,The search redesign makes everything so much fast.,Web Review,General Praise,0.0534,1,2026-08-29 06:19:34
11359,295,"Customer support resolved my shipping question in one message, amazing team.",Web Review,Shipping Delay,0.2629,1,2026-08-21 15:56:34
11360,700,Love the new dashboard update! Very easy.,Email Support,Shipping Delay,0.1083,1,2026-08-17 19:12:34
11361,134,"Great well-built product, highly recommended to everyone!",Email Support,General Praise,0.2765,1,2026-09-04 07:19:34
11362,582,"Mostly happy with the subscription, just wish the notifications didn't lags a bit.",Call Center Note,General Praise,0.647,0,2026-09-03 04:49:34
11363,830,"Not terrible, but the checkout still lags a bit sometimes after the fix.",Twitter,General Praise,0.5109,0,2026-08-21 13:38:34
11364,554,"Customer support resolved my billing issue in under an hour, amazing team.",Mobile App,Shipping Delay,0.2502,1,2026-08-17 22:53:34
11365,440,"Great excellent product, highly recommended to everyone!",Email Support,General Praise,0.1965,1,2026-08-21 05:14:34
11366,957,The checkout flow redesign makes everything so much smooth.,Mobile App,Billing Defect,0.2822,1,2026-08-22 07:09:34
11367,382,The dashboard redesign makes everything so much fast.,Call Center Note,App Crash,0.0252,1,2026-09-05 12:31:34
11368,577,"The notifications update looks great but it logged me out for me, mixed feelings.",Call Center Note,General Praise,0.5682,0,2026-08-17 10:27:34
11369,847,"Fast shipping and nice packaging, will order again.",Mobile App,App Crash,0.0349,1,2026-08-27 23:12:34
11370,183,Love the new dashboard update! Very smooth.,Twitter,Shipping Delay,0.0653,1,2026-09-11 17:59:34
11371,822,"Customer support resolved my shipping question in one message, amazing team.",Email Support,App Crash,0.0398,1,2026-08-26 05:07:34
11372,304,"Your invoice deleted all my data without warning, I need this fixed NOW.",Twitter,Shipping Delay,0.7291,0,2026-08-25 07:42:34
11373,457,"Great excellent product, highly recommended to everyone!",Call Center Note,UI Ergonomics,0.147,1,2026-09-11 05:39:34
11374,315,"Customer support resolved my billing issue in one message, amazing team.",Web Review,Shipping Delay,0.1157,1,2026-09-11 22:01:34
11375,664,"Great excellent product, highly recommended to everyone!",Email Support,Billing Defect,0.1027,1,2026-09-05 21:02:34
11376,218,"Great excellent product, highly recommended to everyone!",Call Center Note,General Praise,0.1403,1,2026-09-11 05:45:34
11377,486,The support chat works fine but could use minor improvements.,Call Center Note,Billing Defect,0.4967,1,2026-08-28 04:31:34
11378,444,Really impressed with how fast the onboarding experience is now.,Mobile App,App Crash,0.0476,1,2026-08-29 19:27:34
11379,731,"Decent experience overall, website was okay.",Web Review,Product Quality,0.538,1,2026-09-08 17:31:34
11380,482,Really impressed with how easy the checkout experience is now.,Call Center Note,Shipping Delay,0.2502,1,2026-09-04 11:29:34
11381,881,"Great excellent product, highly recommended to everyone!",Call Center Note,Billing Defect,0.2912,1,2026-09-01 16:14:34
11382,711,"Mostly happy with the app, just wish the dashboard didn't lags a bit.",Call Center Note,App Crash,0.5537,0,2026-09-08 08:48:34
11383,192,"Customer support resolved my shipping question in under an hour, amazing team.",Email Support,App Crash,0.2366,1,2026-08-29 06:27:34
11384,408,"Support was helpful about my refund request, though it took a while to get a straight answer.",Email Support,Billing Defect,0.4442,1,2026-08-21 22:02:34
11385,801,The support chat works fine but could use minor improvements.,Call Center Note,Shipping Delay,0.3725,1,2026-08-13 17:49:34
11386,583,"Mostly happy with the subscription, just wish the checkout didn't loaded slowly.",Web Review,UI Ergonomics,0.606,0,2026-08-24 13:33:34
11387,509,Love the new search update! Very intuitive.,Email Support,Shipping Delay,0.0955,1,2026-09-01 20:11:34
11388,700,The design redesign makes everything so much fast.,Mobile App,App Crash,0.1465,1,2026-09-10 05:05:34
11389,101,The checkout works fine but could use minor improvements.,Call Center Note,Product Quality,0.4406,1,2026-08-31 15:20:34
11390,409,Really impressed with how intuitive the onboarding experience is now.,Web Review,Billing Defect,0.15,1,2026-08-28 23:20:34
11391,592,"Support was helpful about my refund request, though it took a while to hear back.",Mobile App,Shipping Delay,0.4933,1,2026-09-01 17:03:34
11392,802,"Decent experience overall, app was okay.",Mobile App,General Praise,0.4662,1,2026-08-31 22:12:34
11393,802,Love the new dashboard update! Very fast.,Web Review,Billing Defect,0.0386,1,2026-09-04 15:24:34
11394,364,Really impressed with how easy the checkout experience is now.,Mobile App,Product Quality,0.2314,1,2026-09-03 00:13:34
11395,473,"Fast shipping and secure packaging, will order again.",Mobile App,App Crash,0.1005,1,2026-09-01 19:36:34
11396,824,"Fast shipping and secure packaging, will order again.",Call Center Note,Shipping Delay,0.976,0,2026-08-22 12:15:34
11397,224,The search redesign makes everything so much easy.,Web Review,UI Ergonomics,0.0146,1,2026-08-30 05:23:34
11398,885,"Your account deleted all my data without warning, I need this fixed NOW.",Mobile App,Product Quality,0.799,0,2026-08-25 16:18:34
11399,751,"Decent experience overall, support chat was okay.",Mobile App,Product Quality,0.3544,1,2026-08-18 14:24:34
11400,229,"The dashboard update looks great but it crashed once for me, mixed feelings.",Twitter,General Praise,0.4526,1,2026-09-04 23:23:34
11401,954,"Mostly happy with the subscription, just wish the notifications didn't loaded slowly.",Call Center Note,Product Quality,0.5852,0,2026-09-03 09:07:34
11402,841,"Your account deleted all my data without warning, I need this fixed NOW.",Mobile App,UI Ergonomics,0.6634,0,2026-09-05 20:20:34
11403,864,Love the new checkout flow update! Very fast.,Email Support,General Praise,0.8732,0,2026-09-12 05:33:34
11404,410,Love the new search update! Very smooth.,Call Center Note,Product Quality,0.2381,1,2026-09-07 01:19:34
11405,878,"Customer support resolved my shipping question in 5 minutes, amazing team.",Web Review,Shipping Delay,0.1123,1,2026-08-21 23:15:34
11406,794,"It does what it says, nothing special about the app.",Email Support,Shipping Delay,0.5012,1,2026-08-13 17:56:34
11407,909,"The dashboard update looks great but it crashed once for me, mixed feelings.",Email Support,Billing Defect,0.4824,1,2026-08-23 14:09:34
11408,845,"It does what it says, nothing special about the checkout.",Call Center Note,UI Ergonomics,0.4053,1,2026-09-09 06:34:34
11409,454,"Mostly happy with the subscription, just wish the dashboard didn't loaded slowly.",Web Review,App Crash,0.4038,1,2026-09-03 12:59:34
11410,499,"Fast shipping and nice packaging, will order again.",Email Support,UI Ergonomics,0.1597,1,2026-08-14 23:39:34
11411,312,The design redesign makes everything so much easy.,Call Center Note,Shipping Delay,0.1684,1,2026-08-27 08:30:34
11412,739,"Decent experience overall, support chat was okay.",Call Center Note,App Crash,0.4814,0,2026-09-10 22:16:34
11413,861,"Not terrible, but the dashboard still lags a bit sometimes after the fix.",Web Review,App Crash,0.6254,0,2026-08-30 14:19:34
11414,505,"Customer support resolved my login problem in one message, amazing team.",Twitter,App Crash,0.2846,1,2026-08-18 13:15:34
11415,460,"Customer support resolved my billing issue in one message, amazing team.",Twitter,UI Ergonomics,0.2937,1,2026-09-09 18:57:34
11416,748,"Decent experience overall, app was okay.",Email Support,Product Quality,0.5161,1,2026-09-06 21:27:34
11417,560,"Customer support resolved my login problem in under an hour, amazing team.",Twitter,App Crash,0.227,1,2026-08-31 17:22:34
11418,799,"It does what it says, nothing special about the checkout.",Mobile App,UI Ergonomics,0.5407,1,2026-09-08 22:06:34
11419,329,"Fast shipping and eco-friendly packaging, will order again.",Twitter,Product Quality,0.9433,0,2026-09-10 17:32:34
11420,682,Love the new search update! Very smooth.,Web Review,General Praise,0.0975,1,2026-08-17 15:46:34
11421,477,Love the new search update! Very intuitive.,Twitter,App Crash,0.2551,1,2026-09-04 00:09:34
11422,311,"Customer support resolved my login problem in 5 minutes, amazing team.",Call Center Note,UI Ergonomics,0.0879,1,2026-09-03 09:58:34
11423,572,"It does what it says, nothing special about the support chat.",Call Center Note,General Praise,0.5974,1,2026-08-18 13:49:34
11424,171,"Great excellent product, highly recommended to everyone!",Mobile App,General Praise,0.0735,1,2026-08-14 23:43:34
11425,172,"Fast shipping and secure packaging, will order again.",Web Review,Shipping Delay,0.2987,1,2026-09-06 23:20:34
11426,399,"App keeps crashing during upload step, this is unacceptable!",Web Review,General Praise,0.8183,0,2026-08-15 08:00:34
11427,876,"Not terrible, but the dashboard still lags a bit sometimes after the fix.",Call Center Note,Billing Defect,0.4311,1,2026-08-21 04:57:34
11428,757,"Mostly happy with the service, just wish the search didn't crashed once.",Mobile App,UI Ergonomics,0.463,1,2026-09-04 21:20:34
11429,906,"Great reliable product, highly recommended to everyone!",Web Review,General Praise,0.0886,1,2026-08-25 06:08:34
11430,326,The design redesign makes everything so much intuitive.,Email Support,Product Quality,0.0444,1,2026-08-30 00:36:34
11431,586,"Great well-built product, highly recommended to everyone!",Web Review,General Praise,0.0475,1,2026-08-26 22:30:34
11432,493,"It does what it says, nothing special about the website.",Email Support,General Praise,0.3866,1,2026-08-23 21:21:34
11433,365,"System latency is terrible after the new release, nothing works.",Email Support,General Praise,0.756,0,2026-09-05 15:56:34
11434,452,The search redesign makes everything so much easy.,Twitter,Product Quality,0.1855,1,2026-09-05 07:44:34
11435,273,"Decent experience overall, support chat was okay.",Call Center Note,UI Ergonomics,0.5664,1,2026-08-21 11:59:34
11436,329,"Not terrible, but the checkout still lags a bit sometimes after the fix.",Twitter,Shipping Delay,0.5027,0,2026-09-10 05:12:34
11437,753,Love the new dashboard update! Very fast.,Mobile App,General Praise,0.1496,1,2026-09-06 08:53:34
11438,201,Really impressed with how intuitive the checkout experience is now.,Email Support,Product Quality,0.1993,1,2026-08-16 13:48:34
11439,680,"It does what it says, nothing special about the app.",Call Center Note,App Crash,0.5926,1,2026-08-24 15:41:34
11440,350,"It does what it says, nothing special about the website.",Twitter,General Praise,0.5224,1,2026-09-03 06:33:34
11441,294,"It does what it says, nothing special about the checkout.",Mobile App,App Crash,0.488,1,2026-09-06 07:11:34
11442,588,The website works fine but could use minor improvements.,Web Review,Billing Defect,0.411,1,2026-09-06 22:53:34
11443,185,Love the new checkout flow update! Very smooth.,Web Review,App Crash,0.0589,1,2026-08-18 01:30:34
11444,540,"Customer support resolved my shipping question in under an hour, amazing team.",Mobile App,General Praise,0.91,0,2026-09-02 15:53:34
11445,100,"Customer support resolved my shipping question in one message, amazing team.",Email Support,UI Ergonomics,0.1843,1,2026-09-09 21:15:34
11446,390,"It does what it says, nothing special about the website.",Email Support,Shipping Delay,0.4322,1,2026-09-06 17:42:34
11447,874,"Decent experience overall, checkout was okay.",Twitter,UI Ergonomics,0.5065,1,2026-08-13 19:32:34
11448,878,"It does what it says, nothing special about the support chat.",Web Review,General Praise,0.4739,1,2026-08-27 09:09:34
11449,287,"The export tool is completely broken since the last update, losing customers.",Twitter,Billing Defect,0.8733,0,2026-08-24 01:36:34
11450,205,"It does what it says, nothing special about the checkout.",Email Support,Product Quality,0.43,1,2026-08-23 02:06:34
11451,275,"Customer support resolved my login problem in 5 minutes, amazing team.",Twitter,Product Quality,0.0576,1,2026-08-20 16:02:34
11452,898,"It does what it says, nothing special about the support chat.",Email Support,App Crash,0.5134,1,2026-08-25 11:31:34
11453,863,"Mostly happy with the service, just wish the notifications didn't crashed once.",Email Support,UI Ergonomics,0.5001,0,2026-08-27 12:51:34
11454,518,"Not terrible, but the dashboard still lags a bit sometimes after the fix.",Email Support,General Praise,0.6287,0,2026-08-19 21:15:34
11455,777,"Great excellent product, highly recommended to everyone!",Email Support,Shipping Delay,0.2456,1,2026-08-30 12:21:34
11456,304,"Been on hold for an hour trying to reach a human, this is ridiculous.",Twitter,Product Quality,0.764,0,2026-09-05 09:45:34
11457,838,"Mostly happy with the app, just wish the checkout didn't lags a bit.",Call Center Note,UI Ergonomics,0.4481,1,2026-08-15 14:39:34
11458,355,"Fast shipping and secure packaging, will order again.",Email Support,Product Quality,0.2879,1,2026-09-09 04:36:34
11459,391,"The checkout update looks great but it logged me out for me, mixed feelings.",Mobile App,UI Ergonomics,0.4828,1,2026-08-19 15:05:34
11460,703,Love the new checkout flow update! Very easy.,Email Support,Product Quality,0.2473,1,2026-08-22 14:51:34
11461,776,"Fast shipping and nice packaging, will order again.",Email Support,Product Quality,0.0984,1,2026-09-06 16:26:34
11462,904,Really impressed with how smooth the onboarding experience is now.,Email Support,Shipping Delay,0.2316,1,2026-09-02 19:23:34
11463,441,"Customer support resolved my billing issue in under an hour, amazing team.",Twitter,General Praise,0.1405,1,2026-08-25 07:20:34
11464,537,"It does what it says, nothing special about the app.",Web Review,UI Ergonomics,0.3851,1,2026-08-15 16:52:34
11465,616,Love the new checkout flow update! Very smooth.,Email Support,Product Quality,0.1697,1,2026-09-04 21:49:34
11466,671,"Decent experience overall, app was okay.",Mobile App,Product Quality,0.5336,1,2026-08-20 17:14:34
11467,541,Love the new search update! Very intuitive.,Email Support,UI Ergonomics,0.2256,1,2026-09-03 01:20:34
11468,689,Really impressed with how intuitive the mobile app experience is now.,Email Support,UI Ergonomics,0.0991,1,2026-09-06 12:49:34
11469,738,Really impressed with how easy the onboarding experience is now.,Web Review,Billing Defect,0.1204,1,2026-08-13 21:44:34
11470,790,"Decent experience overall, website was okay.",Email Support,Product Quality,0.4147,1,2026-09-03 08:24:34
11471,690,"Customer support resolved my shipping question in under an hour, amazing team.",Twitter,App Crash,0.268,1,2026-08-20 06:22:34
11472,964,The app works fine but could use minor improvements.,Mobile App,App Crash,0.3566,1,2026-09-07 02:19:34
11473,773,The checkout works fine but could use minor improvements.,Twitter,App Crash,0.5676,1,2026-08-27 07:17:34
11474,463,"Decent experience overall, website was okay.",Mobile App,App Crash,0.5841,1,2026-09-02 12:37:34
11475,857,"Been on hold for 45 minutes trying to reach a human, this is ridiculous.",Twitter,UI Ergonomics,0.8054,0,2026-08-15 18:10:34
11476,227,"Not terrible, but the search still crashed once sometimes after the fix.",Mobile App,App Crash,0.6313,0,2026-09-05 13:52:34
11477,600,Really impressed with how smooth the onboarding experience is now.,Call Center Note,Shipping Delay,0.227,1,2026-08-27 22:32:34
11478,567,"Support was polite about my shipping question, though it took a while to hear back.",Mobile App,Billing Defect,0.5434,0,2026-08-30 19:30:34
11479,956,"Fast shipping and nice packaging, will order again.",Mobile App,UI Ergonomics,0.1064,1,2026-09-12 04:34:34
11480,996,"It does what it says, nothing special about the app.",Web Review,Billing Defect,0.5126,1,2026-08-26 00:28:34
11481,678,"Great excellent product, highly recommended to everyone!",Mobile App,App Crash,0.0422,1,2026-09-06 02:53:34
11482,921,"It does what it says, nothing special about the support chat.",Twitter,General Praise,0.5406,1,2026-08-26 20:32:34
11483,255,"Not terrible, but the search still loaded slowly sometimes after the fix.",Twitter,Shipping Delay,0.4517,1,2026-08-18 11:54:34
11484,961,Love the new search update! Very intuitive.,Email Support,Product Quality,0.0918,1,2026-08-28 03:06:34
11485,852,"App keeps crashing during login step, this is unacceptable!",Twitter,UI Ergonomics,0.66,0,2026-08-15 15:12:34
11486,328,The dashboard redesign makes everything so much intuitive.,Mobile App,UI Ergonomics,0.03,1,2026-08-16 12:51:34
11487,649,"The dashboard is completely broken since the last update, losing customers.",Web Review,App Crash,0.9942,0,2026-09-09 23:20:34
11488,231,Love the new checkout flow update! Very easy.,Email Support,General Praise,0.1408,1,2026-09-07 02:13:34
11489,300,"The dashboard update looks great but it loaded slowly for me, mixed feelings.",Twitter,App Crash,0.6246,0,2026-09-05 22:38:34
11490,834,Package arrived damaged and support is completely ignoring my emails.,Web Review,Shipping Delay,0.8807,0,2026-09-10 12:10:34
11491,436,"System latency is terrible after the server migration, nothing works.",Web Review,General Praise,0.7146,0,2026-09-09 09:42:34
11492,248,The checkout flow redesign makes everything so much intuitive.,Call Center Note,General Praise,0.0984,1,2026-08-15 01:47:34
11493,286,"Fast shipping and secure packaging, will order again.",Mobile App,App Crash,0.0144,1,2026-09-11 09:36:34
11494,592,"System latency is terrible after the latest update, nothing works.",Web Review,Shipping Delay,0.2111,1,2026-08-22 01:29:34
11495,369,The search redesign makes everything so much easy.,Call Center Note,UI Ergonomics,0.2978,1,2026-08-18 21:06:34
11496,449,Really impressed with how fast the checkout experience is now.,Web Review,Product Quality,0.299,1,2026-09-03 06:50:34
11497,536,Really impressed with how fast the mobile app experience is now.,Mobile App,Product Quality,0.0789,1,2026-08-19 06:17:34
11498,229,"The search bar is completely broken since the last update, losing customers.",Email Support,Shipping Delay,0.6921,0,2026-09-03 02:44:34
11499,623,"The search update looks great but it loaded slowly for me, mixed feelings.",Twitter,App Crash,0.646,0,2026-08-23 14:44:34
11500,255,"Customer support resolved my shipping question in one message, amazing team.",Call Center Note,Product Quality,0.1062,1,2026-09-06 09:54:34
11501,270,"Your subscription deleted all my data without warning, I need this fixed NOW.",Email Support,App Crash,0.8928,0,2026-08-18 01:47:34
11502,724,Really impressed with how intuitive the mobile app experience is now.,Web Review,App Crash,0.0456,1,2026-08-26 04:31:34
11503,531,"Been on hold for an hour trying to reach a human, this is ridiculous.",Web Review,UI Ergonomics,0.7864,0,2026-08-28 04:02:34
11504,784,"Major outage across the platform, unable to log in for hours.",Email Support,App Crash,0.6762,0,2026-09-10 10:06:34
11505,264,Love the new design update! Very easy.,Twitter,UI Ergonomics,0.0421,1,2026-08-20 18:34:34
11506,172,"Fast shipping and secure packaging, will order again.",Twitter,Shipping Delay,0.058,1,2026-08-19 21:48:34
11507,878,Love the new dashboard update! Very intuitive.,Email Support,Billing Defect,0.133,1,2026-09-11 11:55:34
11508,582,"Major outage across the platform, unable to reach support for hours.",Twitter,General Praise,0.6859,0,2026-09-02 11:07:34
11509,872,The support chat works fine but could use minor improvements.,Email Support,Shipping Delay,0.3884,1,2026-08-15 09:10:34
11510,808,"Mostly happy with the service, just wish the checkout didn't loaded slowly.",Web Review,Shipping Delay,0.5755,0,2026-08-23 17:46:34
11511,956,Love the new checkout flow update! Very intuitive.,Web Review,UI Ergonomics,0.2608,1,2026-08-16 02:17:34
11512,755,"Great well-built product, highly recommended to everyone!",Call Center Note,Shipping Delay,0.2197,1,2026-09-01 14:46:34
11513,925,"Great reliable product, highly recommended to everyone!",Web Review,App Crash,0.0249,1,2026-09-09 04:14:34
11514,599,"Not terrible, but the notifications still lags a bit sometimes after the fix.",Call Center Note,Product Quality,0.6992,0,2026-09-08 06:13:34
11515,200,"Not terrible, but the checkout still lags a bit sometimes after the fix.",Call Center Note,Billing Defect,0.5771,0,2026-08-18 20:43:34
11516,531,"Customer support resolved my login problem in one message, amazing team.",Web Review,General Praise,0.2018,1,2026-08-15 07:57:34
11517,508,"Decent experience overall, support chat was okay.",Web Review,General Praise,0.4933,1,2026-08-14 16:25:34
11518,399,The app works fine but could use minor improvements.,Web Review,Billing Defect,0.5076,1,2026-09-03 07:10:34
11519,354,"Great reliable product, highly recommended to everyone!",Email Support,UI Ergonomics,0.2455,1,2026-08-15 16:37:34
11520,671,"It does what it says, nothing special about the checkout.",Call Center Note,General Praise,0.5422,1,2026-08-28 03:59:34
11521,441,"Great excellent product, highly recommended to everyone!",Email Support,Product Quality,0.2534,1,2026-09-07 00:18:34
11522,754,"Customer support resolved my login problem in under an hour, amazing team.",Web Review,Shipping Delay,0.0304,1,2026-09-10 19:35:34
11523,445,"Support was helpful about my refund request, though it took a while to hear back.",Web Review,Shipping Delay,0.6568,0,2026-08-20 18:19:34
11524,618,"Great excellent product, highly recommended to everyone!",Call Center Note,Shipping Delay,0.0334,1,2026-09-07 23:59:34
11525,192,"Fast shipping and secure packaging, will order again.",Call Center Note,General Praise,0.2087,1,2026-08-31 22:23:34
11526,494,"Customer support resolved my shipping question in under an hour, amazing team.",Mobile App,General Praise,0.1598,1,2026-08-26 21:26:34
11527,661,Love the new checkout flow update! Very intuitive.,Twitter,General Praise,0.1328,1,2026-08-25 23:27:34
11528,331,"System latency is terrible after the new release, nothing works.",Web Review,General Praise,0.9941,0,2026-08-23 08:18:34
11529,594,"Major outage across the platform, unable to log in for hours.",Web Review,UI Ergonomics,0.9876,0,2026-09-07 20:04:34
11530,509,The dashboard redesign makes everything so much easy.,Call Center Note,UI Ergonomics,0.0558,1,2026-08-25 10:02:34
11531,340,"Great reliable product, highly recommended to everyone!",Email Support,Product Quality,0.1294,1,2026-08-29 18:26:34
11532,352,Package arrived empty and support is completely ignoring my emails.,Call Center Note,Product Quality,0.951,0,2026-08-19 09:03:34
11533,333,"The export tool is completely broken since the last update, losing customers.",Email Support,General Praise,0.6867,0,2026-09-11 20:53:34
11534,733,"Customer support resolved my login problem in under an hour, amazing team.",Web Review,UI Ergonomics,0.1723,1,2026-09-09 10:00:34
11535,455,"Support was polite about my shipping question, though it took a while to hear back.",Web Review,General Praise,0.5677,0,2026-08-20 05:56:34
11536,358,"Your order deleted all my data without warning, I need this fixed NOW.",Mobile App,General Praise,0.9842,0,2026-09-09 17:18:34
11537,790,"Support was helpful about my refund request, though it took a while to get a straight answer.",Email Support,Shipping Delay,0.5356,0,2026-08-24 02:26:34
11538,700,The search redesign makes everything so much intuitive.,Email Support,Billing Defect,0.2299,1,2026-09-10 06:15:34
11539,165,"Your order deleted all my data without warning, I need this fixed NOW.",Call Center Note,UI Ergonomics,0.9211,0,2026-08-20 20:29:34
11540,606,"Customer support resolved my shipping question in 5 minutes, amazing team.",Mobile App,Shipping Delay,0.7493,0,2026-08-17 13:44:34
11541,924,"Been on hold for two hours trying to reach a human, this is ridiculous.",Web Review,UI Ergonomics,0.8953,0,2026-09-04 02:35:34
11542,824,"Your subscription deleted all my data without warning, I need this fixed NOW.",Web Review,Shipping Delay,0.6836,0,2026-09-05 06:12:34
11543,762,"Major outage across the platform, unable to check out for hours.",Mobile App,Shipping Delay,0.7202,0,2026-09-03 01:49:34
11544,670,The checkout flow redesign makes everything so much smooth.,Mobile App,General Praise,0.2638,1,2026-08-30 11:59:34
11545,128,"App keeps crashing during checkout step, this is unacceptable!",Call Center Note,Product Quality,0.6516,0,2026-08-30 13:50:34
11546,323,"Customer support resolved my billing issue in one message, amazing team.",Email Support,Billing Defect,0.1863,1,2026-08-20 13:21:34
11547,281,The dashboard redesign makes everything so much easy.,Call Center Note,App Crash,0.2119,1,2026-09-02 18:35:34
11548,398,"App keeps crashing during checkout step, this is unacceptable!",Mobile App,Shipping Delay,0.9325,0,2026-08-21 17:28:34
11549,727,"Customer support resolved my billing issue in under an hour, amazing team.",Email Support,UI Ergonomics,0.0579,1,2026-09-12 11:39:34
11550,167,"Fast shipping and eco-friendly packaging, will order again.",Email Support,App Crash,0.2832,1,2026-08-30 03:51:34
11551,160,"The notifications is completely broken since the last update, losing customers.",Web Review,General Praise,0.9279,0,2026-09-09 10:05:34
11552,819,"Double charged on my PayPal account for account, fix this immediately!",Call Center Note,Product Quality,0.9692,0,2026-08-31 10:58:34
11553,302,Really impressed with how intuitive the checkout experience is now.,Email Support,General Praise,0.0961,1,2026-09-01 22:04:34
11554,674,"Not terrible, but the checkout still loaded slowly sometimes after the fix.",Web Review,Product Quality,0.4072,1,2026-08-31 05:05:34
11555,191,"Decent experience overall, app was okay.",Email Support,Product Quality,0.4819,1,2026-09-08 12:24:34
11556,410,Really impressed with how fast the mobile app experience is now.,Web Review,App Crash,0.9856,0,2026-08-29 12:38:34
11557,145,Love the new search update! Very intuitive.,Twitter,Billing Defect,0.1526,1,2026-09-03 07:50:34
11558,311,"Customer support resolved my shipping question in under an hour, amazing team.",Call Center Note,General Praise,0.0219,1,2026-09-10 09:59:34
11559,397,"Been on hold for 45 minutes trying to reach a human, this is ridiculous.",Mobile App,App Crash,0.9651,0,2026-08-28 13:41:34
11560,145,"Fast shipping and nice packaging, will order again.",Twitter,App Crash,0.1115,1,2026-09-09 18:24:34
11561,684,"It does what it says, nothing special about the checkout.",Email Support,App Crash,0.5705,1,2026-09-12 06:02:34
11562,523,"Great reliable product, highly recommended to everyone!",Web Review,Shipping Delay,0.2071,1,2026-08-22 03:23:34
11563,504,"Fast shipping and eco-friendly packaging, will order again.",Mobile App,General Praise,0.18,1,2026-09-02 22:59:34
11564,910,"System latency is terrible after the latest update, nothing works.",Web Review,Billing Defect,0.8732,0,2026-08-21 20:41:34
11565,811,"Customer support resolved my shipping question in under an hour, amazing team.",Web Review,Shipping Delay,0.2866,1,2026-09-06 22:09:34
11566,942,"It does what it says, nothing special about the checkout.",Twitter,Billing Defect,0.3771,1,2026-09-07 18:21:34
11567,211,"Customer support resolved my billing issue in one message, amazing team.",Mobile App,App Crash,0.2987,1,2026-08-15 05:57:34
11568,730,"Customer support resolved my billing issue in one message, amazing team.",Email Support,UI Ergonomics,0.2419,1,2026-08-20 00:20:34
11569,114,"The search update looks great but it crashed once for me, mixed feelings.",Twitter,Shipping Delay,0.6175,0,2026-08-24 22:21:34
11570,500,"Great reliable product, highly recommended to everyone!",Web Review,App Crash,0.0602,1,2026-08-26 19:08:34
11571,549,"Customer support resolved my billing issue in one message, amazing team.",Mobile App,UI Ergonomics,0.0583,1,2026-08-16 16:12:34
11572,158,The checkout flow redesign makes everything so much intuitive.,Mobile App,General Praise,0.043,1,2026-08-16 11:33:34
11573,206,"The search update looks great but it logged me out for me, mixed feelings.",Twitter,Billing Defect,0.5111,0,2026-08-30 20:48:34
11574,329,"App keeps crashing during upload step, this is unacceptable!",Mobile App,Product Quality,0.919,0,2026-09-07 08:20:34
11575,560,"The dashboard is completely broken since the last update, losing customers.",Twitter,General Praise,0.7489,0,2026-09-04 20:14:34
11576,256,"Great well-built product, highly recommended to everyone!",Web Review,Product Quality,0.1365,1,2026-08-29 21:46:34
11577,363,"Decent experience overall, website was okay.",Twitter,Shipping Delay,0.5908,1,2026-08-14 11:17:34
11578,972,"Mostly happy with the service, just wish the search didn't lags a bit.",Twitter,UI Ergonomics,0.5231,0,2026-08-19 04:58:34
11579,527,"Great excellent product, highly recommended to everyone!",Web Review,General Praise,0.2826,1,2026-09-03 02:27:34
11580,236,"Not terrible, but the dashboard still logged me out sometimes after the fix.",Call Center Note,App Crash,0.5013,0,2026-08-24 17:07:34
11581,902,The website works fine but could use minor improvements.,Call Center Note,Shipping Delay,0.587,1,2026-09-03 14:32:34
11582,244,"Fast shipping and eco-friendly packaging, will order again.",Web Review,Billing Defect,0.1932,1,2026-09-07 05:19:34
11583,445,"Great well-built product, highly recommended to everyone!",Call Center Note,App Crash,0.1236,1,2026-08-31 00:09:34
11584,311,"Fast shipping and nice packaging, will order again.",Web Review,Product Quality,0.717,0,2026-08-21 08:39:34
11585,920,"It does what it says, nothing special about the website.",Twitter,App Crash,0.5103,1,2026-09-01 05:39:34
11586,725,The website works fine but could use minor improvements.,Call Center Note,Product Quality,0.5407,1,2026-09-11 02:27:34
11587,982,Really impressed with how smooth the onboarding experience is now.,Mobile App,Shipping Delay,0.9743,0,2026-08-17 14:39:34
11588,414,"Decent experience overall, website was okay.",Mobile App,Shipping Delay,0.5359,1,2026-09-10 21:09:34
11589,410,The search redesign makes everything so much easy.,Mobile App,Product Quality,0.1016,1,2026-08-20 18:58:34
11590,519,"Customer support resolved my billing issue in under an hour, amazing team.",Twitter,Product Quality,0.0355,1,2026-09-07 15:41:34
11591,216,Really impressed with how fast the mobile app experience is now.,Twitter,UI Ergonomics,0.2544,1,2026-08-17 22:26:34
11592,120,"Customer support resolved my login problem in under an hour, amazing team.",Call Center Note,General Praise,0.1138,1,2026-08-30 00:14:34
11593,787,The dashboard redesign makes everything so much easy.,Call Center Note,Shipping Delay,0.2682,1,2026-08-28 23:32:34
11594,793,"Great excellent product, highly recommended to everyone!",Web Review,App Crash,0.0532,1,2026-08-18 13:37:34
11595,905,Really impressed with how intuitive the mobile app experience is now.,Mobile App,Shipping Delay,0.0962,1,2026-09-09 22:50:34
11596,273,"Fast shipping and nice packaging, will order again.",Email Support,Shipping Delay,0.1866,1,2026-08-22 06:09:34
11597,764,The design redesign makes everything so much easy.,Twitter,General Praise,0.0956,1,2026-08-27 11:20:34
11598,877,"Decent experience overall, checkout was okay.",Web Review,General Praise,0.3601,1,2026-08-17 04:03:34
11599,110,The website works fine but could use minor improvements.,Call Center Note,Billing Defect,0.568,1,2026-08-27 07:03:34
11600,813,"Not terrible, but the dashboard still loaded slowly sometimes after the fix.",Web Review,Shipping Delay,0.4108,1,2026-08-30 05:03:34
11601,454,"Fast shipping and eco-friendly packaging, will order again.",Email Support,Product Quality,0.2122,1,2026-08-22 07:07:34
11602,426,"Mostly happy with the subscription, just wish the checkout didn't loaded slowly.",Call Center Note,Billing Defect,0.4254,1,2026-08-14 13:32:34
11603,685,Love the new dashboard update! Very smooth.,Twitter,Billing Defect,0.0531,1,2026-08-16 22:47:34
11604,259,"App keeps crashing during login step, this is unacceptable!",Call Center Note,General Praise,0.9546,0,2026-09-03 11:41:34
11605,821,"Great well-built product, highly recommended to everyone!",Twitter,App Crash,0.0317,1,2026-08-17 05:03:34
11606,338,"It does what it says, nothing special about the app.",Twitter,Billing Defect,0.351,1,2026-08-17 03:09:34
11607,290,"Support was helpful about my refund request, though it took a while to get a straight answer.",Web Review,Shipping Delay,0.6964,0,2026-09-09 10:49:34
11608,302,Love the new search update! Very intuitive.,Email Support,App Crash,0.1523,1,2026-09-07 04:25:34
11609,291,"Customer support resolved my shipping question in 5 minutes, amazing team.",Email Support,App Crash,0.2109,1,2026-08-20 21:49:34
11610,853,"Mostly happy with the app, just wish the dashboard didn't logged me out.",Twitter,Product Quality,0.528,0,2026-08-13 20:02:34
11611,164,Really impressed with how fast the checkout experience is now.,Web Review,Shipping Delay,0.2263,1,2026-08-16 06:23:34
11612,556,"Fast shipping and nice packaging, will order again.",Mobile App,General Praise,0.2022,1,2026-08-17 12:47:34
11613,426,"Decent experience overall, app was okay.",Web Review,Shipping Delay,0.4923,1,2026-09-04 09:11:34
11614,701,"Mostly happy with the subscription, just wish the dashboard didn't logged me out.",Twitter,Billing Defect,0.6997,0,2026-08-29 13:52:34
11615,563,"Not terrible, but the notifications still loaded slowly sometimes after the fix.",Twitter,App Crash,0.5391,0,2026-08-31 01:33:34
11616,252,"The search update looks great but it logged me out for me, mixed feelings.",Web Review,Shipping Delay,0.5144,0,2026-08-14 03:39:34
11617,583,"Support was polite about my shipping question, though it took a while to get resolved.",Twitter,Shipping Delay,0.5349,0,2026-08-28 20:51:34
11618,974,"Decent experience overall, support chat was okay.",Call Center Note,Shipping Delay,0.3896,1,2026-08-23 21:10:34
11619,263,"It does what it says, nothing special about the support chat.",Web Review,General Praise,0.4582,1,2026-08-16 05:41:34
11620,244,"The checkout update looks great but it logged me out for me, mixed feelings.",Twitter,Product Quality,0.6118,0,2026-09-05 00:14:34
11621,262,"Fast shipping and eco-friendly packaging, will order again.",Email Support,General Praise,0.0039,1,2026-08-27 15:41:34
11622,388,"Fast shipping and secure packaging, will order again.",Email Support,General Praise,0.0366,1,2026-08-30 12:13:34
11623,557,"Customer support resolved my login problem in one message, amazing team.",Email Support,UI Ergonomics,0.2911,1,2026-08-24 17:14:34
11624,749,"Decent experience overall, website was okay.",Web Review,Shipping Delay,0.5775,1,2026-09-07 18:37:34
11625,900,"Decent experience overall, website was okay.",Call Center Note,App Crash,0.5755,1,2026-09-09 11:57:34
11626,623,"Customer support resolved my login problem in one message, amazing team.",Mobile App,UI Ergonomics,0.8591,0,2026-08-20 06:27:34
11627,845,Love the new search update! Very easy.,Email Support,Billing Defect,0.1808,1,2026-09-02 23:22:34
11628,585,"Support was helpful about my shipping question, though it took a while to get resolved.",Twitter,App Crash,0.5091,0,2026-09-11 07:53:34
11629,427,"Your invoice deleted all my data without warning, I need this fixed NOW.",Web Review,Shipping Delay,0.8467,0,2026-09-10 00:59:34
11630,223,"Customer support resolved my shipping question in 5 minutes, amazing team.",Email Support,General Praise,0.2873,1,2026-08-16 06:34:34
11631,533,"Customer support resolved my shipping question in one message, amazing team.",Mobile App,Shipping Delay,0.0847,1,2026-08-25 09:29:34
11632,531,"Decent experience overall, app was okay.",Mobile App,Shipping Delay,0.3572,1,2026-09-03 16:15:34
11633,554,"Customer support resolved my login problem in one message, amazing team.",Email Support,Billing Defect,0.1146,1,2026-08-25 23:12:34
11634,430,"Support was friendly about my shipping question, though it took a while to hear back.",Mobile App,Billing Defect,0.4854,1,2026-08-15 21:40:34
11635,484,The search redesign makes everything so much fast.,Call Center Note,Billing Defect,0.0425,1,2026-09-11 03:19:34
11636,759,"Mostly happy with the service, just wish the dashboard didn't crashed once.",Email Support,Shipping Delay,0.5839,0,2026-09-08 06:13:34
11637,243,Love the new design update! Very intuitive.,Twitter,Billing Defect,0.149,1,2026-09-06 07:25:34
11638,465,"It does what it says, nothing special about the website.",Email Support,Billing Defect,0.373,1,2026-09-01 07:07:34
11639,526,The support chat works fine but could use minor improvements.,Web Review,General Praise,0.4501,1,2026-08-20 13:42:34
11640,989,Love the new dashboard update! Very easy.,Email Support,App Crash,0.0477,1,2026-08-24 09:45:34
11641,590,"App keeps crashing during checkout step, this is unacceptable!",Mobile App,Billing Defect,0.875,0,2026-08-23 11:37:34
11642,749,"Customer support resolved my billing issue in one message, amazing team.",Web Review,Billing Defect,0.0958,1,2026-09-05 17:44:34
11643,663,"Fast shipping and nice packaging, will order again.",Mobile App,Billing Defect,0.2009,1,2026-08-22 15:00:34
11644,182,"Customer support resolved my billing issue in one message, amazing team.",Call Center Note,Shipping Delay,0.1474,1,2026-09-05 16:32:34
11645,742,"Customer support resolved my login problem in 5 minutes, amazing team.",Call Center Note,Shipping Delay,0.9543,0,2026-08-25 14:34:34
11646,362,The search redesign makes everything so much intuitive.,Email Support,App Crash,0.2504,1,2026-08-28 09:39:34
11647,556,"Fast shipping and nice packaging, will order again.",Call Center Note,General Praise,0.1951,1,2026-09-05 19:26:34
11648,860,"Customer support resolved my billing issue in 5 minutes, amazing team.",Twitter,App Crash,0.0125,1,2026-09-08 11:14:34
11649,937,"Great well-built product, highly recommended to everyone!",Email Support,Shipping Delay,0.2023,1,2026-09-03 14:59:34
11650,322,"System latency is terrible after the new release, nothing works.",Call Center Note,Billing Defect,0.9616,0,2026-08-27 14:54:34
11651,497,Package arrived empty and support is completely ignoring my emails.,Email Support,UI Ergonomics,0.7222,0,2026-08-31 07:13:34
11652,783,"Customer support resolved my login problem in under an hour, amazing team.",Twitter,Billing Defect,0.1682,1,2026-09-10 13:39:34
11653,380,"App keeps crashing during checkout step, this is unacceptable!",Mobile App,Shipping Delay,0.8667,0,2026-09-02 18:32:34
11654,533,"Support was polite about my refund request, though it took a while to hear back.",Email Support,Billing Defect,0.4646,1,2026-08-26 06:13:34
11655,369,"The notifications update looks great but it lags a bit for me, mixed feelings.",Web Review,App Crash,0.6696,0,2026-08-18 23:50:34
11656,842,Really impressed with how smooth the checkout experience is now.,Twitter,UI Ergonomics,0.0524,1,2026-09-08 21:41:34
11657,164,"Great reliable product, highly recommended to everyone!",Twitter,App Crash,0.0068,1,2026-08-16 11:35:34
11658,522,"Not terrible, but the checkout still lags a bit sometimes after the fix.",Twitter,Billing Defect,0.5492,0,2026-09-08 18:23:34
11659,307,Really impressed with how smooth the checkout experience is now.,Email Support,Billing Defect,0.213,1,2026-08-25 21:28:34
11660,765,"Customer support resolved my billing issue in one message, amazing team.",Mobile App,Product Quality,0.8656,0,2026-09-02 07:55:34
11661,393,Really impressed with how easy the onboarding experience is now.,Email Support,Billing Defect,0.2147,1,2026-09-09 17:38:34
11662,664,"Not terrible, but the search still logged me out sometimes after the fix.",Call Center Note,App Crash,0.5976,0,2026-08-28 02:43:34
11663,578,"Great reliable product, highly recommended to everyone!",Email Support,Shipping Delay,0.0522,1,2026-08-20 05:40:34
11664,542,"Fast shipping and secure packaging, will order again.",Mobile App,Product Quality,0.1627,1,2026-08-25 00:58:34
11665,652,"Great reliable product, highly recommended to everyone!",Twitter,Billing Defect,0.1936,1,2026-08-29 03:33:34
11666,862,Really impressed with how intuitive the mobile app experience is now.,Twitter,Product Quality,0.1025,1,2026-08-19 20:48:34
11667,214,"Customer support resolved my shipping question in under an hour, amazing team.",Call Center Note,Product Quality,0.0245,1,2026-08-15 10:16:34
11668,268,The design redesign makes everything so much fast.,Twitter,General Praise,0.2804,1,2026-08-28 18:12:34
11669,690,"Mostly happy with the subscription, just wish the notifications didn't loaded slowly.",Email Support,General Praise,0.5971,0,2026-09-01 02:03:34
11670,871,Love the new dashboard update! Very easy.,Twitter,General Praise,0.0467,1,2026-08-13 13:04:34
11671,413,The design redesign makes everything so much easy.,Twitter,UI Ergonomics,0.0433,1,2026-08-27 07:13:34
11672,223,The design redesign makes everything so much intuitive.,Twitter,App Crash,0.0071,1,2026-08-16 18:20:34
11673,512,"The search bar is completely broken since the last update, losing customers.",Mobile App,General Praise,0.7977,0,2026-09-09 17:06:34
11674,703,"Decent experience overall, checkout was okay.",Web Review,General Praise,0.4021,1,2026-09-10 11:56:34
11675,361,Really impressed with how easy the onboarding experience is now.,Web Review,UI Ergonomics,0.15,1,2026-09-07 01:10:34
11676,801,"Fast shipping and secure packaging, will order again.",Web Review,Billing Defect,0.1761,1,2026-08-30 19:26:34
11677,184,"The search bar is completely broken since the last update, losing customers.",Twitter,General Praise,0.8162,0,2026-09-11 05:57:34
11678,580,"Fast shipping and eco-friendly packaging, will order again.",Mobile App,Shipping Delay,0.2247,1,2026-08-27 14:48:34
11679,800,Really impressed with how easy the onboarding experience is now.,Twitter,Product Quality,0.1841,1,2026-08-14 19:15:34
11680,813,"Fast shipping and nice packaging, will order again.",Call Center Note,UI Ergonomics,0.1506,1,2026-09-06 21:30:34
11681,562,Love the new checkout flow update! Very smooth.,Email Support,App Crash,0.2095,1,2026-08-15 07:54:34
11682,957,"Decent experience overall, support chat was okay.",Mobile App,App Crash,0.3774,1,2026-09-04 11:02:34
11683,287,"The dashboard update looks great but it crashed once for me, mixed feelings.",Twitter,Shipping Delay,0.6317,0,2026-09-09 01:49:34
11684,218,"Customer support resolved my shipping question in under an hour, amazing team.",Mobile App,App Crash,0.2425,1,2026-08-19 20:27:34
11685,540,"App keeps crashing during upload step, this is unacceptable!",Mobile App,General Praise,0.8237,0,2026-09-06 10:02:34
11686,134,"Great well-built product, highly recommended to everyone!",Email Support,UI Ergonomics,0.163,1,2026-09-07 21:07:34
11687,466,Love the new design update! Very smooth.,Web Review,UI Ergonomics,0.0788,1,2026-09-05 14:19:34
11688,780,"Customer support resolved my billing issue in 5 minutes, amazing team.",Twitter,UI Ergonomics,0.0486,1,2026-09-07 08:42:34
11689,673,"Mostly happy with the subscription, just wish the dashboard didn't lags a bit.",Mobile App,App Crash,0.4557,1,2026-08-22 17:32:34
11690,161,Package arrived the wrong item and support is completely ignoring my emails.,Call Center Note,Billing Defect,0.1045,1,2026-08-18 15:34:34
11691,930,"Great well-built product, highly recommended to everyone!",Twitter,Shipping Delay,0.1592,1,2026-08-24 14:34:34
11692,201,"Customer support resolved my billing issue in one message, amazing team.",Twitter,UI Ergonomics,0.1424,1,2026-09-07 16:28:34
11693,248,The design redesign makes everything so much intuitive.,Mobile App,UI Ergonomics,0.2001,1,2026-09-05 21:10:34
11694,740,Love the new dashboard update! Very intuitive.,Email Support,App Crash,0.1881,1,2026-08-25 11:06:34
11695,787,"Not terrible, but the checkout still logged me out sometimes after the fix.",Email Support,UI Ergonomics,0.3658,1,2026-09-02 23:44:34
11696,621,"Customer support resolved my shipping question in 5 minutes, amazing team.",Web Review,General Praise,0.1438,1,2026-09-11 10:22:34
11697,714,"It does what it says, nothing special about the checkout.",Mobile App,UI Ergonomics,0.4743,1,2026-08-16 12:52:34
11698,387,Really impressed with how intuitive the mobile app experience is now.,Web Review,General Praise,0.012,1,2026-08-29 01:24:34
11699,581,"It does what it says, nothing special about the checkout.",Call Center Note,UI Ergonomics,0.5798,1,2026-08-31 02:08:34
11700,450,Really impressed with how intuitive the checkout experience is now.,Call Center Note,Product Quality,0.1011,1,2026-09-10 13:39:34
11701,395,"Great well-built product, highly recommended to everyone!",Call Center Note,Product Quality,0.0805,1,2026-08-23 21:16:34
11702,413,"Decent experience overall, website was okay.",Twitter,Shipping Delay,0.4915,1,2026-09-06 01:51:34
11703,292,"Great reliable product, highly recommended to everyone!",Call Center Note,App Crash,0.1793,1,2026-08-26 22:39:34
11704,309,"It does what it says, nothing special about the checkout.",Web Review,Product Quality,0.5282,1,2026-09-06 04:31:34
11705,908,"It does what it says, nothing special about the checkout.",Email Support,App Crash,0.5096,1,2026-09-11 23:38:34
11706,681,"Great excellent product, highly recommended to everyone!",Web Review,Product Quality,0.1175,1,2026-08-29 01:18:34
11707,502,"Double charged on my debit card for order, fix this immediately!",Mobile App,Billing Defect,0.9883,0,2026-08-22 02:46:34
11708,697,"Great reliable product, highly recommended to everyone!",Email Support,Product Quality,0.1364,1,2026-09-08 08:13:34
11709,587,"Mostly happy with the subscription, just wish the checkout didn't loaded slowly.",Web Review,UI Ergonomics,0.6945,0,2026-08-27 18:27:34
11710,155,Package arrived damaged and support is completely ignoring my emails.,Mobile App,Billing Defect,0.7765,0,2026-08-26 03:21:34
11711,803,"Major outage across the platform, unable to log in for hours.",Web Review,App Crash,0.9244,0,2026-08-15 08:02:34
11712,836,The design redesign makes everything so much smooth.,Email Support,Shipping Delay,0.0334,1,2026-09-02 01:52:34
11713,342,The checkout works fine but could use minor improvements.,Twitter,Billing Defect,0.582,1,2026-09-07 17:12:34
11714,264,"Customer support resolved my billing issue in under an hour, amazing team.",Mobile App,Product Quality,0.0609,1,2026-09-10 11:12:34
11715,516,"Great reliable product, highly recommended to everyone!",Twitter,App Crash,0.0374,1,2026-09-03 10:19:34
11716,415,"Customer support resolved my billing issue in under an hour, amazing team.",Web Review,Product Quality,0.0322,1,2026-09-09 19:28:34
11717,518,"Fast shipping and nice packaging, will order again.",Web Review,UI Ergonomics,0.0697,1,2026-08-20 08:40:34
11718,883,"Fast shipping and secure packaging, will order again.",Email Support,App Crash,0.7748,0,2026-09-04 21:17:34
11719,552,"Mostly happy with the service, just wish the notifications didn't lags a bit.",Call Center Note,App Crash,0.5523,0,2026-08-30 11:47:34
11720,323,"Double charged on my PayPal account for invoice, fix this immediately!",Email Support,Shipping Delay,0.7089,0,2026-08-31 22:53:34
11721,998,"It does what it says, nothing special about the checkout.",Web Review,Billing Defect,0.5746,1,2026-09-08 03:42:34
11722,498,"It does what it says, nothing special about the app.",Call Center Note,Shipping Delay,0.4631,1,2026-08-29 21:06:34
11723,361,"Not terrible, but the dashboard still loaded slowly sometimes after the fix.",Email Support,App Crash,0.6728,0,2026-08-25 18:22:34
11724,629,"Mostly happy with the app, just wish the dashboard didn't crashed once.",Call Center Note,Product Quality,0.4657,1,2026-08-22 10:11:34
11725,824,"Fast shipping and eco-friendly packaging, will order again.",Twitter,Billing Defect,0.0144,1,2026-09-10 12:39:34
11726,252,Love the new checkout flow update! Very smooth.,Email Support,App Crash,0.1576,1,2026-09-02 08:31:34
11727,168,The website works fine but could use minor improvements.,Twitter,Billing Defect,0.4524,1,2026-09-10 18:39:34
11728,271,Package arrived empty and support is completely ignoring my emails.,Twitter,Billing Defect,0.8418,0,2026-08-22 09:49:34
11729,646,Love the new design update! Very smooth.,Mobile App,UI Ergonomics,0.0807,1,2026-09-07 16:55:34
11730,905,Really impressed with how intuitive the onboarding experience is now.,Mobile App,Shipping Delay,0.1601,1,2026-08-21 08:03:34
11731,580,The design redesign makes everything so much smooth.,Twitter,App Crash,0.1181,1,2026-08-24 12:39:34
11732,565,"Great well-built product, highly recommended to everyone!",Twitter,General Praise,0.2349,1,2026-08-18 12:25:34
11733,486,"Customer support resolved my shipping question in one message, amazing team.",Twitter,Billing Defect,0.2264,1,2026-08-26 14:07:34
11734,762,"Not terrible, but the dashboard still loaded slowly sometimes after the fix.",Call Center Note,Shipping Delay,0.6666,0,2026-09-10 01:48:34
11735,615,Really impressed with how easy the checkout experience is now.,Web Review,App Crash,0.157,1,2026-08-15 04:11:34
11736,522,"It does what it says, nothing special about the checkout.",Web Review,UI Ergonomics,0.5605,1,2026-08-27 03:34:34
11737,868,"Mostly happy with the app, just wish the dashboard didn't crashed once.",Twitter,UI Ergonomics,0.4647,1,2026-09-09 09:19:34
11738,245,Really impressed with how intuitive the mobile app experience is now.,Mobile App,App Crash,0.2381,1,2026-09-02 11:57:34
11739,309,"Decent experience overall, support chat was okay.",Web Review,App Crash,0.5282,1,2026-09-01 10:34:34
11740,154,"Customer support resolved my billing issue in one message, amazing team.",Email Support,UI Ergonomics,0.2768,1,2026-08-31 02:38:34
11741,624,"Fast shipping and nice packaging, will order again.",Call Center Note,UI Ergonomics,0.1795,1,2026-08-15 08:40:34
11742,618,"Fast shipping and nice packaging, will order again.",Twitter,Billing Defect,0.1057,1,2026-08-18 03:03:34
11743,633,"Major outage across the platform, unable to log in for hours.",Email Support,Billing Defect,0.6586,0,2026-09-02 22:08:34
11744,629,"Not terrible, but the notifications still logged me out sometimes after the fix.",Call Center Note,Billing Defect,0.4855,1,2026-09-02 11:15:34
11745,846,"Fast shipping and secure packaging, will order again.",Call Center Note,Product Quality,0.0108,1,2026-08-16 13:54:34
11746,839,"Customer support resolved my login problem in under an hour, amazing team.",Email Support,App Crash,0.1982,1,2026-08-19 23:44:34
11747,142,"Customer support resolved my billing issue in one message, amazing team.",Mobile App,Shipping Delay,0.1152,1,2026-08-14 01:38:34
11748,255,"Customer support resolved my login problem in one message, amazing team.",Web Review,Product Quality,0.0581,1,2026-09-08 09:01:34
11749,138,The app works fine but could use minor improvements.,Email Support,General Praise,0.5978,1,2026-09-04 11:36:34
11750,181,"Customer support resolved my login problem in 5 minutes, amazing team.",Web Review,Shipping Delay,0.2774,1,2026-09-10 14:07:34
11751,671,"Great reliable product, highly recommended to everyone!",Call Center Note,General Praise,0.2867,1,2026-08-28 13:31:34
11752,833,"Great well-built product, highly recommended to everyone!",Call Center Note,Product Quality,0.0467,1,2026-08-26 05:07:34
11753,621,"Customer support resolved my billing issue in 5 minutes, amazing team.",Email Support,UI Ergonomics,0.1302,1,2026-08-31 22:28:34
11754,328,"Major outage across the platform, unable to check out for hours.",Twitter,App Crash,0.6873,0,2026-09-03 15:36:34
11755,439,Love the new checkout flow update! Very easy.,Email Support,Billing Defect,0.2228,1,2026-08-24 13:17:34
11756,158,"Decent experience overall, app was okay.",Web Review,UI Ergonomics,0.5437,1,2026-09-02 04:27:34
11757,415,"Decent experience overall, app was okay.",Twitter,UI Ergonomics,0.4334,1,2026-09-04 21:39:34
11758,340,"Fast shipping and secure packaging, will order again.",Email Support,App Crash,0.0642,1,2026-09-10 07:19:34
11759,973,"Great excellent product, highly recommended to everyone!",Mobile App,Billing Defect,0.1794,1,2026-08-17 06:05:34
11760,194,"App keeps crashing during payment step, this is unacceptable!",Twitter,Billing Defect,0.8391,0,2026-08-13 14:41:34
11761,802,"The search update looks great but it logged me out for me, mixed feelings.",Email Support,General Praise,0.6951,0,2026-09-08 13:11:34
11762,696,Package arrived empty and support is completely ignoring my emails.,Mobile App,Billing Defect,0.7655,0,2026-09-10 11:27:34
11763,602,"System latency is terrible after the latest update, nothing works.",Mobile App,Shipping Delay,0.964,0,2026-09-09 12:32:34
11764,166,"It does what it says, nothing special about the app.",Web Review,Product Quality,0.558,1,2026-08-25 08:23:34
11765,390,"It does what it says, nothing special about the app.",Mobile App,UI Ergonomics,0.4741,1,2026-08-28 22:19:34
11766,400,Really impressed with how easy the checkout experience is now.,Web Review,UI Ergonomics,0.1076,1,2026-08-24 05:14:34
11767,252,"Great well-built product, highly recommended to everyone!",Twitter,Billing Defect,0.098,1,2026-08-17 03:12:34
11768,840,"Double charged on my credit card for order, fix this immediately!",Mobile App,Shipping Delay,0.9994,0,2026-08-28 15:50:34
11769,759,The dashboard redesign makes everything so much easy.,Call Center Note,General Praise,0.1306,1,2026-09-09 06:18:34
11770,472,"It does what it says, nothing special about the website.",Twitter,UI Ergonomics,0.5739,1,2026-08-22 05:34:34
11771,498,The app works fine but could use minor improvements.,Twitter,UI Ergonomics,0.5603,1,2026-09-03 14:41:34
11772,935,"Fast shipping and secure packaging, will order again.",Email Support,General Praise,0.2588,1,2026-09-01 17:44:34
11773,356,The dashboard redesign makes everything so much smooth.,Web Review,Billing Defect,0.2608,1,2026-09-04 16:14:34
11774,625,"Great excellent product, highly recommended to everyone!",Call Center Note,UI Ergonomics,0.0126,1,2026-08-26 03:54:34
11775,469,Really impressed with how intuitive the checkout experience is now.,Email Support,Product Quality,0.9885,0,2026-08-30 11:51:34
11776,306,The support chat works fine but could use minor improvements.,Twitter,App Crash,0.5429,1,2026-08-28 15:36:34
11777,704,Really impressed with how fast the mobile app experience is now.,Call Center Note,Product Quality,0.1172,1,2026-08-22 11:13:34
11778,145,"The dashboard update looks great but it logged me out for me, mixed feelings.",Email Support,Shipping Delay,0.5616,0,2026-08-14 07:59:34
11779,723,"The dashboard update looks great but it loaded slowly for me, mixed feelings.",Call Center Note,App Crash,0.6787,0,2026-08-27 20:40:34
11780,139,"Customer support resolved my login problem in under an hour, amazing team.",Twitter,General Praise,0.0901,1,2026-09-08 21:27:34
11781,941,"Decent experience overall, app was okay.",Web Review,App Crash,0.4827,1,2026-08-31 14:01:34
11782,933,"App keeps crashing during checkout step, this is unacceptable!",Call Center Note,UI Ergonomics,0.9308,0,2026-08-14 06:16:34
11783,694,Really impressed with how fast the mobile app experience is now.,Twitter,Product Quality,0.199,1,2026-09-07 15:44:34
11784,843,The website works fine but could use minor improvements.,Email Support,App Crash,0.5814,1,2026-09-07 07:46:34
11785,591,Love the new search update! Very smooth.,Mobile App,Billing Defect,0.0986,1,2026-08-19 10:16:34
11786,525,Really impressed with how fast the onboarding experience is now.,Twitter,UI Ergonomics,0.1972,1,2026-08-22 19:20:34
11787,655,"Great excellent product, highly recommended to everyone!",Call Center Note,General Praise,0.2295,1,2026-08-16 15:20:34
11788,345,Package arrived damaged and support is completely ignoring my emails.,Mobile App,Shipping Delay,0.0514,1,2026-08-21 15:54:34
11789,898,"The export tool is completely broken since the last update, losing customers.",Call Center Note,UI Ergonomics,0.6925,0,2026-09-05 18:19:34
11790,280,"Major outage across the platform, unable to log in for hours.",Web Review,App Crash,0.7747,0,2026-09-07 08:02:34
11791,188,Really impressed with how smooth the mobile app experience is now.,Mobile App,App Crash,0.2413,1,2026-08-20 03:40:34
11792,746,"It does what it says, nothing special about the website.",Email Support,Billing Defect,0.4697,1,2026-08-28 23:59:34
11793,512,"Fast shipping and nice packaging, will order again.",Twitter,App Crash,0.2422,1,2026-08-22 04:06:34
11794,862,"Fast shipping and secure packaging, will order again.",Twitter,General Praise,0.2243,1,2026-09-05 00:24:34
11795,142,"Fast shipping and eco-friendly packaging, will order again.",Mobile App,UI Ergonomics,0.0967,1,2026-08-22 01:51:34
11796,764,"Your order deleted all my data without warning, I need this fixed NOW.",Email Support,UI Ergonomics,0.9957,0,2026-08-13 20:32:34
11797,633,"Fast shipping and nice packaging, will order again.",Call Center Note,Billing Defect,0.0402,1,2026-09-09 12:00:34
11798,905,"The export tool is completely broken since the last update, losing customers.",Email Support,App Crash,0.6919,0,2026-08-27 17:16:34
11799,407,"Fast shipping and eco-friendly packaging, will order again.",Twitter,General Praise,0.0117,1,2026-08-25 06:31:34
11800,643,"Customer support resolved my login problem in under an hour, amazing team.",Email Support,Billing Defect,0.2549,1,2026-09-05 04:40:34
11801,435,"Decent experience overall, support chat was okay.",Twitter,General Praise,0.3557,1,2026-08-17 18:04:34
11802,886,The design redesign makes everything so much fast.,Email Support,Shipping Delay,0.034,1,2026-08-19 03:33:34
11803,961,The app works fine but could use minor improvements.,Call Center Note,Product Quality,0.4079,1,2026-08-17 03:25:34
11804,141,The checkout flow redesign makes everything so much fast.,Email Support,UI Ergonomics,0.0301,1,2026-08-17 17:57:34
11805,702,"Great well-built product, highly recommended to everyone!",Mobile App,Billing Defect,0.0156,1,2026-09-04 05:24:34
11806,705,"Your invoice deleted all my data without warning, I need this fixed NOW.",Call Center Note,App Crash,0.8397,0,2026-08-17 05:59:34
11807,323,The app works fine but could use minor improvements.,Twitter,App Crash,0.4923,0,2026-09-05 17:07:34
11808,690,"Decent experience overall, app was okay.",Twitter,UI Ergonomics,0.5204,1,2026-09-07 10:30:34
11809,944,"Decent experience overall, website was okay.",Call Center Note,Shipping Delay,0.5033,1,2026-08-29 04:26:34
11810,976,"Been on hold for two hours trying to reach a human, this is ridiculous.",Mobile App,General Praise,0.7507,0,2026-09-01 15:24:34
11811,704,"It does what it says, nothing special about the support chat.",Twitter,General Praise,0.3504,1,2026-08-25 00:41:34
11812,828,The dashboard redesign makes everything so much smooth.,Mobile App,App Crash,0.2902,1,2026-08-24 21:28:34
11813,383,Really impressed with how smooth the mobile app experience is now.,Mobile App,Product Quality,0.1184,1,2026-08-13 15:29:34
11814,311,Really impressed with how smooth the mobile app experience is now.,Web Review,App Crash,0.0041,1,2026-08-20 04:57:34
11815,631,Love the new checkout flow update! Very fast.,Email Support,UI Ergonomics,0.2932,1,2026-08-22 16:33:34
11816,978,"Customer support resolved my billing issue in under an hour, amazing team.",Twitter,UI Ergonomics,0.106,1,2026-09-04 18:26:34
11817,262,"Fast shipping and nice packaging, will order again.",Mobile App,Billing Defect,0.0756,1,2026-09-03 09:29:34
11818,386,"Customer support resolved my login problem in 5 minutes, amazing team.",Twitter,UI Ergonomics,0.2644,1,2026-08-14 03:27:34
11819,305,"The dashboard update looks great but it logged me out for me, mixed feelings.",Email Support,UI Ergonomics,0.491,1,2026-08-31 07:03:34
11820,899,"Decent experience overall, website was okay.",Twitter,General Praise,0.4595,1,2026-09-04 15:09:34
11821,201,"Support was polite about my login problem, though it took a while to get a straight answer.",Email Support,General Praise,0.5113,0,2026-09-06 00:33:34
11822,209,Really impressed with how easy the onboarding experience is now.,Twitter,Shipping Delay,0.0189,1,2026-08-24 23:46:34
11823,252,Really impressed with how intuitive the mobile app experience is now.,Mobile App,Shipping Delay,0.1491,1,2026-09-07 17:23:34
11824,838,"Mostly happy with the app, just wish the checkout didn't loaded slowly.",Web Review,Shipping Delay,0.4562,1,2026-08-25 21:26:34
11825,677,Really impressed with how easy the mobile app experience is now.,Email Support,Billing Defect,0.2526,1,2026-08-30 19:23:34
11826,877,"Support was polite about my login problem, though it took a while to get resolved.",Twitter,Product Quality,0.6573,0,2026-08-28 16:36:34
11827,336,"Not terrible, but the checkout still lags a bit sometimes after the fix.",Web Review,Billing Defect,0.431,1,2026-08-22 20:17:34
11828,319,"The checkout update looks great but it loaded slowly for me, mixed feelings.",Twitter,Shipping Delay,0.6155,0,2026-08-17 22:12:34
11829,702,"App keeps crashing during upload step, this is unacceptable!",Web Review,App Crash,0.6921,0,2026-08-17 18:31:34
11830,712,The app works fine but could use minor improvements.,Call Center Note,General Praise,0.3734,1,2026-09-11 03:34:34
11831,773,"Customer support resolved my billing issue in under an hour, amazing team.",Mobile App,UI Ergonomics,0.2067,1,2026-08-23 08:44:34
11832,689,"Great excellent product, highly recommended to everyone!",Email Support,Billing Defect,0.0266,1,2026-09-01 22:55:34
11833,856,"Great reliable product, highly recommended to everyone!",Mobile App,General Praise,0.1669,1,2026-09-08 12:52:34
11834,855,"Major outage across the platform, unable to log in for hours.",Mobile App,General Praise,0.7102,0,2026-08-21 16:21:34
11835,777,The website works fine but could use minor improvements.,Web Review,App Crash,0.3832,1,2026-09-10 16:08:34
11836,879,"Double charged on my PayPal account for subscription, fix this immediately!",Email Support,General Praise,0.7783,0,2026-09-02 04:04:34
11837,483,The website works fine but could use minor improvements.,Mobile App,Product Quality,0.5316,0,2026-08-21 11:40:34
11838,174,"Fast shipping and nice packaging, will order again.",Twitter,UI Ergonomics,0.0254,1,2026-08-18 10:51:34
11839,643,"Support was helpful about my shipping question, though it took a while to get a straight answer.",Call Center Note,Product Quality,0.6141,0,2026-08-28 12:55:34
11840,559,"Customer support resolved my shipping question in one message, amazing team.",Web Review,App Crash,0.1982,1,2026-09-10 07:44:34
11841,851,"Fast shipping and eco-friendly packaging, will order again.",Mobile App,App Crash,0.0947,1,2026-08-31 23:40:34
11842,218,"It does what it says, nothing special about the support chat.",Twitter,Billing Defect,0.5818,1,2026-08-23 23:21:34
11843,829,The design redesign makes everything so much easy.,Twitter,Billing Defect,0.1184,1,2026-09-06 02:09:34
11844,978,The website works fine but could use minor improvements.,Call Center Note,Product Quality,0.4101,1,2026-08-16 21:25:34
11845,365,"It does what it says, nothing special about the app.",Email Support,Shipping Delay,0.4348,1,2026-09-07 11:58:34
11846,310,Package arrived damaged and support is completely ignoring my emails.,Twitter,App Crash,0.7997,0,2026-09-11 11:22:34
11847,749,Package arrived the wrong item and support is completely ignoring my emails.,Call Center Note,Billing Defect,0.8048,0,2026-08-28 03:57:34
11848,893,"Mostly happy with the app, just wish the notifications didn't lags a bit.",Mobile App,General Praise,0.6296,0,2026-08-14 21:33:34
11849,184,Package arrived the wrong item and support is completely ignoring my emails.,Twitter,UI Ergonomics,0.9328,0,2026-08-17 23:44:34
11850,488,"Mostly happy with the subscription, just wish the checkout didn't lags a bit.",Mobile App,Product Quality,0.4449,1,2026-09-11 21:35:34
11851,251,"Decent experience overall, checkout was okay.",Call Center Note,General Praise,0.3898,1,2026-09-08 17:58:34
11852,254,"Great reliable product, highly recommended to everyone!",Twitter,Shipping Delay,0.1567,1,2026-09-05 08:05:34
11853,578,Love the new checkout flow update! Very easy.,Mobile App,Billing Defect,0.1407,1,2026-09-09 18:54:34
11854,190,"Major outage across the platform, unable to log in for hours.",Email Support,General Praise,0.7823,0,2026-09-05 23:54:34
11855,522,The support chat works fine but could use minor improvements.,Twitter,Shipping Delay,0.4444,1,2026-09-05 19:18:34
11856,941,"Decent experience overall, checkout was okay.",Twitter,Product Quality,0.5153,1,2026-08-30 14:22:34
11857,520,The design redesign makes everything so much easy.,Call Center Note,Product Quality,0.0159,1,2026-09-07 22:11:34
11858,148,"Mostly happy with the app, just wish the checkout didn't crashed once.",Mobile App,UI Ergonomics,0.4194,1,2026-08-25 00:33:34
11859,977,Love the new design update! Very fast.,Twitter,Product Quality,0.1877,1,2026-09-04 01:45:34
11860,763,"Support was friendly about my refund request, though it took a while to hear back.",Mobile App,UI Ergonomics,0.6155,0,2026-08-25 16:55:34
11861,794,"It does what it says, nothing special about the app.",Email Support,General Praise,0.3854,1,2026-08-21 07:03:34
11862,529,Really impressed with how fast the checkout experience is now.,Twitter,Shipping Delay,0.9107,0,2026-09-06 13:29:34
11863,941,"The notifications update looks great but it logged me out for me, mixed feelings.",Web Review,Shipping Delay,0.4247,1,2026-09-11 06:19:34
11864,838,"Mostly happy with the app, just wish the notifications didn't logged me out.",Email Support,Shipping Delay,0.456,1,2026-09-07 06:01:34
11865,123,"Great excellent product, highly recommended to everyone!",Mobile App,UI Ergonomics,0.2878,1,2026-08-30 16:29:34
11866,643,"Decent experience overall, checkout was okay.",Call Center Note,Billing Defect,0.4782,1,2026-08-23 19:07:34
11867,282,"Great excellent product, highly recommended to everyone!",Email Support,Shipping Delay,0.1668,1,2026-08-19 15:03:34
11868,973,"The notifications update looks great but it lags a bit for me, mixed feelings.",Email Support,App Crash,0.4869,1,2026-08-22 19:56:34
11869,422,"Customer support resolved my login problem in 5 minutes, amazing team.",Mobile App,UI Ergonomics,0.2486,1,2026-08-23 14:46:34
11870,577,Love the new design update! Very smooth.,Mobile App,Product Quality,0.2134,1,2026-08-15 17:12:34
11871,604,"Customer support resolved my billing issue in one message, amazing team.",Twitter,App Crash,0.0274,1,2026-08-31 22:46:34
11872,185,"Customer support resolved my billing issue in under an hour, amazing team.",Call Center Note,Product Quality,0.2564,1,2026-09-05 02:54:34
11873,978,"Great reliable product, highly recommended to everyone!",Web Review,Product Quality,0.0286,1,2026-09-06 09:16:34
11874,130,Love the new dashboard update! Very intuitive.,Call Center Note,Billing Defect,0.2461,1,2026-08-28 17:52:34
11875,583,Love the new dashboard update! Very smooth.,Web Review,Shipping Delay,0.0733,1,2026-08-26 10:14:34
11876,796,The design redesign makes everything so much easy.,Twitter,UI Ergonomics,0.275,1,2026-08-30 06:16:34
11877,718,"Great excellent product, highly recommended to everyone!",Mobile App,Billing Defect,0.2658,1,2026-09-06 10:54:34
11878,506,The checkout flow redesign makes everything so much smooth.,Call Center Note,UI Ergonomics,0.1618,1,2026-08-29 03:00:34
11879,261,The dashboard redesign makes everything so much easy.,Twitter,Product Quality,0.0584,1,2026-09-09 21:55:34
11880,178,Love the new dashboard update! Very easy.,Mobile App,Shipping Delay,0.0825,1,2026-08-15 04:15:34
11881,865,Really impressed with how fast the onboarding experience is now.,Mobile App,Shipping Delay,0.1559,1,2026-09-11 05:04:34
11882,545,"Your subscription deleted all my data without warning, I need this fixed NOW.",Mobile App,Product Quality,0.8223,0,2026-08-17 21:15:34
11883,143,Package arrived empty and support is completely ignoring my emails.,Twitter,Billing Defect,0.0769,1,2026-09-06 04:40:34
11884,937,"Great reliable product, highly recommended to everyone!",Mobile App,UI Ergonomics,0.1193,1,2026-08-20 12:37:34
11885,323,Love the new checkout flow update! Very intuitive.,Email Support,Shipping Delay,0.03,1,2026-08-29 17:02:34
11886,211,"Been on hold for two hours trying to reach a human, this is ridiculous.",Web Review,General Praise,0.8426,0,2026-09-04 14:27:34
11887,141,"Support was friendly about my refund request, though it took a while to get a straight answer.",Mobile App,App Crash,0.6494,0,2026-08-27 08:28:34
11888,983,Love the new search update! Very intuitive.,Call Center Note,General Praise,0.1028,1,2026-09-06 13:47:34
11889,841,"App keeps crashing during payment step, this is unacceptable!",Mobile App,Billing Defect,0.7318,0,2026-08-18 04:20:34
11890,148,"Fast shipping and secure packaging, will order again.",Call Center Note,Shipping Delay,0.2082,1,2026-09-08 04:57:34
11891,831,Love the new checkout flow update! Very fast.,Web Review,Shipping Delay,0.1722,1,2026-09-09 01:05:34
11892,740,"Fast shipping and secure packaging, will order again.",Web Review,Product Quality,0.2118,1,2026-09-08 13:58:34
11893,863,Really impressed with how fast the mobile app experience is now.,Web Review,Billing Defect,0.1925,1,2026-09-06 06:48:34
11894,682,"It does what it says, nothing special about the checkout.",Twitter,App Crash,0.4948,1,2026-08-28 13:15:34
11895,683,"Great excellent product, highly recommended to everyone!",Call Center Note,App Crash,0.2317,1,2026-08-21 11:41:34
11896,540,Love the new dashboard update! Very intuitive.,Web Review,Product Quality,0.0883,1,2026-09-07 23:55:34
11897,507,Love the new search update! Very smooth.,Mobile App,UI Ergonomics,0.297,1,2026-09-01 12:39:34
11898,841,Love the new search update! Very intuitive.,Twitter,Product Quality,0.2248,1,2026-09-10 03:07:34
11899,632,"It does what it says, nothing special about the checkout.",Twitter,General Praise,0.5125,1,2026-09-08 01:20:34
11900,779,"Great excellent product, highly recommended to everyone!",Mobile App,App Crash,0.2692,1,2026-09-08 06:55:34
11901,250,"Great excellent product, highly recommended to everyone!",Web Review,Product Quality,0.1648,1,2026-08-29 20:14:34
11902,491,"Customer support resolved my login problem in one message, amazing team.",Call Center Note,UI Ergonomics,0.0798,1,2026-08-29 04:56:34
11903,200,"The search update looks great but it lags a bit for me, mixed feelings.",Twitter,App Crash,0.5685,0,2026-09-06 13:41:34
11904,373,"Decent experience overall, app was okay.",Web Review,Product Quality,0.413,1,2026-08-20 07:06:34
11905,130,"Decent experience overall, checkout was okay.",Twitter,UI Ergonomics,0.5065,1,2026-08-23 16:47:34
11906,164,"Been on hold for two hours trying to reach a human, this is ridiculous.",Mobile App,Billing Defect,0.7867,0,2026-08-31 03:19:34
11907,943,Love the new design update! Very intuitive.,Mobile App,Billing Defect,0.2443,1,2026-08-16 12:44:34
11908,978,"The notifications update looks great but it lags a bit for me, mixed feelings.",Email Support,Billing Defect,0.4879,1,2026-09-03 03:21:34
11909,757,"Support was friendly about my shipping question, though it took a while to get resolved.",Web Review,General Praise,0.6616,0,2026-08-20 01:19:34
11910,607,"Your subscription deleted all my data without warning, I need this fixed NOW.",Web Review,UI Ergonomics,0.8731,0,2026-09-09 18:30:34
11911,243,The app works fine but could use minor improvements.,Web Review,UI Ergonomics,0.5286,1,2026-08-19 10:26:34
11912,993,"Great excellent product, highly recommended to everyone!",Web Review,General Praise,0.1666,1,2026-09-10 23:30:34
11913,716,"Fast shipping and nice packaging, will order again.",Mobile App,Shipping Delay,0.2946,1,2026-08-14 13:14:34
11914,235,"Mostly happy with the app, just wish the checkout didn't crashed once.",Email Support,Shipping Delay,0.4608,1,2026-08-21 07:27:34
11915,575,"Decent experience overall, app was okay.",Mobile App,App Crash,0.4668,1,2026-08-20 23:50:34
11916,532,Love the new dashboard update! Very smooth.,Twitter,Product Quality,0.1139,1,2026-08-27 23:29:34
11917,558,"The export tool is completely broken since the last update, losing customers.",Mobile App,General Praise,0.7816,0,2026-09-07 07:54:34
11918,692,"Decent experience overall, app was okay.",Email Support,Billing Defect,0.5315,1,2026-08-19 22:15:34
11919,541,"Great well-built product, highly recommended to everyone!",Email Support,Shipping Delay,0.0129,1,2026-08-15 22:11:34
11920,647,The checkout works fine but could use minor improvements.,Mobile App,App Crash,0.558,1,2026-09-03 14:21:34
11921,176,"Fast shipping and secure packaging, will order again.",Mobile App,App Crash,0.154,1,2026-09-11 14:26:34
11922,631,"The notifications is completely broken since the last update, losing customers.",Web Review,App Crash,0.6858,0,2026-09-08 13:45:34
11923,876,Really impressed with how easy the mobile app experience is now.,Web Review,App Crash,0.206,1,2026-09-07 01:32:34
11924,518,The website works fine but could use minor improvements.,Mobile App,Shipping Delay,0.4859,1,2026-08-23 22:26:34
11925,702,"Fast shipping and secure packaging, will order again.",Call Center Note,General Praise,0.0069,1,2026-09-11 11:48:34
11926,608,"The dashboard update looks great but it loaded slowly for me, mixed feelings.",Twitter,UI Ergonomics,0.61,0,2026-09-06 02:30:34
11927,247,"Customer support resolved my billing issue in under an hour, amazing team.",Mobile App,General Praise,0.2294,1,2026-08-21 07:07:34
11928,502,"It does what it says, nothing special about the checkout.",Email Support,Billing Defect,0.432,1,2026-08-28 18:22:34
11929,253,"Fast shipping and nice packaging, will order again.",Mobile App,Product Quality,0.206,1,2026-09-12 03:48:34
11930,567,"Customer support resolved my billing issue in one message, amazing team.",Call Center Note,Billing Defect,0.0416,1,2026-09-07 21:23:34
11931,395,Really impressed with how fast the onboarding experience is now.,Call Center Note,Billing Defect,0.129,1,2026-08-20 17:21:34
11932,808,"App keeps crashing during login step, this is unacceptable!",Twitter,General Praise,0.9294,0,2026-09-07 04:44:34
11933,853,"Mostly happy with the service, just wish the notifications didn't crashed once.",Call Center Note,Product Quality,0.6647,0,2026-09-07 17:01:34
11934,619,Really impressed with how smooth the checkout experience is now.,Web Review,Billing Defect,0.104,1,2026-09-12 07:40:34
11935,300,"Mostly happy with the subscription, just wish the search didn't crashed once.",Call Center Note,General Praise,0.5205,0,2026-08-22 00:24:34
11936,728,"The export tool is completely broken since the last update, losing customers.",Mobile App,General Praise,0.7832,0,2026-09-11 02:09:34
11937,654,"Fast shipping and eco-friendly packaging, will order again.",Twitter,Product Quality,0.1831,1,2026-09-08 16:01:34
11938,628,The search redesign makes everything so much intuitive.,Call Center Note,App Crash,0.2511,1,2026-09-04 23:53:34
11939,740,Love the new checkout flow update! Very smooth.,Twitter,Shipping Delay,0.1196,1,2026-08-15 21:04:34
11940,802,Love the new checkout flow update! Very easy.,Web Review,Product Quality,0.1143,1,2026-08-15 06:16:34
11941,864,"Double charged on my credit card for account, fix this immediately!",Email Support,Shipping Delay,0.9649,0,2026-08-25 17:29:34
11942,243,"It does what it says, nothing special about the support chat.",Email Support,Product Quality,0.4652,1,2026-08-26 21:43:34
11943,967,The website works fine but could use minor improvements.,Email Support,UI Ergonomics,0.5209,1,2026-08-23 15:06:34
11944,268,"Customer support resolved my shipping question in one message, amazing team.",Email Support,Billing Defect,0.2804,1,2026-08-28 10:32:34
11945,498,"Decent experience overall, support chat was okay.",Twitter,Product Quality,0.3945,1,2026-08-21 08:07:34
11946,478,"Support was friendly about my refund request, though it took a while to hear back.",Mobile App,App Crash,0.5589,0,2026-09-05 11:26:34
11947,601,"Been on hold for an hour trying to reach a human, this is ridiculous.",Call Center Note,Shipping Delay,0.778,0,2026-08-31 02:20:34
11948,891,The checkout flow redesign makes everything so much smooth.,Email Support,Shipping Delay,0.183,1,2026-08-23 17:18:34
11949,624,"Major outage across the platform, unable to reach support for hours.",Call Center Note,Billing Defect,0.8681,0,2026-08-18 16:03:34
11950,821,The search redesign makes everything so much intuitive.,Email Support,Product Quality,0.0141,1,2026-08-24 06:12:34
11951,414,The app works fine but could use minor improvements.,Mobile App,Shipping Delay,0.5596,1,2026-08-26 21:09:34
11952,734,"Mostly happy with the app, just wish the notifications didn't crashed once.",Twitter,UI Ergonomics,0.465,1,2026-09-04 04:10:34
11953,424,The design redesign makes everything so much intuitive.,Mobile App,Billing Defect,0.2396,1,2026-09-10 18:27:34
11954,189,The app works fine but could use minor improvements.,Mobile App,Shipping Delay,0.4209,1,2026-08-21 14:06:34
11955,875,"The dashboard update looks great but it lags a bit for me, mixed feelings.",Web Review,Billing Defect,0.5815,0,2026-08-25 21:09:34
11956,266,"Support was friendly about my shipping question, though it took a while to get a straight answer.",Twitter,Shipping Delay,0.6569,0,2026-09-07 21:15:34
11957,891,"Fast shipping and eco-friendly packaging, will order again.",Call Center Note,Product Quality,0.0175,1,2026-09-01 10:16:34
11958,271,"Fast shipping and secure packaging, will order again.",Twitter,UI Ergonomics,0.1327,1,2026-08-28 21:28:34
11959,532,Really impressed with how fast the mobile app experience is now.,Email Support,Shipping Delay,0.1897,1,2026-09-10 10:41:34
11960,221,"It does what it says, nothing special about the website.",Mobile App,General Praise,0.4261,1,2026-09-02 00:01:34
11961,920,Love the new dashboard update! Very smooth.,Email Support,Shipping Delay,0.2647,1,2026-09-11 14:33:34
11962,758,"It does what it says, nothing special about the website.",Mobile App,Shipping Delay,0.3682,1,2026-08-27 23:04:34
11963,308,"App keeps crashing during login step, this is unacceptable!",Web Review,Product Quality,0.769,0,2026-08-21 19:22:34
11964,731,"Great reliable product, highly recommended to everyone!",Web Review,UI Ergonomics,0.0853,1,2026-09-09 04:57:34
11965,327,Really impressed with how easy the onboarding experience is now.,Web Review,UI Ergonomics,0.1499,1,2026-09-11 12:32:34
11966,232,Really impressed with how fast the mobile app experience is now.,Email Support,Product Quality,0.124,1,2026-08-21 03:35:34
11967,323,"Great excellent product, highly recommended to everyone!",Twitter,General Praise,0.2849,1,2026-09-07 05:54:34
11968,721,Love the new dashboard update! Very intuitive.,Twitter,General Praise,0.2509,1,2026-08-13 20:09:34
11969,192,The design redesign makes everything so much smooth.,Call Center Note,App Crash,0.8869,0,2026-09-01 10:06:34
11970,124,The website works fine but could use minor improvements.,Call Center Note,App Crash,0.5294,1,2026-09-03 23:35:34
11971,591,"The dashboard update looks great but it crashed once for me, mixed feelings.",Web Review,Shipping Delay,0.6361,0,2026-08-25 08:46:34
11972,488,"Great well-built product, highly recommended to everyone!",Twitter,Product Quality,0.1883,1,2026-08-15 00:07:34
11973,785,"It does what it says, nothing special about the app.",Web Review,UI Ergonomics,0.4777,1,2026-09-12 10:46:34
11974,835,Really impressed with how smooth the checkout experience is now.,Web Review,Billing Defect,0.0159,1,2026-09-11 21:23:34
11975,845,"The dashboard update looks great but it crashed once for me, mixed feelings.",Twitter,Product Quality,0.4595,1,2026-09-12 08:17:34
11976,680,"Customer support resolved my billing issue in under an hour, amazing team.",Call Center Note,App Crash,0.0545,1,2026-09-01 06:21:34
11977,755,Love the new search update! Very fast.,Email Support,App Crash,0.1972,1,2026-09-07 16:35:34
11978,350,"Customer support resolved my billing issue in under an hour, amazing team.",Call Center Note,Product Quality,0.196,1,2026-08-22 18:21:34
11979,760,"Decent experience overall, checkout was okay.",Web Review,General Praise,0.4545,1,2026-09-04 23:00:34
11980,440,"Decent experience overall, checkout was okay.",Email Support,Shipping Delay,0.5882,0,2026-09-08 19:19:34
11981,557,"Fast shipping and secure packaging, will order again.",Call Center Note,Product Quality,0.2146,1,2026-09-02 11:41:34
11982,352,Package arrived empty and support is completely ignoring my emails.,Call Center Note,UI Ergonomics,0.6745,0,2026-09-06 12:02:34
11983,434,Really impressed with how smooth the onboarding experience is now.,Twitter,Product Quality,0.1471,1,2026-09-07 22:14:34
11984,870,The dashboard redesign makes everything so much intuitive.,Mobile App,App Crash,0.0448,1,2026-08-30 02:20:34
11985,879,"The search update looks great but it crashed once for me, mixed feelings.",Call Center Note,UI Ergonomics,0.4113,1,2026-09-10 02:57:34
11986,548,Really impressed with how easy the mobile app experience is now.,Email Support,General Praise,0.151,1,2026-08-23 02:25:34
11987,752,Really impressed with how fast the mobile app experience is now.,Call Center Note,UI Ergonomics,0.1543,1,2026-08-16 06:54:34
11988,497,Love the new dashboard update! Very smooth.,Mobile App,Product Quality,0.0834,1,2026-09-08 15:12:34
11989,315,"Decent experience overall, app was okay.",Call Center Note,Billing Defect,0.4367,1,2026-08-14 13:21:34
11990,779,Really impressed with how intuitive the mobile app experience is now.,Mobile App,Billing Defect,0.2825,1,2026-08-27 07:08:34
11991,105,"Decent experience overall, website was okay.",Call Center Note,UI Ergonomics,0.3642,1,2026-09-03 21:53:34
11992,507,"The search bar is completely broken since the last update, losing customers.",Mobile App,General Praise,0.863,0,2026-08-20 09:16:34
11993,817,Love the new dashboard update! Very intuitive.,Web Review,UI Ergonomics,0.0354,1,2026-09-03 18:01:34
11994,191,"Customer support resolved my billing issue in 5 minutes, amazing team.",Mobile App,Billing Defect,0.1818,1,2026-08-30 22:17:34
11995,239,"Support was polite about my refund request, though it took a while to get resolved.",Email Support,General Praise,0.5853,0,2026-09-06 14:23:34
11996,400,"Customer support resolved my billing issue in one message, amazing team.",Call Center Note,App Crash,0.224,1,2026-09-02 03:40:34
11997,781,"Support was friendly about my refund request, though it took a while to get a straight answer.",Email Support,Product Quality,0.4537,1,2026-08-18 05:36:34
11998,908,"Major outage across the platform, unable to log in for hours.",Call Center Note,General Praise,0.6852,0,2026-08-31 11:37:34
11999,237,"Customer support resolved my login problem in 5 minutes, amazing team.",Twitter,Product Quality,0.1729,1,2026-08-26 13:35:34
12000,489,"The search update looks great but it logged me out for me, mixed feelings.",Mobile App,General Praise,0.6984,0,2026-09-12 08:01:34
12001,231,"System latency is terrible after the new release, nothing works.",Call Center Note,UI Ergonomics,0.8834,0,2026-08-14 07:04:34
12002,467,"Customer support resolved my login problem in 5 minutes, amazing team.",Call Center Note,Shipping Delay,0.0426,1,2026-09-07 01:50:34
12003,860,"Mostly happy with the app, just wish the search didn't crashed once.",Twitter,Billing Defect,0.4778,1,2026-08-19 22:15:34
12004,336,Love the new search update! Very smooth.,Call Center Note,UI Ergonomics,0.1085,1,2026-08-26 03:59:34
12005,541,"App keeps crashing during upload step, this is unacceptable!",Web Review,Product Quality,0.9016,0,2026-08-14 12:51:34
12006,450,"Support was polite about my login problem, though it took a while to get a straight answer.",Email Support,Shipping Delay,0.595,0,2026-08-20 17:38:34
12007,133,Really impressed with how smooth the onboarding experience is now.,Twitter,Billing Defect,0.2104,1,2026-08-19 04:36:34
12008,886,"Your invoice deleted all my data without warning, I need this fixed NOW.",Web Review,Shipping Delay,0.9848,0,2026-09-01 18:39:34
12009,793,"Great well-built product, highly recommended to everyone!",Email Support,Shipping Delay,0.0195,1,2026-08-26 11:45:34
12010,929,"Support was polite about my login problem, though it took a while to hear back.",Email Support,UI Ergonomics,0.6525,0,2026-09-02 06:39:34
12011,626,"App keeps crashing during checkout step, this is unacceptable!",Mobile App,Billing Defect,0.9192,0,2026-08-22 22:45:34
12012,382,"Been on hold for two hours trying to reach a human, this is ridiculous.",Mobile App,UI Ergonomics,0.7304,0,2026-08-20 21:13:34
12013,558,"The checkout update looks great but it lags a bit for me, mixed feelings.",Mobile App,App Crash,0.6437,0,2026-09-09 11:51:34
12014,143,"Double charged on my debit card for order, fix this immediately!",Web Review,UI Ergonomics,0.8122,0,2026-08-18 03:27:34
12015,932,"Decent experience overall, website was okay.",Email Support,Shipping Delay,0.433,1,2026-09-06 16:04:34
12016,216,"Fast shipping and eco-friendly packaging, will order again.",Twitter,Billing Defect,0.0598,1,2026-08-14 07:27:34
12017,557,"Customer support resolved my login problem in one message, amazing team.",Web Review,General Praise,0.2578,1,2026-09-02 01:31:34
12018,441,"Fast shipping and nice packaging, will order again.",Twitter,General Praise,0.0614,1,2026-08-22 15:16:34
12019,547,"Customer support resolved my login problem in under an hour, amazing team.",Twitter,Billing Defect,0.2515,1,2026-08-29 14:14:34
12020,132,The dashboard redesign makes everything so much intuitive.,Mobile App,Shipping Delay,0.2098,1,2026-08-31 20:34:34
12021,169,"The notifications update looks great but it logged me out for me, mixed feelings.",Mobile App,Billing Defect,0.4119,1,2026-09-02 20:35:34
12022,866,Really impressed with how easy the onboarding experience is now.,Email Support,Product Quality,0.2742,1,2026-08-24 06:08:34
12023,783,The design redesign makes everything so much fast.,Mobile App,Shipping Delay,0.1723,1,2026-08-21 08:25:34
12024,608,"App keeps crashing during login step, this is unacceptable!",Web Review,Product Quality,0.8763,0,2026-09-06 14:25:34
12025,549,Really impressed with how intuitive the mobile app experience is now.,Mobile App,UI Ergonomics,0.0195,1,2026-08-30 21:54:34
12026,201,Really impressed with how fast the onboarding experience is now.,Twitter,App Crash,0.1233,1,2026-09-04 14:07:34
12027,338,The support chat works fine but could use minor improvements.,Twitter,Shipping Delay,0.47,1,2026-09-02 09:37:34
12028,725,"It does what it says, nothing special about the checkout.",Web Review,Billing Defect,0.4957,1,2026-08-16 13:35:34
12029,776,"Great excellent product, highly recommended to everyone!",Twitter,Billing Defect,0.265,1,2026-08-23 06:32:34
12030,262,"Not terrible, but the search still lags a bit sometimes after the fix.",Mobile App,General Praise,0.4267,1,2026-09-11 02:06:34
12031,868,"It does what it says, nothing special about the app.",Call Center Note,Product Quality,0.4088,1,2026-09-05 20:42:34
12032,555,The search redesign makes everything so much intuitive.,Mobile App,General Praise,0.2692,1,2026-09-06 23:30:34
12033,659,The checkout flow redesign makes everything so much smooth.,Web Review,Shipping Delay,0.2446,1,2026-08-27 08:35:34
12034,634,"Customer support resolved my billing issue in under an hour, amazing team.",Call Center Note,General Praise,0.284,1,2026-08-24 03:03:34
12035,652,"Fast shipping and secure packaging, will order again.",Twitter,Billing Defect,0.1121,1,2026-08-14 16:28:34
12036,195,The support chat works fine but could use minor improvements.,Twitter,App Crash,0.4686,1,2026-08-30 19:45:34
12037,784,"Great well-built product, highly recommended to everyone!",Mobile App,App Crash,0.121,1,2026-09-05 18:27:34
12038,616,Really impressed with how fast the onboarding experience is now.,Twitter,UI Ergonomics,0.18,1,2026-08-31 08:41:34
12039,702,Really impressed with how easy the mobile app experience is now.,Email Support,App Crash,0.1906,1,2026-08-18 21:12:34
12040,606,The support chat works fine but could use minor improvements.,Call Center Note,General Praise,0.3781,1,2026-08-24 19:25:34
12041,209,"Decent experience overall, website was okay.",Web Review,Product Quality,0.4333,1,2026-09-12 11:49:34
12042,719,"Fast shipping and nice packaging, will order again.",Web Review,General Praise,0.0879,1,2026-09-11 15:05:34
12043,371,"It does what it says, nothing special about the support chat.",Call Center Note,UI Ergonomics,0.4459,1,2026-08-14 16:24:34
12044,256,"It does what it says, nothing special about the checkout.",Call Center Note,Shipping Delay,0.3879,1,2026-08-18 04:03:34
12045,655,"Support was helpful about my shipping question, though it took a while to get resolved.",Call Center Note,App Crash,0.6477,0,2026-08-13 12:47:34
12046,613,The dashboard redesign makes everything so much fast.,Twitter,Product Quality,0.1604,1,2026-08-15 09:17:34
12047,870,"Customer support resolved my login problem in under an hour, amazing team.",Call Center Note,UI Ergonomics,0.1439,1,2026-09-09 21:53:34
12048,407,"Fast shipping and nice packaging, will order again.",Mobile App,App Crash,0.187,1,2026-08-18 15:47:34
12049,755,Really impressed with how intuitive the checkout experience is now.,Twitter,App Crash,0.1984,1,2026-09-01 01:23:34
12050,449,"System latency is terrible after the server migration, nothing works.",Twitter,App Crash,0.9019,0,2026-08-15 12:14:34
12051,898,"Great well-built product, highly recommended to everyone!",Mobile App,App Crash,0.1533,1,2026-08-29 21:58:34
12052,731,"Great reliable product, highly recommended to everyone!",Mobile App,UI Ergonomics,0.1487,1,2026-08-27 23:37:34
12053,526,"Customer support resolved my shipping question in under an hour, amazing team.",Web Review,Billing Defect,0.0821,1,2026-09-03 21:49:34
12054,816,"Fast shipping and secure packaging, will order again.",Email Support,Product Quality,0.0196,1,2026-09-07 00:19:34
12055,664,The design redesign makes everything so much smooth.,Twitter,Billing Defect,0.2599,1,2026-08-25 20:57:34
12056,906,"Major outage across the platform, unable to check out for hours.",Twitter,Shipping Delay,0.8309,0,2026-09-10 20:24:34
12057,731,"Decent experience overall, support chat was okay.",Call Center Note,Product Quality,0.5868,1,2026-08-24 20:21:34
12058,680,The search redesign makes everything so much easy.,Email Support,General Praise,0.0935,1,2026-08-17 15:02:34
12059,150,"It does what it says, nothing special about the checkout.",Mobile App,Billing Defect,0.5947,1,2026-09-10 10:44:34
12060,469,Package arrived damaged and support is completely ignoring my emails.,Twitter,General Praise,0.9457,0,2026-08-30 21:06:34
12061,799,Love the new checkout flow update! Very smooth.,Mobile App,App Crash,0.0211,1,2026-09-09 15:24:34
12062,826,The search redesign makes everything so much intuitive.,Twitter,Billing Defect,0.1264,1,2026-09-05 22:34:34
12063,107,"Great reliable product, highly recommended to everyone!",Mobile App,Billing Defect,0.1798,1,2026-09-09 13:21:34
12064,356,The checkout flow redesign makes everything so much intuitive.,Twitter,Billing Defect,0.0896,1,2026-08-26 20:47:34
12065,858,"Fast shipping and secure packaging, will order again.",Call Center Note,Product Quality,0.2596,1,2026-09-02 07:27:34
12066,114,"Not terrible, but the checkout still logged me out sometimes after the fix.",Email Support,Shipping Delay,0.6368,0,2026-09-01 19:05:34
12067,684,"Fast shipping and eco-friendly packaging, will order again.",Web Review,Shipping Delay,0.102,1,2026-08-28 00:46:34
12068,977,"Customer support resolved my shipping question in one message, amazing team.",Email Support,Shipping Delay,0.0087,1,2026-08-31 22:10:34
12069,396,"Customer support resolved my shipping question in 5 minutes, amazing team.",Mobile App,Billing Defect,0.2311,1,2026-08-31 13:29:34
12070,791,The checkout flow redesign makes everything so much intuitive.,Web Review,App Crash,0.7224,0,2026-08-22 00:23:34
12071,562,Package arrived empty and support is completely ignoring my emails.,Web Review,UI Ergonomics,0.7134,0,2026-09-12 09:38:34
12072,206,"Not terrible, but the search still logged me out sometimes after the fix.",Mobile App,App Crash,0.584,0,2026-08-26 07:16:34
12073,934,Love the new design update! Very fast.,Email Support,Product Quality,0.2732,1,2026-09-06 01:11:34
12074,505,Love the new design update! Very smooth.,Web Review,General Praise,0.0325,1,2026-09-05 00:34:34
12075,466,"Customer support resolved my billing issue in 5 minutes, amazing team.",Web Review,Billing Defect,0.0519,1,2026-08-25 22:49:34
12076,250,"Not terrible, but the notifications still crashed once sometimes after the fix.",Mobile App,App Crash,0.5916,0,2026-08-15 22:49:34
12077,450,"Decent experience overall, website was okay.",Twitter,UI Ergonomics,0.5339,1,2026-08-29 06:02:34
12078,938,Really impressed with how easy the mobile app experience is now.,Twitter,Shipping Delay,0.0144,1,2026-08-25 13:34:34
12079,869,"Customer support resolved my login problem in 5 minutes, amazing team.",Twitter,Product Quality,0.037,1,2026-08-28 06:38:34
12080,539,"Great reliable product, highly recommended to everyone!",Email Support,Shipping Delay,0.0141,1,2026-09-12 05:28:34
12081,178,"Not terrible, but the notifications still crashed once sometimes after the fix.",Mobile App,App Crash,0.661,0,2026-08-22 07:49:34
12082,883,"It does what it says, nothing special about the support chat.",Web Review,General Praise,0.4214,1,2026-09-10 18:29:34
12083,311,Love the new search update! Very easy.,Twitter,General Praise,0.2704,1,2026-08-26 20:57:34
12084,952,Really impressed with how intuitive the checkout experience is now.,Call Center Note,Product Quality,0.0509,1,2026-08-30 18:56:34
12085,162,Love the new search update! Very fast.,Mobile App,Product Quality,0.2143,1,2026-08-31 03:09:34
12086,495,Love the new checkout flow update! Very fast.,Call Center Note,App Crash,0.2144,1,2026-08-28 07:24:34
12087,968,The dashboard redesign makes everything so much fast.,Twitter,Shipping Delay,0.1872,1,2026-08-14 01:19:34
12088,585,"Double charged on my PayPal account for order, fix this immediately!",Call Center Note,Shipping Delay,0.9003,0,2026-09-05 22:02:34
12089,360,"Fast shipping and eco-friendly packaging, will order again.",Email Support,Shipping Delay,0.2967,1,2026-08-25 10:28:34
12090,322,"Support was friendly about my login problem, though it took a while to get a straight answer.",Web Review,General Praise,0.4198,1,2026-09-07 15:51:34
12091,649,"Your subscription deleted all my data without warning, I need this fixed NOW.",Web Review,Product Quality,0.8753,0,2026-09-05 20:11:34
12092,895,The search redesign makes everything so much easy.,Twitter,General Praise,0.2965,1,2026-09-09 18:31:34
12093,590,"Your invoice deleted all my data without warning, I need this fixed NOW.",Mobile App,Shipping Delay,0.8526,0,2026-09-02 23:17:34
12094,982,"Great reliable product, highly recommended to everyone!",Call Center Note,Product Quality,0.0698,1,2026-08-30 20:56:34
12095,764,"Customer support resolved my login problem in 5 minutes, amazing team.",Twitter,Product Quality,0.2714,1,2026-09-02 23:25:34
12096,215,The website works fine but could use minor improvements.,Call Center Note,UI Ergonomics,0.492,1,2026-08-14 21:16:34
12097,150,"Support was friendly about my refund request, though it took a while to get resolved.",Call Center Note,Product Quality,0.5551,0,2026-08-23 04:04:34
12098,335,The app works fine but could use minor improvements.,Twitter,Billing Defect,0.4459,0,2026-08-14 06:11:34
12099,130,"Been on hold for an hour trying to reach a human, this is ridiculous.",Call Center Note,General Praise,0.8019,0,2026-09-09 16:21:34
12100,937,The search redesign makes everything so much easy.,Email Support,App Crash,0.0365,1,2026-08-30 11:28:34
12101,666,"The notifications update looks great but it lags a bit for me, mixed feelings.",Email Support,Shipping Delay,0.6752,0,2026-09-12 02:15:34
12102,901,The app works fine but could use minor improvements.,Call Center Note,General Praise,0.5465,1,2026-08-19 19:25:34
12103,952,"Decent experience overall, support chat was okay.",Mobile App,Billing Defect,0.5666,1,2026-08-13 16:24:34
12104,286,The support chat works fine but could use minor improvements.,Mobile App,Shipping Delay,0.5588,1,2026-08-26 05:06:34
12105,805,Really impressed with how easy the checkout experience is now.,Mobile App,UI Ergonomics,0.2502,1,2026-09-02 05:12:34
12106,762,Really impressed with how easy the checkout experience is now.,Web Review,Shipping Delay,0.0806,1,2026-08-27 03:06:34
12107,330,Really impressed with how smooth the mobile app experience is now.,Email Support,Billing Defect,0.2522,1,2026-09-02 20:40:34
12108,635,Love the new search update! Very fast.,Call Center Note,Billing Defect,0.2317,1,2026-08-30 05:35:34
12109,244,"Customer support resolved my login problem in under an hour, amazing team.",Web Review,Product Quality,0.1645,1,2026-09-08 08:14:34
12110,115,"Fast shipping and nice packaging, will order again.",Call Center Note,App Crash,0.1165,1,2026-09-07 02:10:34
12111,131,"The dashboard update looks great but it loaded slowly for me, mixed feelings.",Email Support,Product Quality,0.6345,0,2026-09-02 00:43:34
12112,123,"Decent experience overall, app was okay.",Call Center Note,App Crash,0.4923,1,2026-08-19 06:35:34
12113,467,"Double charged on my credit card for invoice, fix this immediately!",Web Review,General Praise,0.9584,0,2026-09-06 06:33:34
12114,975,"Customer support resolved my login problem in 5 minutes, amazing team.",Mobile App,Product Quality,0.0908,1,2026-08-30 06:57:34
12115,220,Love the new search update! Very fast.,Web Review,UI Ergonomics,0.1007,1,2026-09-03 07:29:34
12116,289,The website works fine but could use minor improvements.,Mobile App,Billing Defect,0.4721,1,2026-09-07 04:13:34
12117,512,Really impressed with how intuitive the checkout experience is now.,Twitter,UI Ergonomics,0.0276,1,2026-08-25 15:15:34
12118,560,The support chat works fine but could use minor improvements.,Mobile App,General Praise,0.4336,1,2026-08-25 13:08:34
12119,666,"Great reliable product, highly recommended to everyone!",Email Support,General Praise,0.2749,1,2026-08-26 21:09:34
12120,965,"The notifications update looks great but it loaded slowly for me, mixed feelings.",Call Center Note,App Crash,0.6339,0,2026-08-19 06:24:34
12121,118,"Great reliable product, highly recommended to everyone!",Mobile App,Billing Defect,0.2492,1,2026-09-11 06:51:34
12122,239,"Mostly happy with the app, just wish the dashboard didn't logged me out.",Email Support,UI Ergonomics,0.5378,0,2026-08-21 14:25:34
12123,632,The checkout flow redesign makes everything so much fast.,Call Center Note,App Crash,0.0015,1,2026-08-20 20:10:34
12124,174,Really impressed with how easy the onboarding experience is now.,Web Review,Product Quality,0.027,1,2026-08-30 11:59:34
12125,871,"Double charged on my credit card for account, fix this immediately!",Mobile App,Billing Defect,0.98,0,2026-08-18 19:18:34
12126,935,Love the new dashboard update! Very easy.,Mobile App,Shipping Delay,0.2658,1,2026-08-21 23:30:34
12127,551,"The notifications update looks great but it crashed once for me, mixed feelings.",Mobile App,Product Quality,0.6841,0,2026-08-19 17:08:34
12128,421,The support chat works fine but could use minor improvements.,Mobile App,Billing Defect,0.3677,1,2026-09-04 12:55:34
12129,419,"It does what it says, nothing special about the app.",Call Center Note,General Praise,0.5693,1,2026-08-28 09:50:34
12130,523,"Customer support resolved my shipping question in 5 minutes, amazing team.",Call Center Note,Product Quality,0.2392,1,2026-09-08 14:22:34
12131,583,"Decent experience overall, checkout was okay.",Mobile App,UI Ergonomics,0.3829,1,2026-08-17 12:38:34
12132,651,Really impressed with how intuitive the checkout experience is now.,Mobile App,App Crash,0.0607,1,2026-08-16 17:39:34
12133,779,"Your order deleted all my data without warning, I need this fixed NOW.",Call Center Note,UI Ergonomics,0.7038,0,2026-08-23 14:39:34
12134,909,Love the new search update! Very fast.,Email Support,UI Ergonomics,0.064,1,2026-08-25 04:04:34
12135,982,"Customer support resolved my login problem in 5 minutes, amazing team.",Email Support,Product Quality,0.1262,1,2026-09-02 08:00:34
12136,834,"Been on hold for an hour trying to reach a human, this is ridiculous.",Email Support,Shipping Delay,0.7178,0,2026-09-07 04:21:34
12137,916,The checkout flow redesign makes everything so much intuitive.,Email Support,UI Ergonomics,0.0954,1,2026-08-19 19:02:34
12138,383,"Great reliable product, highly recommended to everyone!",Mobile App,UI Ergonomics,0.0159,1,2026-08-29 21:44:34
12139,678,"Mostly happy with the service, just wish the notifications didn't lags a bit.",Twitter,General Praise,0.6883,0,2026-08-13 23:02:34
12140,816,The checkout flow redesign makes everything so much fast.,Email Support,General Praise,0.0321,1,2026-08-14 18:30:34
12141,202,The design redesign makes everything so much intuitive.,Web Review,Product Quality,0.0299,1,2026-08-31 04:06:34
12142,555,"App keeps crashing during payment step, this is unacceptable!",Web Review,Billing Defect,0.765,0,2026-08-21 13:54:34
12143,339,The support chat works fine but could use minor improvements.,Email Support,Shipping Delay,0.5293,1,2026-08-17 07:14:34
12144,903,Love the new design update! Very intuitive.,Call Center Note,Shipping Delay,0.0547,1,2026-08-16 05:25:34
12145,213,"Been on hold for two hours trying to reach a human, this is ridiculous.",Email Support,App Crash,0.9716,0,2026-08-21 20:24:34
12146,550,"Great well-built product, highly recommended to everyone!",Call Center Note,Shipping Delay,0.2059,1,2026-08-14 23:21:34
12147,964,"The dashboard update looks great but it lags a bit for me, mixed feelings.",Twitter,UI Ergonomics,0.6295,0,2026-09-09 14:16:34
12148,759,"Great well-built product, highly recommended to everyone!",Mobile App,App Crash,0.2229,1,2026-08-16 12:14:34
12149,411,"Been on hold for an hour trying to reach a human, this is ridiculous.",Mobile App,App Crash,0.9851,0,2026-09-08 20:48:34
12150,319,"Major outage across the platform, unable to check out for hours.",Web Review,Billing Defect,0.6941,0,2026-09-05 13:37:34
12151,728,"Great excellent product, highly recommended to everyone!",Mobile App,App Crash,0.0216,1,2026-09-12 06:41:34
12152,878,"It does what it says, nothing special about the website.",Twitter,Shipping Delay,0.59,1,2026-09-08 07:49:34
12153,517,The checkout works fine but could use minor improvements.,Web Review,Product Quality,0.447,1,2026-09-08 19:19:34
12154,944,"App keeps crashing during upload step, this is unacceptable!",Call Center Note,Billing Defect,0.8499,0,2026-08-16 20:54:34
12155,347,Really impressed with how easy the checkout experience is now.,Web Review,Product Quality,0.0788,1,2026-08-25 16:06:34
12156,395,"Customer support resolved my shipping question in 5 minutes, amazing team.",Email Support,Product Quality,0.1987,1,2026-08-30 13:58:34
12157,968,Love the new design update! Very easy.,Twitter,Shipping Delay,0.1472,1,2026-08-28 10:46:34
12158,605,Package arrived the wrong item and support is completely ignoring my emails.,Twitter,UI Ergonomics,0.2282,1,2026-08-27 18:24:34
12159,360,"Decent experience overall, website was okay.",Twitter,Product Quality,0.4215,1,2026-08-16 07:12:34
12160,976,Really impressed with how intuitive the onboarding experience is now.,Mobile App,Billing Defect,0.2368,1,2026-08-14 05:03:34
12161,350,Love the new design update! Very easy.,Mobile App,General Praise,0.2517,1,2026-09-07 03:20:34
12162,219,"Fast shipping and secure packaging, will order again.",Mobile App,UI Ergonomics,0.924,0,2026-08-31 09:13:34
12163,567,"Support was friendly about my refund request, though it took a while to hear back.",Email Support,Product Quality,0.6689,0,2026-09-07 20:14:34
12164,189,The search redesign makes everything so much fast.,Twitter,Product Quality,0.2572,1,2026-09-09 12:46:34
12165,963,"Great excellent product, highly recommended to everyone!",Twitter,UI Ergonomics,0.1186,1,2026-08-21 16:07:34
12166,179,Really impressed with how intuitive the checkout experience is now.,Email Support,UI Ergonomics,0.111,1,2026-09-03 14:32:34
12167,920,Really impressed with how intuitive the onboarding experience is now.,Email Support,App Crash,0.2722,1,2026-08-23 18:53:34
12168,272,The design redesign makes everything so much intuitive.,Mobile App,General Praise,0.0567,1,2026-09-10 04:30:34
12169,227,"Customer support resolved my billing issue in under an hour, amazing team.",Call Center Note,Product Quality,0.2721,1,2026-09-04 18:21:34
12170,214,Really impressed with how fast the mobile app experience is now.,Call Center Note,UI Ergonomics,0.0283,1,2026-08-23 03:21:34
12171,420,"Great well-built product, highly recommended to everyone!",Call Center Note,General Praise,0.1652,1,2026-09-03 14:57:34
12172,669,"Fast shipping and nice packaging, will order again.",Call Center Note,Billing Defect,0.2112,1,2026-08-15 19:24:34
12173,816,"Great excellent product, highly recommended to everyone!",Call Center Note,App Crash,0.1436,1,2026-08-16 13:46:34
12174,695,"Fast shipping and secure packaging, will order again.",Web Review,App Crash,0.2828,1,2026-09-05 16:27:34
12175,241,"Decent experience overall, app was okay.",Twitter,General Praise,0.5143,1,2026-09-04 05:10:34
12176,649,The website works fine but could use minor improvements.,Twitter,General Praise,0.4878,1,2026-08-23 22:09:34
12177,598,Package arrived damaged and support is completely ignoring my emails.,Email Support,General Praise,0.7382,0,2026-08-23 03:20:34
12178,468,Really impressed with how smooth the onboarding experience is now.,Call Center Note,Product Quality,0.1264,1,2026-08-22 10:48:34
12179,136,Really impressed with how intuitive the mobile app experience is now.,Twitter,Billing Defect,0.8118,0,2026-08-26 02:58:34
12180,549,Really impressed with how intuitive the onboarding experience is now.,Web Review,Shipping Delay,0.2557,1,2026-08-19 07:20:34
12181,895,Love the new dashboard update! Very fast.,Twitter,Product Quality,0.2154,1,2026-08-17 18:35:34
12182,944,"The dashboard update looks great but it logged me out for me, mixed feelings.",Mobile App,Shipping Delay,0.4812,1,2026-09-09 14:10:34
12183,698,"Decent experience overall, support chat was okay.",Mobile App,Product Quality,0.4649,1,2026-09-06 23:15:34
12184,191,The app works fine but could use minor improvements.,Web Review,General Praise,0.5129,1,2026-08-16 21:16:34
12185,323,"Not terrible, but the checkout still crashed once sometimes after the fix.",Mobile App,Billing Defect,0.5746,0,2026-08-25 12:24:34
12186,266,"It does what it says, nothing special about the checkout.",Twitter,Product Quality,0.3667,1,2026-08-17 05:03:34
12187,475,"Customer support resolved my billing issue in under an hour, amazing team.",Web Review,Product Quality,0.1461,1,2026-08-30 06:59:34
12188,141,"Fast shipping and eco-friendly packaging, will order again.",Web Review,App Crash,0.1382,1,2026-08-31 10:46:34
12189,393,Love the new search update! Very fast.,Email Support,Shipping Delay,0.1085,1,2026-09-12 08:58:34
12190,719,"Been on hold for an hour trying to reach a human, this is ridiculous.",Twitter,General Praise,0.9929,0,2026-08-23 17:52:34
12191,271,"Great excellent product, highly recommended to everyone!",Web Review,App Crash,0.0907,1,2026-08-19 09:50:34
12192,190,"Fast shipping and nice packaging, will order again.",Email Support,App Crash,0.1302,1,2026-08-25 03:44:34
12193,770,"Decent experience overall, website was okay.",Call Center Note,General Praise,0.5799,1,2026-08-28 02:33:34
12194,751,The app works fine but could use minor improvements.,Mobile App,Product Quality,0.5198,1,2026-09-04 22:53:34
12195,418,The design redesign makes everything so much easy.,Mobile App,General Praise,0.0443,1,2026-09-09 20:38:34
12196,924,"Fast shipping and eco-friendly packaging, will order again.",Twitter,App Crash,0.0662,1,2026-08-26 08:08:34
12197,330,"Customer support resolved my login problem in one message, amazing team.",Twitter,Shipping Delay,0.0173,1,2026-08-22 17:23:34
12198,968,Love the new dashboard update! Very smooth.,Call Center Note,UI Ergonomics,0.0236,1,2026-08-31 23:30:34
12199,499,"Major outage across the platform, unable to check out for hours.",Call Center Note,General Praise,0.9522,0,2026-08-25 17:45:34
12200,750,"Not terrible, but the dashboard still logged me out sometimes after the fix.",Email Support,App Crash,0.6165,0,2026-08-29 22:10:34
12201,377,"Fast shipping and eco-friendly packaging, will order again.",Web Review,UI Ergonomics,0.1693,1,2026-09-09 13:55:34
12202,229,"Fast shipping and nice packaging, will order again.",Mobile App,App Crash,0.1293,1,2026-08-29 03:20:34
12203,733,The app works fine but could use minor improvements.,Email Support,Product Quality,0.4932,1,2026-08-17 12:01:34
12204,480,"Customer support resolved my login problem in one message, amazing team.",Call Center Note,UI Ergonomics,0.0428,1,2026-08-31 14:07:34
12205,113,"Decent experience overall, website was okay.",Web Review,Shipping Delay,0.3782,1,2026-08-19 17:44:34
12206,933,"It does what it says, nothing special about the app.",Email Support,Billing Defect,0.4164,1,2026-08-25 13:37:34
12207,525,The dashboard redesign makes everything so much intuitive.,Mobile App,Shipping Delay,0.2378,1,2026-08-27 22:22:34
12208,773,"Customer support resolved my shipping question in 5 minutes, amazing team.",Web Review,App Crash,0.1358,1,2026-08-18 06:17:34
12209,224,Really impressed with how smooth the onboarding experience is now.,Web Review,Product Quality,0.1602,1,2026-08-29 17:33:34
12210,194,"Customer support resolved my billing issue in 5 minutes, amazing team.",Call Center Note,Shipping Delay,0.1105,1,2026-08-28 00:07:34
12211,617,"Decent experience overall, checkout was okay.",Web Review,Shipping Delay,0.5348,1,2026-08-25 16:06:34
12212,267,Really impressed with how easy the onboarding experience is now.,Mobile App,General Praise,0.0337,1,2026-09-06 14:15:34
12213,540,"Mostly happy with the service, just wish the search didn't crashed once.",Web Review,General Praise,0.5388,0,2026-08-28 06:13:34
12214,947,"Support was helpful about my refund request, though it took a while to get resolved.",Mobile App,General Praise,0.4836,1,2026-08-29 18:28:34
12215,476,"Fast shipping and secure packaging, will order again.",Email Support,General Praise,0.0189,1,2026-09-06 03:27:34
12216,798,Love the new design update! Very smooth.,Twitter,General Praise,0.2762,1,2026-08-19 08:15:34
12217,299,Package arrived empty and support is completely ignoring my emails.,Mobile App,UI Ergonomics,0.8121,0,2026-08-14 17:19:34
12218,322,"Customer support resolved my shipping question in one message, amazing team.",Web Review,Product Quality,0.2375,1,2026-09-11 01:51:34
12219,302,"Fast shipping and nice packaging, will order again.",Web Review,Product Quality,0.2725,1,2026-08-29 06:11:34
12220,760,"Support was friendly about my login problem, though it took a while to get resolved.",Twitter,Product Quality,0.3281,1,2026-09-11 05:49:34
12221,460,"Customer support resolved my login problem in 5 minutes, amazing team.",Twitter,App Crash,0.2157,1,2026-08-20 06:27:34
12222,634,"It does what it says, nothing special about the support chat.",Call Center Note,Product Quality,0.4067,1,2026-08-21 10:48:34
12223,900,"Your invoice deleted all my data without warning, I need this fixed NOW.",Twitter,Shipping Delay,0.8919,0,2026-08-23 18:43:34
12224,135,"Been on hold for an hour trying to reach a human, this is ridiculous.",Web Review,UI Ergonomics,0.6805,0,2026-08-17 16:30:34
12225,609,The search redesign makes everything so much smooth.,Mobile App,Product Quality,0.1534,1,2026-08-20 17:25:34
12226,259,"Customer support resolved my login problem in 5 minutes, amazing team.",Web Review,Billing Defect,0.0296,1,2026-08-29 15:19:34
12227,604,The dashboard redesign makes everything so much intuitive.,Web Review,General Praise,0.2118,1,2026-08-25 10:44:34
12228,871,"Great reliable product, highly recommended to everyone!",Email Support,App Crash,0.1435,1,2026-08-20 02:57:34
12229,829,The website works fine but could use minor improvements.,Call Center Note,Billing Defect,0.3854,1,2026-09-11 09:43:34
12230,786,"Major outage across the platform, unable to check out for hours.",Call Center Note,App Crash,0.999,0,2026-09-11 06:00:34
12231,940,"Customer support resolved my shipping question in under an hour, amazing team.",Call Center Note,Shipping Delay,0.1215,1,2026-08-23 02:57:34
12232,839,"The dashboard update looks great but it crashed once for me, mixed feelings.",Web Review,App Crash,0.6499,0,2026-08-16 13:14:34
12233,382,Love the new design update! Very fast.,Mobile App,App Crash,0.119,1,2026-08-13 19:18:34
12234,113,"Mostly happy with the app, just wish the search didn't logged me out.",Mobile App,App Crash,0.596,0,2026-08-31 01:20:34
12235,508,"It does what it says, nothing special about the app.",Twitter,Product Quality,0.4772,1,2026-09-04 01:38:34
12236,587,"Fast shipping and nice packaging, will order again.",Mobile App,Shipping Delay,0.0941,1,2026-08-28 00:13:34
12237,477,The website works fine but could use minor improvements.,Mobile App,UI Ergonomics,0.5842,1,2026-08-25 16:46:34
12238,786,"Your account deleted all my data without warning, I need this fixed NOW.",Mobile App,Product Quality,0.2001,1,2026-08-30 15:04:34
12239,924,"Customer support resolved my shipping question in under an hour, amazing team.",Twitter,Billing Defect,0.1353,1,2026-09-04 05:36:34
12240,782,"Customer support resolved my billing issue in under an hour, amazing team.",Mobile App,Billing Defect,0.0506,1,2026-09-10 20:37:34
12241,253,"Fast shipping and nice packaging, will order again.",Email Support,Billing Defect,0.0408,1,2026-08-22 16:49:34
12242,762,Really impressed with how easy the mobile app experience is now.,Web Review,UI Ergonomics,0.1211,1,2026-08-15 04:06:34
12243,595,The search redesign makes everything so much intuitive.,Twitter,Billing Defect,0.0223,1,2026-09-09 21:53:34
12244,128,"Customer support resolved my billing issue in under an hour, amazing team.",Web Review,Shipping Delay,0.1956,1,2026-09-08 18:24:34
12245,312,The search redesign makes everything so much easy.,Call Center Note,General Praise,0.1057,1,2026-08-27 13:40:34
12246,416,"It does what it says, nothing special about the app.",Twitter,Billing Defect,0.5075,1,2026-09-05 20:11:34
12247,262,The checkout flow redesign makes everything so much intuitive.,Mobile App,Product Quality,0.07,1,2026-08-16 16:03:34
12248,389,"The notifications update looks great but it loaded slowly for me, mixed feelings.",Call Center Note,General Praise,0.6423,0,2026-09-03 06:35:34
12249,243,"Great reliable product, highly recommended to everyone!",Web Review,Product Quality,0.0021,1,2026-09-03 15:31:34
12250,560,"Mostly happy with the service, just wish the dashboard didn't loaded slowly.",Email Support,Billing Defect,0.4893,1,2026-09-01 14:56:34
12251,363,"Fast shipping and eco-friendly packaging, will order again.",Email Support,Billing Defect,0.128,1,2026-08-14 13:35:34
12252,495,"Mostly happy with the service, just wish the notifications didn't crashed once.",Email Support,Product Quality,0.4598,1,2026-09-01 22:24:34
12253,679,"Fast shipping and eco-friendly packaging, will order again.",Email Support,App Crash,0.0237,1,2026-09-08 10:15:34
12254,577,"Customer support resolved my login problem in 5 minutes, amazing team.",Mobile App,App Crash,0.0149,1,2026-08-30 06:22:34
12255,536,The website works fine but could use minor improvements.,Email Support,App Crash,0.4657,1,2026-08-17 02:00:34
12256,388,The checkout flow redesign makes everything so much fast.,Web Review,General Praise,0.1835,1,2026-09-02 07:08:34
12257,399,"Decent experience overall, checkout was okay.",Twitter,Shipping Delay,0.5687,1,2026-08-25 05:33:34
12258,717,"Great well-built product, highly recommended to everyone!",Call Center Note,App Crash,0.0364,1,2026-09-10 03:55:34
12259,331,"It does what it says, nothing special about the checkout.",Call Center Note,Shipping Delay,0.4189,1,2026-09-01 04:09:34
12260,436,"It does what it says, nothing special about the website.",Call Center Note,UI Ergonomics,0.3865,1,2026-08-19 08:33:34
12261,785,"Fast shipping and secure packaging, will order again.",Call Center Note,General Praise,0.2806,1,2026-09-06 07:00:34
12262,108,"Great excellent product, highly recommended to everyone!",Call Center Note,UI Ergonomics,0.0748,1,2026-08-19 09:24:34
12263,590,Package arrived damaged and support is completely ignoring my emails.,Email Support,Shipping Delay,0.9511,0,2026-09-06 02:50:34
12264,699,"Decent experience overall, support chat was okay.",Twitter,App Crash,0.4426,1,2026-08-15 05:08:34
12265,411,The checkout works fine but could use minor improvements.,Web Review,Billing Defect,0.4195,1,2026-08-20 06:29:34
12266,854,"Customer support resolved my shipping question in 5 minutes, amazing team.",Email Support,Billing Defect,0.2469,1,2026-08-19 17:21:34
12267,464,"Customer support resolved my shipping question in under an hour, amazing team.",Call Center Note,General Praise,0.1,1,2026-09-09 14:12:34
12268,925,"Mostly happy with the app, just wish the notifications didn't loaded slowly.",Mobile App,Product Quality,0.5666,0,2026-09-10 06:08:34
12269,293,The checkout works fine but could use minor improvements.,Email Support,General Praise,0.5265,1,2026-08-28 09:52:34
12270,149,"Support was polite about my refund request, though it took a while to get resolved.",Twitter,Shipping Delay,0.6804,0,2026-08-21 20:55:34
12271,134,"Decent experience overall, website was okay.",Twitter,App Crash,0.5832,1,2026-08-27 15:02:34
12272,337,"Support was helpful about my login problem, though it took a while to get resolved.",Web Review,General Praise,0.4032,1,2026-09-08 21:19:34
12273,766,"Not terrible, but the checkout still lags a bit sometimes after the fix.",Email Support,General Praise,0.5657,0,2026-08-19 22:16:34
12274,256,"Great reliable product, highly recommended to everyone!",Mobile App,General Praise,0.226,1,2026-09-04 16:40:34
12275,312,"Mostly happy with the service, just wish the checkout didn't loaded slowly.",Email Support,Billing Defect,0.4565,1,2026-08-20 13:53:34
12276,724,"Decent experience overall, app was okay.",Email Support,UI Ergonomics,0.3908,1,2026-08-31 07:19:34
12277,876,"Decent experience overall, checkout was okay.",Twitter,App Crash,0.5325,1,2026-08-22 16:00:34
12278,116,Package arrived the wrong item and support is completely ignoring my emails.,Twitter,Shipping Delay,0.0724,1,2026-08-31 18:42:34
12279,324,Love the new dashboard update! Very intuitive.,Twitter,Shipping Delay,0.2633,1,2026-09-01 02:22:34
12280,935,"The checkout update looks great but it loaded slowly for me, mixed feelings.",Mobile App,UI Ergonomics,0.635,0,2026-09-01 22:40:34
12281,866,"The export tool is completely broken since the last update, losing customers.",Mobile App,App Crash,0.9128,0,2026-08-26 04:03:34
12282,336,"Customer support resolved my billing issue in 5 minutes, amazing team.",Call Center Note,Product Quality,0.2825,1,2026-08-25 06:33:34
12283,911,"Customer support resolved my billing issue in 5 minutes, amazing team.",Twitter,Billing Defect,0.065,1,2026-08-19 07:11:34
12284,928,"Fast shipping and nice packaging, will order again.",Mobile App,Billing Defect,0.284,1,2026-09-03 04:32:34
12285,159,"Customer support resolved my shipping question in 5 minutes, amazing team.",Web Review,General Praise,0.0878,1,2026-09-01 08:09:34
12286,894,"Great well-built product, highly recommended to everyone!",Mobile App,UI Ergonomics,0.2649,1,2026-09-11 17:51:34
12287,737,"Fast shipping and eco-friendly packaging, will order again.",Call Center Note,App Crash,0.2475,1,2026-08-25 12:27:34
12288,257,"Your subscription deleted all my data without warning, I need this fixed NOW.",Web Review,General Praise,0.8379,0,2026-08-20 06:26:34
12289,921,The website works fine but could use minor improvements.,Call Center Note,General Praise,0.3889,1,2026-08-29 03:19:34
12290,562,"Mostly happy with the app, just wish the notifications didn't crashed once.",Call Center Note,Billing Defect,0.5456,0,2026-08-21 23:54:34
12291,625,"Double charged on my credit card for order, fix this immediately!",Mobile App,App Crash,0.6917,0,2026-08-29 07:03:34
12292,175,The search redesign makes everything so much smooth.,Web Review,Billing Defect,0.2009,1,2026-09-04 13:52:34
12293,701,The website works fine but could use minor improvements.,Call Center Note,Product Quality,0.4996,1,2026-08-24 23:28:34
12294,212,"Customer support resolved my shipping question in under an hour, amazing team.",Web Review,Billing Defect,0.2206,1,2026-08-21 09:00:34
12295,670,"Decent experience overall, support chat was okay.",Web Review,App Crash,0.5371,1,2026-08-20 23:03:34
12296,485,"Major outage across the platform, unable to log in for hours.",Email Support,General Praise,0.7005,0,2026-08-25 09:08:34
12297,101,Really impressed with how easy the onboarding experience is now.,Call Center Note,App Crash,0.2726,1,2026-08-22 17:26:34
12298,118,"Great reliable product, highly recommended to everyone!",Email Support,Product Quality,0.1328,1,2026-09-06 02:49:34
12299,980,"Mostly happy with the service, just wish the checkout didn't logged me out.",Email Support,Product Quality,0.4062,1,2026-08-30 16:46:34
12300,294,Really impressed with how fast the onboarding experience is now.,Web Review,UI Ergonomics,0.1836,1,2026-08-25 05:32:34
12301,998,"Customer support resolved my login problem in under an hour, amazing team.",Call Center Note,General Praise,0.1904,1,2026-08-27 22:09:34
12302,263,"Mostly happy with the service, just wish the search didn't loaded slowly.",Email Support,Product Quality,0.5422,0,2026-08-20 12:12:34
12303,719,"Double charged on my debit card for account, fix this immediately!",Twitter,Billing Defect,0.84,0,2026-09-12 06:53:34
12304,985,"Support was polite about my shipping question, though it took a while to hear back.",Web Review,App Crash,0.4351,1,2026-08-15 10:20:34
12305,511,"Decent experience overall, checkout was okay.",Twitter,UI Ergonomics,0.5394,1,2026-08-24 15:19:34
12306,780,"Support was friendly about my login problem, though it took a while to get resolved.",Twitter,Billing Defect,0.648,0,2026-09-02 03:41:34
12307,299,"Mostly happy with the subscription, just wish the notifications didn't lags a bit.",Twitter,General Praise,0.6006,0,2026-08-18 09:15:34
12308,972,"It does what it says, nothing special about the app.",Twitter,General Praise,0.3609,1,2026-08-20 15:56:34
12309,900,"Double charged on my credit card for subscription, fix this immediately!",Mobile App,Shipping Delay,0.683,0,2026-08-26 23:48:34
12310,648,Love the new checkout flow update! Very intuitive.,Web Review,UI Ergonomics,0.2609,1,2026-08-27 01:51:34
12311,498,Love the new design update! Very fast.,Email Support,Shipping Delay,0.0786,1,2026-08-19 14:18:34
12312,614,Really impressed with how smooth the onboarding experience is now.,Web Review,UI Ergonomics,0.2384,1,2026-09-11 13:35:34
12313,497,"Customer support resolved my login problem in one message, amazing team.",Web Review,Shipping Delay,0.0982,1,2026-08-31 16:33:34
12314,403,Really impressed with how smooth the mobile app experience is now.,Twitter,Billing Defect,0.1306,1,2026-09-10 07:15:34
12315,117,"Been on hold for 45 minutes trying to reach a human, this is ridiculous.",Email Support,General Praise,0.7127,0,2026-08-16 10:16:34
12316,215,Package arrived the wrong item and support is completely ignoring my emails.,Email Support,General Praise,0.7385,0,2026-09-04 14:49:34
12317,257,The design redesign makes everything so much smooth.,Web Review,Product Quality,0.1413,1,2026-09-10 06:03:34
12318,303,The checkout flow redesign makes everything so much smooth.,Mobile App,General Praise,0.1955,1,2026-09-07 12:40:34
12319,804,"System latency is terrible after the server migration, nothing works.",Twitter,General Praise,0.2022,1,2026-08-13 14:44:34
12320,298,"Your subscription deleted all my data without warning, I need this fixed NOW.",Call Center Note,UI Ergonomics,0.9118,0,2026-08-22 02:21:34
12321,350,Love the new checkout flow update! Very smooth.,Call Center Note,App Crash,0.098,1,2026-09-07 12:58:34
12322,962,"Great well-built product, highly recommended to everyone!",Call Center Note,App Crash,0.2067,1,2026-09-08 05:03:34
12323,267,Love the new design update! Very easy.,Web Review,UI Ergonomics,0.1194,1,2026-08-24 15:00:34
12324,494,"Customer support resolved my shipping question in 5 minutes, amazing team.",Twitter,App Crash,0.2646,1,2026-09-04 12:41:34
12325,930,"The notifications update looks great but it lags a bit for me, mixed feelings.",Web Review,App Crash,0.665,0,2026-08-31 14:45:34
12326,176,"Support was helpful about my shipping question, though it took a while to hear back.",Twitter,App Crash,0.6895,0,2026-09-05 12:55:34
12327,653,"Customer support resolved my billing issue in one message, amazing team.",Call Center Note,General Praise,0.1826,1,2026-08-23 16:52:34
12328,164,The support chat works fine but could use minor improvements.,Call Center Note,UI Ergonomics,0.5343,1,2026-08-28 07:48:34
12329,494,Really impressed with how smooth the checkout experience is now.,Mobile App,General Praise,0.2858,1,2026-08-15 11:52:34
12330,202,"Mostly happy with the subscription, just wish the search didn't lags a bit.",Email Support,App Crash,0.6697,0,2026-08-16 22:24:34
12331,571,"Fast shipping and secure packaging, will order again.",Call Center Note,General Praise,0.1334,1,2026-08-18 13:17:34
12332,852,"Not terrible, but the search still logged me out sometimes after the fix.",Mobile App,General Praise,0.505,0,2026-08-20 08:59:34
12333,646,"Fast shipping and eco-friendly packaging, will order again.",Web Review,App Crash,0.2088,1,2026-09-10 08:29:34
12334,731,The design redesign makes everything so much intuitive.,Call Center Note,Product Quality,0.0971,1,2026-09-08 06:05:34
12335,545,"Customer support resolved my login problem in under an hour, amazing team.",Mobile App,UI Ergonomics,0.0671,1,2026-08-27 01:45:34
12336,883,The design redesign makes everything so much easy.,Call Center Note,UI Ergonomics,0.0804,1,2026-09-01 18:30:34
12337,505,"Great excellent product, highly recommended to everyone!",Web Review,Billing Defect,0.2293,1,2026-09-08 02:44:34
12338,672,"The export tool is completely broken since the last update, losing customers.",Email Support,General Praise,0.8901,0,2026-09-10 15:13:34
12339,298,"Great reliable product, highly recommended to everyone!",Call Center Note,Product Quality,0.0827,1,2026-08-27 06:34:34
12340,745,"The notifications is completely broken since the last update, losing customers.",Email Support,App Crash,0.7511,0,2026-08-31 15:52:34
12341,128,The design redesign makes everything so much easy.,Email Support,Shipping Delay,0.0879,1,2026-08-27 21:36:34
12342,996,Package arrived the wrong item and support is completely ignoring my emails.,Mobile App,Shipping Delay,0.874,0,2026-08-21 07:05:34
12343,140,"App keeps crashing during payment step, this is unacceptable!",Web Review,UI Ergonomics,0.7895,0,2026-08-26 17:02:34
12344,467,Love the new design update! Very intuitive.,Call Center Note,Billing Defect,0.0812,1,2026-08-23 14:17:34
12345,412,"System latency is terrible after the new release, nothing works.",Call Center Note,Product Quality,0.9316,0,2026-08-24 07:14:34
12346,208,Really impressed with how easy the checkout experience is now.,Call Center Note,Shipping Delay,0.25,1,2026-09-01 10:47:34
12347,479,"Customer support resolved my billing issue in 5 minutes, amazing team.",Mobile App,Billing Defect,0.2776,1,2026-08-13 13:06:34
12348,512,"It does what it says, nothing special about the checkout.",Mobile App,Product Quality,0.5301,1,2026-09-09 15:53:34
12349,885,"Support was polite about my login problem, though it took a while to hear back.",Call Center Note,App Crash,0.4878,1,2026-09-02 11:07:34
12350,879,Really impressed with how fast the checkout experience is now.,Web Review,General Praise,0.1346,1,2026-08-14 09:43:34
12351,135,The search redesign makes everything so much intuitive.,Mobile App,Billing Defect,0.1243,1,2026-09-11 05:39:34
12352,336,"Fast shipping and eco-friendly packaging, will order again.",Email Support,Shipping Delay,0.2666,1,2026-08-27 07:23:34
12353,502,"Great excellent product, highly recommended to everyone!",Web Review,Shipping Delay,0.1804,1,2026-08-29 03:00:34
12354,486,The search redesign makes everything so much fast.,Twitter,App Crash,0.0495,1,2026-08-18 20:01:34
12355,535,"Decent experience overall, support chat was okay.",Twitter,App Crash,0.5681,1,2026-08-21 17:53:34
12356,763,"App keeps crashing during login step, this is unacceptable!",Email Support,UI Ergonomics,0.7326,0,2026-08-14 20:31:34
12357,395,"Decent experience overall, support chat was okay.",Email Support,Shipping Delay,0.5752,1,2026-09-09 16:48:34
12358,937,"Decent experience overall, checkout was okay.",Twitter,Product Quality,0.3927,1,2026-08-23 18:25:34
12359,846,"Decent experience overall, app was okay.",Email Support,App Crash,0.5924,1,2026-08-18 03:25:34
12360,230,"It does what it says, nothing special about the app.",Twitter,Billing Defect,0.3508,1,2026-08-16 14:40:34
12361,748,"Fast shipping and nice packaging, will order again.",Web Review,UI Ergonomics,0.2769,1,2026-08-20 15:57:34
12362,667,"Mostly happy with the subscription, just wish the search didn't logged me out.",Email Support,App Crash,0.4963,1,2026-08-21 18:03:34
12363,829,"Great excellent product, highly recommended to everyone!",Email Support,Billing Defect,0.2044,1,2026-08-31 23:57:34
12364,168,"Your invoice deleted all my data without warning, I need this fixed NOW.",Mobile App,Shipping Delay,0.7789,0,2026-08-15 21:27:34
12365,558,Really impressed with how smooth the checkout experience is now.,Web Review,Shipping Delay,0.0926,1,2026-08-25 18:30:34
12366,849,"Mostly happy with the app, just wish the search didn't logged me out.",Email Support,Billing Defect,0.4893,1,2026-09-03 12:13:34
12367,304,"Major outage across the platform, unable to reach support for hours.",Email Support,Shipping Delay,0.932,0,2026-09-09 23:05:34
12368,327,"Decent experience overall, website was okay.",Twitter,Billing Defect,0.4721,1,2026-09-06 15:09:34
12369,759,The app works fine but could use minor improvements.,Call Center Note,Product Quality,0.5221,1,2026-08-21 19:26:34
12370,461,"The dashboard update looks great but it crashed once for me, mixed feelings.",Twitter,UI Ergonomics,0.6436,0,2026-09-07 05:51:34
12371,420,"The notifications update looks great but it loaded slowly for me, mixed feelings.",Twitter,Billing Defect,0.4552,1,2026-09-02 18:39:34
12372,435,"Fast shipping and eco-friendly packaging, will order again.",Twitter,UI Ergonomics,0.2495,1,2026-09-05 19:30:34
12373,385,"Double charged on my debit card for invoice, fix this immediately!",Web Review,UI Ergonomics,0.8899,0,2026-08-17 12:07:34
12374,928,"Fast shipping and secure packaging, will order again.",Web Review,Product Quality,0.1137,1,2026-08-16 11:44:34
12375,363,"Customer support resolved my billing issue in under an hour, amazing team.",Web Review,General Praise,0.041,1,2026-09-02 02:06:34
12376,909,"Decent experience overall, app was okay.",Mobile App,General Praise,0.5024,1,2026-08-15 04:45:34
12377,339,"Your invoice deleted all my data without warning, I need this fixed NOW.",Email Support,App Crash,0.2702,1,2026-08-17 20:24:34
12378,401,The search redesign makes everything so much fast.,Web Review,Shipping Delay,0.2714,1,2026-09-05 22:29:34
12379,786,"Great well-built product, highly recommended to everyone!",Call Center Note,General Praise,0.2253,1,2026-09-03 08:28:34
12380,943,"Fast shipping and nice packaging, will order again.",Web Review,Shipping Delay,0.1683,1,2026-09-11 10:07:34
12381,213,"Great well-built product, highly recommended to everyone!",Call Center Note,Billing Defect,0.0379,1,2026-08-21 16:05:34
12382,778,"The dashboard is completely broken since the last update, losing customers.",Mobile App,App Crash,0.9059,0,2026-08-27 03:15:34
12383,183,"Customer support resolved my shipping question in one message, amazing team.",Web Review,Billing Defect,0.2722,1,2026-08-28 10:51:34
12384,908,The checkout flow redesign makes everything so much fast.,Email Support,App Crash,0.2776,1,2026-09-01 21:07:34
12385,322,"Support was friendly about my login problem, though it took a while to get a straight answer.",Mobile App,App Crash,0.4314,1,2026-09-06 13:18:34
12386,351,"Fast shipping and secure packaging, will order again.",Call Center Note,UI Ergonomics,0.0342,1,2026-09-07 00:53:34
12387,914,"Your order deleted all my data without warning, I need this fixed NOW.",Call Center Note,General Praise,0.0394,1,2026-09-08 14:07:34
12388,423,"Customer support resolved my billing issue in under an hour, amazing team.",Twitter,Product Quality,0.1404,1,2026-09-01 20:52:34
12389,743,The dashboard redesign makes everything so much intuitive.,Email Support,General Praise,0.2469,1,2026-09-05 11:33:34
12390,299,Love the new search update! Very smooth.,Twitter,General Praise,0.2306,1,2026-08-31 11:23:34
12391,354,"Double charged on my credit card for subscription, fix this immediately!",Call Center Note,App Crash,0.9255,0,2026-09-08 14:50:34
12392,224,"Great excellent product, highly recommended to everyone!",Twitter,General Praise,0.1939,1,2026-09-01 22:22:34
12393,976,"App keeps crashing during login step, this is unacceptable!",Call Center Note,General Praise,0.9392,0,2026-08-19 02:47:34
12394,831,"Your order deleted all my data without warning, I need this fixed NOW.",Web Review,App Crash,0.9578,0,2026-08-31 17:49:34
12395,243,"Your invoice deleted all my data without warning, I need this fixed NOW.",Web Review,Billing Defect,0.722,0,2026-08-23 09:28:34
12396,733,The search redesign makes everything so much intuitive.,Mobile App,General Praise,0.0627,1,2026-08-13 20:11:34
12397,398,The checkout flow redesign makes everything so much easy.,Web Review,General Praise,0.0271,1,2026-08-24 17:27:34
12398,599,"Your invoice deleted all my data without warning, I need this fixed NOW.",Call Center Note,App Crash,0.9371,0,2026-08-29 18:25:34
12399,795,The app works fine but could use minor improvements.,Call Center Note,Billing Defect,0.445,1,2026-08-19 14:48:34
12400,262,"Customer support resolved my login problem in under an hour, amazing team.",Call Center Note,Product Quality,0.9455,0,2026-09-01 17:09:34
12401,402,Really impressed with how easy the checkout experience is now.,Twitter,Product Quality,0.0014,1,2026-08-17 06:12:34
12402,207,"Mostly happy with the subscription, just wish the notifications didn't lags a bit.",Call Center Note,General Praise,0.6049,0,2026-09-03 12:51:34
12403,993,"Great well-built product, highly recommended to everyone!",Email Support,UI Ergonomics,0.2675,1,2026-08-25 14:31:34
12404,659,"Your order deleted all my data without warning, I need this fixed NOW.",Mobile App,App Crash,0.6631,0,2026-09-04 20:04:34
12405,237,Love the new checkout flow update! Very intuitive.,Call Center Note,Billing Defect,0.146,1,2026-08-25 12:00:34
12406,335,Really impressed with how fast the checkout experience is now.,Call Center Note,Shipping Delay,0.0348,1,2026-08-23 03:20:34
12407,811,The search redesign makes everything so much smooth.,Call Center Note,General Praise,0.1255,1,2026-08-13 16:20:34
12408,728,"Customer support resolved my shipping question in one message, amazing team.",Call Center Note,UI Ergonomics,0.2291,1,2026-08-25 18:54:34
12409,951,"Great excellent product, highly recommended to everyone!",Email Support,Product Quality,0.2567,1,2026-09-03 03:57:34
12410,121,"The search bar is completely broken since the last update, losing customers.",Web Review,Product Quality,0.8087,0,2026-09-08 00:01:34
12411,135,Love the new search update! Very fast.,Twitter,Shipping Delay,0.2327,1,2026-08-22 23:53:34
12412,767,The design redesign makes everything so much easy.,Email Support,Product Quality,0.0617,1,2026-08-23 15:23:34
12413,949,"Customer support resolved my login problem in under an hour, amazing team.",Email Support,Billing Defect,0.2283,1,2026-08-24 02:25:34
12414,624,The design redesign makes everything so much smooth.,Web Review,Billing Defect,0.2826,1,2026-08-21 23:53:34
12415,140,"Fast shipping and nice packaging, will order again.",Email Support,Billing Defect,0.1046,1,2026-09-12 08:04:34
12416,561,"Customer support resolved my billing issue in one message, amazing team.",Web Review,App Crash,0.0105,1,2026-08-13 20:24:34
12417,606,"Decent experience overall, app was okay.",Call Center Note,General Praise,0.3549,1,2026-08-25 21:38:34
12418,345,"System latency is terrible after the latest update, nothing works.",Call Center Note,General Praise,0.7448,0,2026-08-16 22:38:34
12419,247,"The export tool is completely broken since the last update, losing customers.",Twitter,Shipping Delay,0.6846,0,2026-09-07 06:35:34
12420,986,Love the new search update! Very intuitive.,Call Center Note,UI Ergonomics,0.2233,1,2026-08-22 19:59:34
12421,912,"Decent experience overall, app was okay.",Twitter,App Crash,0.598,1,2026-08-26 16:45:34
12422,948,"System latency is terrible after the latest update, nothing works.",Call Center Note,Billing Defect,0.7967,0,2026-08-15 03:07:34
12423,151,"Decent experience overall, support chat was okay.",Web Review,Billing Defect,0.3748,1,2026-08-20 07:30:34
12424,255,"Fast shipping and secure packaging, will order again.",Mobile App,Billing Defect,0.1958,1,2026-09-09 13:49:34
12425,238,The support chat works fine but could use minor improvements.,Mobile App,Product Quality,0.5733,1,2026-08-29 22:03:34
12426,719,"It does what it says, nothing special about the app.",Email Support,Billing Defect,0.3525,1,2026-08-16 05:52:34
12427,112,"System latency is terrible after the latest update, nothing works.",Mobile App,UI Ergonomics,0.7667,0,2026-08-23 08:33:34
12428,195,Love the new dashboard update! Very smooth.,Mobile App,App Crash,0.1963,1,2026-09-07 02:49:34
12429,607,The design redesign makes everything so much easy.,Twitter,App Crash,0.2654,1,2026-08-18 23:26:34
12430,386,"Major outage across the platform, unable to check out for hours.",Web Review,Billing Defect,0.9545,0,2026-09-05 02:09:34
12431,585,Package arrived the wrong item and support is completely ignoring my emails.,Mobile App,UI Ergonomics,0.9327,0,2026-08-25 04:56:34
12432,330,"Decent experience overall, app was okay.",Email Support,Shipping Delay,0.5958,1,2026-08-19 12:19:34
12433,450,The app works fine but could use minor improvements.,Twitter,App Crash,0.488,0,2026-09-09 06:21:34
12434,780,The website works fine but could use minor improvements.,Mobile App,Product Quality,0.5886,1,2026-08-25 21:04:34
12435,123,"Decent experience overall, support chat was okay.",Twitter,General Praise,0.5708,1,2026-08-21 19:53:34
12436,180,"Mostly happy with the app, just wish the notifications didn't lags a bit.",Web Review,Product Quality,0.6769,0,2026-08-27 04:12:34
12437,467,Love the new dashboard update! Very fast.,Call Center Note,Product Quality,0.2844,1,2026-08-29 11:32:34
12438,213,"App keeps crashing during payment step, this is unacceptable!",Email Support,Product Quality,0.687,0,2026-09-08 23:30:34
12439,875,Love the new dashboard update! Very easy.,Email Support,General Praise,0.1621,1,2026-09-10 03:02:34
12440,999,"Fast shipping and eco-friendly packaging, will order again.",Call Center Note,General Praise,0.1437,1,2026-09-01 16:35:34
12441,612,"The dashboard is completely broken since the last update, losing customers.",Call Center Note,Shipping Delay,0.9997,0,2026-08-27 17:09:34
12442,190,"The search update looks great but it loaded slowly for me, mixed feelings.",Call Center Note,Billing Defect,0.6463,0,2026-09-08 13:04:34
12443,547,"Major outage across the platform, unable to reach support for hours.",Email Support,Billing Defect,0.9462,0,2026-08-15 19:24:34
12444,904,"Support was helpful about my shipping question, though it took a while to get a straight answer.",Email Support,App Crash,0.5876,0,2026-08-26 04:43:34
12445,616,The search redesign makes everything so much fast.,Twitter,Billing Defect,0.1347,1,2026-08-23 17:05:34
12446,831,The search redesign makes everything so much fast.,Mobile App,App Crash,0.0823,1,2026-08-16 12:25:34
12447,251,"Customer support resolved my shipping question in one message, amazing team.",Mobile App,Shipping Delay,0.1475,1,2026-08-28 11:36:34
12448,661,"System latency is terrible after the latest update, nothing works.",Call Center Note,UI Ergonomics,0.3493,1,2026-08-24 20:01:34
12449,104,Really impressed with how easy the checkout experience is now.,Mobile App,Product Quality,0.0718,1,2026-09-06 05:35:34
12450,102,The design redesign makes everything so much smooth.,Mobile App,Product Quality,0.0756,1,2026-08-17 17:16:34
12451,859,"Support was polite about my refund request, though it took a while to get a straight answer.",Call Center Note,General Praise,0.5483,0,2026-09-06 17:25:34
12452,850,The search redesign makes everything so much smooth.,Email Support,Shipping Delay,0.1165,1,2026-09-07 05:52:34
12453,141,Love the new search update! Very easy.,Mobile App,Billing Defect,0.3,1,2026-09-09 16:11:34
12454,199,The checkout flow redesign makes everything so much intuitive.,Twitter,UI Ergonomics,0.0747,1,2026-08-17 06:30:34
12455,761,The design redesign makes everything so much fast.,Email Support,General Praise,0.0277,1,2026-08-25 07:27:34
12456,751,The checkout works fine but could use minor improvements.,Email Support,General Praise,0.6125,0,2026-08-14 01:33:34
12457,520,"System latency is terrible after the server migration, nothing works.",Mobile App,UI Ergonomics,0.9169,0,2026-08-28 03:44:34
12458,154,"Mostly happy with the service, just wish the notifications didn't logged me out.",Mobile App,Billing Defect,0.5296,0,2026-09-07 13:44:34
12459,193,"App keeps crashing during payment step, this is unacceptable!",Call Center Note,App Crash,0.8972,0,2026-08-19 18:54:34
12460,500,The search redesign makes everything so much fast.,Twitter,Billing Defect,0.2904,1,2026-09-06 16:16:34
12461,239,The support chat works fine but could use minor improvements.,Web Review,App Crash,0.4155,1,2026-08-29 20:00:34
12462,452,"Customer support resolved my login problem in under an hour, amazing team.",Web Review,Billing Defect,0.0479,1,2026-08-13 21:36:34
12463,242,The app works fine but could use minor improvements.,Call Center Note,General Praise,0.5981,1,2026-08-28 15:03:34
12464,905,"Double charged on my PayPal account for invoice, fix this immediately!",Email Support,Shipping Delay,0.9784,0,2026-09-08 04:57:34
12465,716,"Been on hold for 45 minutes trying to reach a human, this is ridiculous.",Twitter,App Crash,0.9592,0,2026-08-16 00:54:34
12466,348,"Decent experience overall, app was okay.",Call Center Note,App Crash,0.3634,1,2026-09-03 08:58:34
12467,681,"Double charged on my PayPal account for subscription, fix this immediately!",Web Review,Billing Defect,0.7202,0,2026-08-29 11:38:34
12468,111,"App keeps crashing during login step, this is unacceptable!",Web Review,General Praise,0.9813,0,2026-09-02 01:25:34
12469,996,"Mostly happy with the service, just wish the search didn't logged me out.",Email Support,General Praise,0.5146,0,2026-08-21 14:31:34
12470,407,"Fast shipping and eco-friendly packaging, will order again.",Web Review,Billing Defect,0.2963,1,2026-08-18 09:22:34
12471,861,"Great excellent product, highly recommended to everyone!",Twitter,General Praise,0.0021,1,2026-08-27 14:03:34
12472,602,"Support was helpful about my refund request, though it took a while to hear back.",Web Review,Product Quality,0.5675,0,2026-08-21 05:05:34
12473,569,"Decent experience overall, app was okay.",Twitter,UI Ergonomics,0.5374,1,2026-09-03 03:16:34
12474,459,The search redesign makes everything so much easy.,Web Review,App Crash,0.2111,1,2026-08-19 10:26:34
12475,658,The support chat works fine but could use minor improvements.,Web Review,Product Quality,0.571,1,2026-08-25 18:51:34
12476,263,"Great reliable product, highly recommended to everyone!",Call Center Note,Billing Defect,0.1401,1,2026-09-11 14:29:34
12477,925,The app works fine but could use minor improvements.,Call Center Note,Shipping Delay,0.4532,1,2026-09-05 07:12:34
12478,378,"Great excellent product, highly recommended to everyone!",Twitter,Shipping Delay,0.0377,1,2026-08-15 23:00:34
12479,254,"Decent experience overall, support chat was okay.",Mobile App,Shipping Delay,0.4869,1,2026-09-11 12:24:34
12480,117,"Mostly happy with the service, just wish the notifications didn't crashed once.",Web Review,General Praise,0.477,1,2026-08-26 02:19:34
12481,604,Really impressed with how smooth the onboarding experience is now.,Twitter,Product Quality,0.0303,1,2026-09-07 13:38:34
12482,539,Package arrived empty and support is completely ignoring my emails.,Twitter,Shipping Delay,0.7372,0,2026-08-23 18:33:34
12483,925,"It does what it says, nothing special about the checkout.",Twitter,General Praise,0.4751,1,2026-08-16 11:09:34
12484,514,"Great well-built product, highly recommended to everyone!",Web Review,Shipping Delay,0.2404,1,2026-08-14 08:23:34
12485,264,The app works fine but could use minor improvements.,Email Support,Shipping Delay,0.5982,1,2026-08-22 10:34:34
12486,983,"Great excellent product, highly recommended to everyone!",Mobile App,Billing Defect,0.2406,1,2026-08-31 18:54:34
12487,245,"Been on hold for 45 minutes trying to reach a human, this is ridiculous.",Mobile App,General Praise,0.9383,0,2026-09-11 17:29:34
12488,163,"Fast shipping and nice packaging, will order again.",Twitter,Billing Defect,0.2962,1,2026-09-09 13:57:34
12489,113,"The checkout update looks great but it lags a bit for me, mixed feelings.",Twitter,Shipping Delay,0.6423,0,2026-09-04 03:04:34
12490,942,"Customer support resolved my billing issue in one message, amazing team.",Web Review,General Praise,0.1489,1,2026-09-07 18:22:34
12491,800,"The dashboard update looks great but it crashed once for me, mixed feelings.",Call Center Note,Billing Defect,0.6282,0,2026-09-05 14:33:34
12492,941,"It does what it says, nothing special about the checkout.",Call Center Note,Shipping Delay,0.5614,1,2026-08-30 02:43:34
12493,328,Really impressed with how smooth the onboarding experience is now.,Email Support,Product Quality,0.0618,1,2026-08-21 01:20:34
12494,957,Love the new search update! Very intuitive.,Web Review,Product Quality,0.1674,1,2026-08-13 16:11:34
12495,208,"Not terrible, but the checkout still crashed once sometimes after the fix.",Web Review,Billing Defect,0.5404,0,2026-09-07 15:55:34
12496,710,Love the new search update! Very intuitive.,Call Center Note,General Praise,0.0389,1,2026-08-31 00:03:34
12497,957,"Decent experience overall, app was okay.",Twitter,Billing Defect,0.4839,1,2026-09-02 21:06:34
12498,115,The design redesign makes everything so much smooth.,Call Center Note,Shipping Delay,0.0546,1,2026-08-29 12:46:34
12499,400,"The checkout update looks great but it crashed once for me, mixed feelings.",Twitter,App Crash,0.5954,0,2026-08-23 05:22:34
12500,493,"Customer support resolved my billing issue in 5 minutes, amazing team.",Call Center Note,General Praise,0.1172,1,2026-08-30 22:07:34
12501,498,"Fast shipping and eco-friendly packaging, will order again.",Web Review,General Praise,0.1195,1,2026-08-29 17:49:34
12502,245,"Double charged on my credit card for account, fix this immediately!",Mobile App,Shipping Delay,0.8939,0,2026-08-16 00:24:34
12503,104,"Fast shipping and eco-friendly packaging, will order again.",Web Review,Billing Defect,0.247,1,2026-08-23 10:04:34
12504,968,The checkout works fine but could use minor improvements.,Twitter,General Praise,0.5732,1,2026-08-18 15:18:34
12505,615,"Customer support resolved my shipping question in 5 minutes, amazing team.",Mobile App,App Crash,0.0866,1,2026-08-14 14:10:34
12506,933,"Double charged on my PayPal account for invoice, fix this immediately!",Mobile App,Shipping Delay,0.8602,0,2026-08-23 22:08:34
12507,881,"Double charged on my debit card for order, fix this immediately!",Call Center Note,UI Ergonomics,0.782,0,2026-08-26 18:02:34
12508,663,"Support was polite about my shipping question, though it took a while to get a straight answer.",Mobile App,Billing Defect,0.6588,0,2026-08-13 15:50:34
12509,887,The checkout works fine but could use minor improvements.,Twitter,UI Ergonomics,0.578,1,2026-09-05 12:37:34
12510,445,The search redesign makes everything so much smooth.,Email Support,General Praise,0.096,1,2026-08-18 13:50:34
12511,339,"Double charged on my debit card for invoice, fix this immediately!",Call Center Note,Shipping Delay,0.7653,0,2026-09-08 03:07:34
12512,754,"The notifications update looks great but it logged me out for me, mixed feelings.",Mobile App,General Praise,0.4779,1,2026-09-09 18:12:34
12513,545,"Support was friendly about my login problem, though it took a while to get resolved.",Email Support,Shipping Delay,0.4461,1,2026-09-01 18:16:34
12514,204,"Fast shipping and nice packaging, will order again.",Mobile App,UI Ergonomics,0.011,1,2026-08-22 18:46:34
12515,872,"The search bar is completely broken since the last update, losing customers.",Web Review,Product Quality,0.7766,0,2026-09-11 16:47:34
12516,598,"Fast shipping and secure packaging, will order again.",Email Support,Shipping Delay,0.2168,1,2026-08-23 21:44:34
12517,615,"Customer support resolved my login problem in under an hour, amazing team.",Email Support,General Praise,0.2464,1,2026-09-03 09:47:34
12518,365,"Fast shipping and nice packaging, will order again.",Web Review,General Praise,0.0486,1,2026-09-06 13:13:34
12519,146,"Support was helpful about my refund request, though it took a while to get a straight answer.",Web Review,UI Ergonomics,0.5549,0,2026-09-02 00:34:34
12520,311,The support chat works fine but could use minor improvements.,Twitter,UI Ergonomics,0.5132,1,2026-08-16 14:15:34
12521,510,Really impressed with how intuitive the checkout experience is now.,Web Review,UI Ergonomics,0.0625,1,2026-08-19 19:32:34
12522,721,"Support was polite about my shipping question, though it took a while to hear back.",Mobile App,UI Ergonomics,0.6166,0,2026-08-14 21:24:34
12523,898,The search redesign makes everything so much intuitive.,Email Support,App Crash,0.0529,1,2026-08-25 08:05:34
12524,860,"App keeps crashing during payment step, this is unacceptable!",Mobile App,Shipping Delay,0.816,0,2026-09-09 15:36:34
12525,798,"Fast shipping and eco-friendly packaging, will order again.",Email Support,UI Ergonomics,0.233,1,2026-09-03 00:11:34
12526,360,"The dashboard is completely broken since the last update, losing customers.",Twitter,UI Ergonomics,0.8249,0,2026-08-17 00:29:34
12527,315,Love the new dashboard update! Very fast.,Web Review,General Praise,0.0441,1,2026-08-19 10:40:34
12528,250,"Support was polite about my refund request, though it took a while to get a straight answer.",Web Review,Billing Defect,0.4528,1,2026-08-18 08:39:34
12529,721,"Fast shipping and eco-friendly packaging, will order again.",Mobile App,UI Ergonomics,0.1954,1,2026-08-18 08:51:34
12530,216,"The notifications update looks great but it crashed once for me, mixed feelings.",Email Support,Shipping Delay,0.585,0,2026-09-07 15:52:34
12531,692,"Support was polite about my login problem, though it took a while to get resolved.",Mobile App,App Crash,0.682,0,2026-09-09 02:51:34
12532,682,"Customer support resolved my billing issue in 5 minutes, amazing team.",Call Center Note,Billing Defect,0.2695,1,2026-08-17 20:53:34
12533,948,"Great excellent product, highly recommended to everyone!",Mobile App,Billing Defect,0.2036,1,2026-09-01 17:41:34
12534,321,Love the new search update! Very easy.,Mobile App,UI Ergonomics,0.2651,1,2026-08-22 08:20:34
12535,303,"The notifications update looks great but it lags a bit for me, mixed feelings.",Twitter,App Crash,0.6824,0,2026-09-01 07:48:34
12536,215,"Customer support resolved my login problem in under an hour, amazing team.",Web Review,App Crash,0.113,1,2026-09-08 03:34:34
12537,105,"Decent experience overall, support chat was okay.",Call Center Note,App Crash,0.5947,1,2026-09-08 03:10:34
12538,458,"Been on hold for an hour trying to reach a human, this is ridiculous.",Call Center Note,General Praise,0.741,0,2026-09-10 09:42:34
12539,719,The checkout flow redesign makes everything so much smooth.,Twitter,App Crash,0.2097,1,2026-09-03 13:03:34
12540,686,"Fast shipping and nice packaging, will order again.",Mobile App,UI Ergonomics,0.1623,1,2026-08-23 15:07:34
12541,539,The checkout works fine but could use minor improvements.,Mobile App,App Crash,0.5937,1,2026-09-02 02:34:34
12542,564,"Fast shipping and eco-friendly packaging, will order again.",Twitter,Product Quality,0.1938,1,2026-09-11 20:24:34
12543,700,The support chat works fine but could use minor improvements.,Email Support,Billing Defect,0.4162,1,2026-09-03 02:49:34
12544,607,The search redesign makes everything so much fast.,Email Support,UI Ergonomics,0.2448,1,2026-08-14 12:07:34
12545,678,"It does what it says, nothing special about the app.",Twitter,Product Quality,0.5163,1,2026-08-15 15:09:34
12546,933,The checkout works fine but could use minor improvements.,Twitter,Product Quality,0.5442,1,2026-08-14 23:59:34
12547,260,"It does what it says, nothing special about the app.",Email Support,App Crash,0.4962,1,2026-08-24 18:29:34
12548,257,The website works fine but could use minor improvements.,Email Support,General Praise,0.4112,1,2026-08-28 14:22:34
12549,445,The app works fine but could use minor improvements.,Email Support,Shipping Delay,0.5045,1,2026-08-15 00:53:34
12550,298,"Decent experience overall, checkout was okay.",Twitter,App Crash,0.5238,1,2026-08-20 21:35:34
12551,235,The support chat works fine but could use minor improvements.,Mobile App,Product Quality,0.5798,1,2026-08-14 17:31:34
12552,907,"It does what it says, nothing special about the website.",Email Support,Shipping Delay,0.3806,1,2026-08-17 15:13:34
12553,712,"It does what it says, nothing special about the app.",Web Review,Shipping Delay,0.4611,1,2026-09-10 08:35:34
12554,511,"Customer support resolved my billing issue in 5 minutes, amazing team.",Twitter,Billing Defect,0.0428,1,2026-09-04 09:55:34
12555,709,"Mostly happy with the app, just wish the notifications didn't crashed once.",Email Support,General Praise,0.6719,0,2026-08-17 17:53:34
12556,700,"Fast shipping and eco-friendly packaging, will order again.",Twitter,App Crash,0.1866,1,2026-08-31 12:26:34
12557,533,"Support was polite about my login problem, though it took a while to hear back.",Email Support,UI Ergonomics,0.4696,1,2026-08-28 00:18:34
12558,245,"It does what it says, nothing special about the support chat.",Mobile App,Product Quality,0.413,1,2026-09-01 21:25:34
12559,775,"System latency is terrible after the latest update, nothing works.",Call Center Note,Shipping Delay,0.6516,0,2026-08-27 20:55:34
12560,164,"Great excellent product, highly recommended to everyone!",Email Support,General Praise,0.0573,1,2026-08-23 23:56:34
12561,837,"Great excellent product, highly recommended to everyone!",Twitter,Billing Defect,0.0953,1,2026-09-08 23:59:34
12562,971,"Great excellent product, highly recommended to everyone!",Web Review,UI Ergonomics,0.1999,1,2026-09-09 10:15:34
12563,859,"Support was helpful about my login problem, though it took a while to get a straight answer.",Email Support,App Crash,0.6921,0,2026-08-20 11:53:34
12564,817,The dashboard redesign makes everything so much fast.,Call Center Note,Billing Defect,0.1885,1,2026-09-09 09:37:34
12565,142,The checkout works fine but could use minor improvements.,Web Review,UI Ergonomics,0.5429,1,2026-09-11 08:57:34
12566,540,"Support was polite about my refund request, though it took a while to get resolved.",Email Support,Billing Defect,0.5767,0,2026-08-29 19:24:34
12567,396,Love the new dashboard update! Very fast.,Web Review,Shipping Delay,0.1402,1,2026-08-16 03:02:34
12568,852,"Great well-built product, highly recommended to everyone!",Call Center Note,Product Quality,0.151,1,2026-08-22 06:14:34
12569,589,The dashboard redesign makes everything so much fast.,Twitter,UI Ergonomics,0.2098,1,2026-08-21 08:10:34
12570,897,"Major outage across the platform, unable to check out for hours.",Twitter,Shipping Delay,0.8188,0,2026-08-27 09:42:34
12571,501,Really impressed with how fast the mobile app experience is now.,Twitter,Product Quality,0.112,1,2026-08-20 18:06:34
12572,461,"Decent experience overall, app was okay.",Web Review,App Crash,0.5387,1,2026-08-27 03:57:34
12573,192,"Not terrible, but the search still logged me out sometimes after the fix.",Twitter,App Crash,0.6642,0,2026-08-24 16:46:34
12574,720,Love the new checkout flow update! Very intuitive.,Web Review,UI Ergonomics,0.1782,1,2026-08-21 06:21:34
12575,368,"Fast shipping and nice packaging, will order again.",Email Support,Billing Defect,0.0403,1,2026-09-08 22:42:34
12576,119,"Support was polite about my refund request, though it took a while to hear back.",Twitter,Product Quality,0.6508,0,2026-08-16 22:11:34
12577,651,"Double charged on my PayPal account for subscription, fix this immediately!",Call Center Note,App Crash,0.736,0,2026-08-19 15:17:34
12578,491,"Decent experience overall, app was okay.",Mobile App,General Praise,0.3717,1,2026-08-15 15:30:34
12579,509,"The search update looks great but it loaded slowly for me, mixed feelings.",Email Support,UI Ergonomics,0.5458,0,2026-08-18 13:32:34
12580,232,Really impressed with how easy the onboarding experience is now.,Web Review,Shipping Delay,0.1422,1,2026-08-23 10:57:34
12581,574,Really impressed with how fast the onboarding experience is now.,Twitter,App Crash,0.0044,1,2026-08-25 20:49:34
12582,310,"Not terrible, but the dashboard still crashed once sometimes after the fix.",Twitter,UI Ergonomics,0.6572,0,2026-08-18 17:39:34
12583,406,"Major outage across the platform, unable to check out for hours.",Twitter,App Crash,0.8994,0,2026-08-18 00:42:34
12584,581,"Mostly happy with the subscription, just wish the notifications didn't lags a bit.",Web Review,Product Quality,0.459,1,2026-08-29 23:49:34
12585,357,"Not terrible, but the checkout still loaded slowly sometimes after the fix.",Call Center Note,Shipping Delay,0.6576,0,2026-08-21 17:05:34
12586,978,Love the new checkout flow update! Very easy.,Email Support,Billing Defect,0.2427,1,2026-09-05 19:13:34
12587,276,Love the new design update! Very easy.,Email Support,General Praise,0.1859,1,2026-08-21 20:01:34
12588,373,Package arrived empty and support is completely ignoring my emails.,Email Support,Billing Defect,0.8461,0,2026-09-05 02:24:34
12589,301,"Decent experience overall, checkout was okay.",Call Center Note,UI Ergonomics,0.4571,1,2026-09-08 13:50:34
12590,891,"It does what it says, nothing special about the app.",Call Center Note,Shipping Delay,0.3914,1,2026-08-23 18:36:34
12591,277,"Support was helpful about my shipping question, though it took a while to get a straight answer.",Twitter,Product Quality,0.4124,1,2026-09-02 06:19:34
12592,103,"Great excellent product, highly recommended to everyone!",Call Center Note,Shipping Delay,0.1959,1,2026-08-23 20:30:34
12593,374,"Great well-built product, highly recommended to everyone!",Twitter,Billing Defect,0.2657,1,2026-08-31 07:17:34
12594,133,"Customer support resolved my login problem in one message, amazing team.",Call Center Note,App Crash,0.181,1,2026-09-04 05:22:34
12595,966,"Great well-built product, highly recommended to everyone!",Web Review,General Praise,0.1282,1,2026-08-17 18:56:34
12596,505,"Decent experience overall, checkout was okay.",Web Review,Billing Defect,0.419,1,2026-09-07 04:40:34
12597,578,Really impressed with how fast the checkout experience is now.,Twitter,General Praise,0.0769,1,2026-08-31 03:53:34
12598,900,"Fast shipping and secure packaging, will order again.",Mobile App,Shipping Delay,0.2774,1,2026-09-12 12:21:34
12599,864,"It does what it says, nothing special about the app.",Call Center Note,Product Quality,0.4799,1,2026-08-15 01:04:34
12600,963,"Customer support resolved my login problem in under an hour, amazing team.",Mobile App,Billing Defect,0.2774,1,2026-09-06 01:08:34
12601,494,The support chat works fine but could use minor improvements.,Mobile App,Shipping Delay,0.5125,1,2026-08-24 06:23:34
12602,353,"Not terrible, but the checkout still logged me out sometimes after the fix.",Web Review,Shipping Delay,0.6698,0,2026-09-01 20:25:34
12603,781,"Customer support resolved my billing issue in 5 minutes, amazing team.",Twitter,Billing Defect,0.1189,1,2026-08-31 22:17:34
12604,978,"The search update looks great but it crashed once for me, mixed feelings.",Web Review,Product Quality,0.6205,0,2026-09-11 18:03:34
12605,762,The app works fine but could use minor improvements.,Call Center Note,UI Ergonomics,0.5428,1,2026-08-28 11:52:34
12606,686,"Decent experience overall, app was okay.",Web Review,App Crash,0.4468,1,2026-08-27 09:12:34
12607,615,"Customer support resolved my shipping question in one message, amazing team.",Web Review,UI Ergonomics,0.2081,1,2026-08-14 14:42:34
12608,786,"Great well-built product, highly recommended to everyone!",Email Support,Product Quality,0.9032,0,2026-08-19 19:12:34
12609,674,"Double charged on my PayPal account for invoice, fix this immediately!",Web Review,General Praise,0.6705,0,2026-08-17 01:20:34
12610,500,"Fast shipping and secure packaging, will order again.",Twitter,App Crash,0.783,0,2026-08-16 07:15:34
12611,115,"Fast shipping and nice packaging, will order again.",Web Review,App Crash,0.1734,1,2026-09-08 22:10:34
12612,528,The design redesign makes everything so much intuitive.,Email Support,App Crash,0.1472,1,2026-08-24 03:19:34
12613,368,"Not terrible, but the checkout still loaded slowly sometimes after the fix.",Twitter,UI Ergonomics,0.6467,0,2026-09-09 05:55:34
12614,803,The website works fine but could use minor improvements.,Twitter,Billing Defect,0.5295,1,2026-08-24 07:43:34
12615,119,"Great well-built product, highly recommended to everyone!",Mobile App,Shipping Delay,0.2969,1,2026-08-29 20:18:34
12616,283,The search redesign makes everything so much easy.,Mobile App,Product Quality,0.008,1,2026-08-28 23:45:34
12617,721,"Fast shipping and nice packaging, will order again.",Call Center Note,App Crash,0.0006,1,2026-08-25 21:01:34
12618,155,"It does what it says, nothing special about the checkout.",Twitter,General Praise,0.5147,1,2026-08-16 22:42:34
12619,495,"The dashboard update looks great but it loaded slowly for me, mixed feelings.",Web Review,General Praise,0.5506,0,2026-08-25 20:30:34
12620,984,Really impressed with how smooth the checkout experience is now.,Mobile App,Billing Defect,0.2649,1,2026-08-30 19:03:34
12621,970,"Great well-built product, highly recommended to everyone!",Call Center Note,Billing Defect,0.2763,1,2026-08-28 11:18:34
12622,713,"The search bar is completely broken since the last update, losing customers.",Twitter,UI Ergonomics,0.6901,0,2026-09-11 05:25:34
12623,652,"Decent experience overall, app was okay.",Mobile App,Product Quality,0.4009,1,2026-09-11 16:08:34
12624,715,Love the new search update! Very intuitive.,Web Review,Product Quality,0.1206,1,2026-08-21 10:18:34
12625,130,"Great reliable product, highly recommended to everyone!",Mobile App,UI Ergonomics,0.2527,1,2026-08-20 05:18:34
12626,746,Really impressed with how fast the mobile app experience is now.,Email Support,Billing Defect,0.0552,1,2026-08-16 22:37:34
12627,494,"The dashboard update looks great but it lags a bit for me, mixed feelings.",Mobile App,App Crash,0.6158,0,2026-09-04 00:14:34
12628,345,"Support was polite about my shipping question, though it took a while to get resolved.",Call Center Note,Billing Defect,0.5591,0,2026-09-03 06:48:34
12629,370,Package arrived empty and support is completely ignoring my emails.,Email Support,Shipping Delay,0.7181,0,2026-08-23 10:54:34
12630,359,"It does what it says, nothing special about the support chat.",Email Support,Product Quality,0.5076,1,2026-09-04 13:40:34
12631,777,Love the new dashboard update! Very smooth.,Twitter,Shipping Delay,0.2207,1,2026-08-20 21:41:34
12632,192,"Great excellent product, highly recommended to everyone!",Twitter,App Crash,0.8777,0,2026-09-03 09:15:34
12633,935,"The search update looks great but it logged me out for me, mixed feelings.",Mobile App,App Crash,0.571,0,2026-09-10 06:44:34
12634,484,"Not terrible, but the checkout still crashed once sometimes after the fix.",Email Support,App Crash,0.6755,0,2026-08-27 13:12:34
12635,613,"Your subscription deleted all my data without warning, I need this fixed NOW.",Mobile App,General Praise,0.8944,0,2026-09-06 18:21:34
12636,994,"Great reliable product, highly recommended to everyone!",Web Review,General Praise,0.2039,1,2026-08-25 21:29:34
12637,562,The dashboard redesign makes everything so much smooth.,Web Review,App Crash,0.1057,1,2026-09-06 01:57:34
12638,336,"Not terrible, but the dashboard still crashed once sometimes after the fix.",Web Review,Billing Defect,0.6997,0,2026-08-30 20:44:34
12639,695,"Not terrible, but the dashboard still logged me out sometimes after the fix.",Email Support,Product Quality,0.5756,0,2026-09-04 13:43:34
12640,290,Really impressed with how intuitive the onboarding experience is now.,Call Center Note,Product Quality,0.2245,1,2026-08-31 03:04:34
12641,174,"Decent experience overall, website was okay.",Web Review,Product Quality,0.3528,1,2026-09-09 01:39:34
12642,715,"Support was helpful about my login problem, though it took a while to get a straight answer.",Twitter,Product Quality,0.6956,0,2026-09-09 23:16:34
12643,588,Really impressed with how intuitive the onboarding experience is now.,Web Review,Product Quality,0.0962,1,2026-09-05 22:40:34
12644,112,"Not terrible, but the dashboard still crashed once sometimes after the fix.",Email Support,Billing Defect,0.5117,0,2026-08-24 18:16:34
12645,357,The app works fine but could use minor improvements.,Call Center Note,App Crash,0.4808,1,2026-08-17 20:53:34
12646,258,"It does what it says, nothing special about the website.",Twitter,UI Ergonomics,0.594,1,2026-08-13 23:10:34
12647,815,"Double charged on my debit card for account, fix this immediately!",Web Review,UI Ergonomics,0.6674,0,2026-08-20 04:45:34
12648,973,Really impressed with how smooth the checkout experience is now.,Mobile App,Shipping Delay,0.2224,1,2026-09-08 04:28:34
12649,688,"Major outage across the platform, unable to log in for hours.",Web Review,Shipping Delay,0.6558,0,2026-08-20 10:46:34
12650,545,The search redesign makes everything so much intuitive.,Email Support,General Praise,0.01,1,2026-08-30 23:34:34
12651,735,"It does what it says, nothing special about the website.",Twitter,Billing Defect,0.5758,0,2026-09-06 02:51:34
12652,536,"Decent experience overall, website was okay.",Web Review,Product Quality,0.3577,1,2026-08-18 04:09:34
12653,682,"Great well-built product, highly recommended to everyone!",Call Center Note,Billing Defect,0.2717,1,2026-09-12 01:20:34
12654,187,"Great reliable product, highly recommended to everyone!",Web Review,General Praise,0.1602,1,2026-08-30 02:32:34
12655,638,The support chat works fine but could use minor improvements.,Web Review,Product Quality,0.5039,1,2026-08-28 16:21:34
12656,969,"Customer support resolved my shipping question in one message, amazing team.",Mobile App,Shipping Delay,0.1926,1,2026-08-24 19:11:34
12657,425,"Great reliable product, highly recommended to everyone!",Twitter,Billing Defect,0.0773,1,2026-09-12 09:39:34
12658,153,"It does what it says, nothing special about the checkout.",Web Review,UI Ergonomics,0.5626,1,2026-09-05 02:02:34
12659,163,The app works fine but could use minor improvements.,Twitter,UI Ergonomics,0.4741,1,2026-08-17 10:31:34
12660,736,Really impressed with how intuitive the onboarding experience is now.,Call Center Note,Product Quality,0.044,1,2026-08-16 17:56:34
12661,405,The search redesign makes everything so much intuitive.,Twitter,Shipping Delay,0.063,1,2026-08-27 15:34:34
12662,377,"Decent experience overall, checkout was okay.",Web Review,UI Ergonomics,0.5125,0,2026-08-14 16:27:34
12663,105,"Not terrible, but the search still crashed once sometimes after the fix.",Web Review,UI Ergonomics,0.4946,1,2026-08-28 03:25:34
12664,973,"Double charged on my debit card for order, fix this immediately!",Email Support,Billing Defect,0.9921,0,2026-09-04 12:19:34
12665,460,Really impressed with how intuitive the mobile app experience is now.,Web Review,App Crash,0.1779,1,2026-08-25 03:48:34
12666,657,"Double charged on my PayPal account for account, fix this immediately!",Mobile App,General Praise,0.8281,0,2026-08-17 20:39:34
12667,501,"Decent experience overall, checkout was okay.",Email Support,App Crash,0.4178,1,2026-09-09 22:15:34
12668,102,"Fast shipping and nice packaging, will order again.",Mobile App,Shipping Delay,0.194,1,2026-08-14 00:46:34
12669,382,Love the new checkout flow update! Very fast.,Mobile App,App Crash,0.2678,1,2026-09-10 00:22:34
12670,797,Really impressed with how intuitive the onboarding experience is now.,Twitter,Product Quality,0.0244,1,2026-08-30 22:20:34
12671,940,"Support was friendly about my shipping question, though it took a while to get resolved.",Call Center Note,Product Quality,0.4716,1,2026-08-31 16:36:34
12672,775,"Great well-built product, highly recommended to everyone!",Web Review,Product Quality,0.2916,1,2026-09-07 02:46:34
12673,192,"Been on hold for an hour trying to reach a human, this is ridiculous.",Web Review,Shipping Delay,0.7051,0,2026-09-02 10:05:34
12674,235,"Customer support resolved my billing issue in one message, amazing team.",Twitter,Billing Defect,0.071,1,2026-08-22 03:48:34
12675,619,"Fast shipping and eco-friendly packaging, will order again.",Mobile App,UI Ergonomics,0.9209,0,2026-09-04 16:46:34
12676,795,"The search bar is completely broken since the last update, losing customers.",Mobile App,Product Quality,0.8588,0,2026-09-10 12:18:34
12677,976,"Major outage across the platform, unable to log in for hours.",Twitter,UI Ergonomics,0.6776,0,2026-08-30 17:55:34
12678,451,"Your account deleted all my data without warning, I need this fixed NOW.",Twitter,UI Ergonomics,0.8437,0,2026-08-24 11:37:34
12679,402,The app works fine but could use minor improvements.,Web Review,General Praise,0.4985,1,2026-08-20 18:00:34
12680,107,"Your subscription deleted all my data without warning, I need this fixed NOW.",Web Review,UI Ergonomics,0.8602,0,2026-08-25 22:12:34
12681,984,"Mostly happy with the subscription, just wish the notifications didn't loaded slowly.",Call Center Note,General Praise,0.6095,0,2026-08-19 18:41:34
12682,863,"Customer support resolved my billing issue in under an hour, amazing team.",Mobile App,Product Quality,0.2252,1,2026-09-08 13:30:34
12683,923,The checkout works fine but could use minor improvements.,Web Review,UI Ergonomics,0.4553,1,2026-08-19 12:53:34
12684,102,"Customer support resolved my billing issue in under an hour, amazing team.",Email Support,App Crash,0.2109,1,2026-08-14 03:16:34
12685,232,"Been on hold for 45 minutes trying to reach a human, this is ridiculous.",Email Support,UI Ergonomics,0.909,0,2026-09-07 19:11:34
12686,932,Love the new dashboard update! Very easy.,Mobile App,UI Ergonomics,0.1551,1,2026-08-24 06:44:34
12687,145,"Been on hold for 45 minutes trying to reach a human, this is ridiculous.",Twitter,General Praise,0.1981,1,2026-09-06 16:18:34
12688,701,Love the new search update! Very fast.,Mobile App,Billing Defect,0.2512,1,2026-08-23 08:44:34
12689,754,The design redesign makes everything so much intuitive.,Mobile App,App Crash,0.0176,1,2026-08-30 02:54:34
12690,571,"Major outage across the platform, unable to check out for hours.",Email Support,Product Quality,0.7053,0,2026-09-03 19:02:34
12691,944,"Great excellent product, highly recommended to everyone!",Twitter,UI Ergonomics,0.2572,1,2026-08-15 09:55:34
12692,457,"Been on hold for 45 minutes trying to reach a human, this is ridiculous.",Web Review,Shipping Delay,0.6966,0,2026-08-28 03:46:34
12693,670,"Decent experience overall, website was okay.",Call Center Note,Shipping Delay,0.361,1,2026-08-26 12:03:34
12694,674,"Customer support resolved my shipping question in 5 minutes, amazing team.",Mobile App,General Praise,0.9627,0,2026-09-07 11:00:34
12695,959,"Great well-built product, highly recommended to everyone!",Email Support,Shipping Delay,0.1051,1,2026-08-31 15:17:34
12696,226,"Customer support resolved my billing issue in one message, amazing team.",Web Review,Product Quality,0.2383,1,2026-09-05 01:08:34
12697,518,"Been on hold for an hour trying to reach a human, this is ridiculous.",Mobile App,UI Ergonomics,0.6542,0,2026-08-19 20:49:34
12698,984,"Decent experience overall, app was okay.",Twitter,UI Ergonomics,0.4619,1,2026-08-31 23:59:34
12699,616,"System latency is terrible after the server migration, nothing works.",Email Support,Billing Defect,0.9299,0,2026-08-16 17:58:34
12700,750,"Support was friendly about my refund request, though it took a while to get resolved.",Mobile App,UI Ergonomics,0.5324,0,2026-09-05 03:19:34
12701,685,"Great reliable product, highly recommended to everyone!",Mobile App,Shipping Delay,0.0162,1,2026-08-19 09:15:34
12702,414,"Decent experience overall, app was okay.",Web Review,Product Quality,0.4023,1,2026-08-25 14:14:34
12703,199,"Been on hold for an hour trying to reach a human, this is ridiculous.",Email Support,General Praise,0.9062,0,2026-09-03 19:05:34
12704,852,"Great well-built product, highly recommended to everyone!",Mobile App,General Praise,0.1381,1,2026-09-06 09:32:34
12705,967,The search redesign makes everything so much easy.,Web Review,Product Quality,0.2893,1,2026-08-23 07:02:34
12706,721,"Not terrible, but the checkout still crashed once sometimes after the fix.",Web Review,Shipping Delay,0.4584,1,2026-09-11 01:29:34
12707,803,"Fast shipping and eco-friendly packaging, will order again.",Web Review,Billing Defect,0.8359,0,2026-08-21 23:17:34
12708,371,Really impressed with how easy the checkout experience is now.,Twitter,Billing Defect,0.2404,1,2026-09-11 18:04:34
12709,600,Package arrived damaged and support is completely ignoring my emails.,Twitter,App Crash,0.6589,0,2026-08-22 03:34:34
12710,905,"Customer support resolved my shipping question in one message, amazing team.",Twitter,App Crash,0.1811,1,2026-09-08 06:07:34
12711,674,"Fast shipping and eco-friendly packaging, will order again.",Twitter,Shipping Delay,0.0777,1,2026-08-24 10:38:34
12712,768,"Fast shipping and eco-friendly packaging, will order again.",Twitter,Shipping Delay,0.1128,1,2026-08-21 01:00:34
12713,446,"Support was friendly about my shipping question, though it took a while to get resolved.",Twitter,Billing Defect,0.4672,1,2026-08-19 17:41:34
12714,100,The app works fine but could use minor improvements.,Mobile App,UI Ergonomics,0.4938,1,2026-09-10 14:10:34
12715,404,The checkout works fine but could use minor improvements.,Web Review,General Praise,0.4233,1,2026-08-16 17:31:34
12716,939,The dashboard redesign makes everything so much smooth.,Email Support,Billing Defect,0.2399,1,2026-08-28 10:57:34
12717,553,Really impressed with how fast the onboarding experience is now.,Email Support,UI Ergonomics,0.269,1,2026-09-08 09:15:34
12718,130,The design redesign makes everything so much intuitive.,Mobile App,General Praise,0.1653,1,2026-08-31 10:03:34
12719,542,"Customer support resolved my billing issue in one message, amazing team.",Twitter,App Crash,0.0464,1,2026-09-04 22:38:34
12720,843,"Not terrible, but the search still crashed once sometimes after the fix.",Call Center Note,General Praise,0.6818,0,2026-08-15 01:18:34
12721,921,"Fast shipping and eco-friendly packaging, will order again.",Web Review,Billing Defect,0.781,0,2026-08-22 22:52:34
12722,420,Love the new dashboard update! Very easy.,Twitter,Product Quality,0.2393,1,2026-09-05 10:17:34
12723,755,"Customer support resolved my shipping question in under an hour, amazing team.",Web Review,General Praise,0.0254,1,2026-08-27 01:22:34
12724,544,"Customer support resolved my login problem in under an hour, amazing team.",Web Review,Shipping Delay,0.0056,1,2026-09-05 13:28:34
12725,102,"Decent experience overall, support chat was okay.",Web Review,App Crash,0.3844,1,2026-08-14 03:28:34
12726,465,"Customer support resolved my shipping question in under an hour, amazing team.",Web Review,Shipping Delay,0.0573,1,2026-09-01 06:01:34
12727,597,"Great well-built product, highly recommended to everyone!",Call Center Note,App Crash,0.1343,1,2026-08-18 06:32:34
12728,866,"Customer support resolved my shipping question in one message, amazing team.",Call Center Note,Product Quality,0.231,1,2026-08-26 03:50:34
12729,537,The design redesign makes everything so much fast.,Mobile App,Product Quality,0.1796,1,2026-09-10 17:51:34
12730,919,"Great excellent product, highly recommended to everyone!",Twitter,App Crash,0.26,1,2026-09-01 11:49:34
12731,327,"Fast shipping and eco-friendly packaging, will order again.",Call Center Note,Shipping Delay,0.0649,1,2026-08-30 20:34:34
12732,437,"Double charged on my credit card for order, fix this immediately!",Call Center Note,Shipping Delay,0.8812,0,2026-09-08 02:41:34
12733,801,"Customer support resolved my login problem in 5 minutes, amazing team.",Web Review,UI Ergonomics,0.0012,1,2026-08-20 22:50:34
12734,411,"System latency is terrible after the new release, nothing works.",Web Review,Shipping Delay,0.9903,0,2026-08-21 08:58:34
12735,616,Really impressed with how intuitive the checkout experience is now.,Web Review,Billing Defect,0.1193,1,2026-09-05 21:10:34
12736,659,The dashboard redesign makes everything so much intuitive.,Web Review,Billing Defect,0.0615,1,2026-08-28 12:40:34
12737,814,"Great excellent product, highly recommended to everyone!",Mobile App,General Praise,0.1164,1,2026-08-22 14:47:34
12738,578,"Great well-built product, highly recommended to everyone!",Call Center Note,Product Quality,0.1927,1,2026-09-06 22:23:34
12739,627,"Great reliable product, highly recommended to everyone!",Web Review,General Praise,0.0074,1,2026-09-02 17:11:34
12740,103,The search redesign makes everything so much intuitive.,Call Center Note,UI Ergonomics,0.2651,1,2026-08-20 12:48:34
12741,244,The app works fine but could use minor improvements.,Web Review,Billing Defect,0.5599,1,2026-08-31 00:03:34
12742,850,"The checkout update looks great but it loaded slowly for me, mixed feelings.",Web Review,General Praise,0.4968,1,2026-09-05 13:43:34
12743,430,"Mostly happy with the subscription, just wish the notifications didn't loaded slowly.",Email Support,Shipping Delay,0.678,0,2026-09-04 23:29:34
12744,495,"Support was helpful about my login problem, though it took a while to hear back.",Call Center Note,UI Ergonomics,0.5176,0,2026-08-28 21:08:34
12745,158,"Fast shipping and secure packaging, will order again.",Email Support,Billing Defect,0.2568,1,2026-09-01 09:24:34
12746,409,"Mostly happy with the app, just wish the notifications didn't lags a bit.",Email Support,Billing Defect,0.4525,1,2026-09-05 19:58:34
12747,953,"Fast shipping and eco-friendly packaging, will order again.",Twitter,App Crash,0.0015,1,2026-09-06 14:32:34
12748,988,"Not terrible, but the checkout still crashed once sometimes after the fix.",Mobile App,General Praise,0.6509,0,2026-08-16 09:48:34
12749,374,"Support was helpful about my refund request, though it took a while to get resolved.",Twitter,App Crash,0.6646,0,2026-09-05 20:24:34
12750,149,Love the new dashboard update! Very smooth.,Call Center Note,Product Quality,0.2392,1,2026-09-06 20:25:34
12751,784,"It does what it says, nothing special about the checkout.",Call Center Note,Billing Defect,0.5367,1,2026-09-09 02:10:34
12752,964,Really impressed with how smooth the mobile app experience is now.,Call Center Note,UI Ergonomics,0.1427,1,2026-08-19 15:47:34
12753,471,"Great excellent product, highly recommended to everyone!",Web Review,Product Quality,0.1666,1,2026-08-25 19:39:34
12754,462,"Great reliable product, highly recommended to everyone!",Web Review,General Praise,0.2743,1,2026-09-04 21:58:34
12755,754,"It does what it says, nothing special about the app.",Twitter,Product Quality,0.4933,1,2026-08-24 22:48:34
12756,146,"Great well-built product, highly recommended to everyone!",Twitter,General Praise,0.2485,1,2026-09-02 04:29:34
12757,977,"Major outage across the platform, unable to check out for hours.",Mobile App,App Crash,0.7015,0,2026-08-17 14:44:34
12758,579,"Support was helpful about my shipping question, though it took a while to hear back.",Twitter,Shipping Delay,0.5832,0,2026-08-20 12:09:34
12759,645,"Double charged on my PayPal account for invoice, fix this immediately!",Web Review,UI Ergonomics,0.8827,0,2026-08-30 00:26:34
12760,373,Love the new checkout flow update! Very smooth.,Call Center Note,General Praise,0.154,1,2026-08-20 18:03:34
12761,756,"It does what it says, nothing special about the website.",Call Center Note,UI Ergonomics,0.5598,1,2026-09-05 22:10:34
12762,762,"Great excellent product, highly recommended to everyone!",Twitter,App Crash,0.1712,1,2026-09-02 01:23:34
12763,269,"Your invoice deleted all my data without warning, I need this fixed NOW.",Web Review,UI Ergonomics,0.9008,0,2026-09-04 09:19:34
12764,297,"It does what it says, nothing special about the website.",Mobile App,UI Ergonomics,0.3747,1,2026-08-31 20:26:34
12765,797,"It does what it says, nothing special about the website.",Mobile App,Shipping Delay,0.5143,1,2026-08-17 17:12:34
12766,897,The design redesign makes everything so much easy.,Twitter,UI Ergonomics,0.1623,1,2026-08-29 23:36:34
12767,123,The checkout flow redesign makes everything so much easy.,Web Review,App Crash,0.1869,1,2026-08-24 05:43:34
12768,739,Package arrived damaged and support is completely ignoring my emails.,Call Center Note,Product Quality,0.8788,0,2026-08-14 17:52:34
12769,136,"Customer support resolved my billing issue in under an hour, amazing team.",Web Review,Shipping Delay,0.2038,1,2026-08-25 22:18:34
12770,929,Really impressed with how easy the onboarding experience is now.,Web Review,UI Ergonomics,0.2013,1,2026-09-08 22:56:34
12771,608,"Decent experience overall, app was okay.",Email Support,Shipping Delay,0.5068,1,2026-08-22 17:37:34
12772,167,Love the new design update! Very easy.,Email Support,Product Quality,0.2247,1,2026-08-16 11:11:34
12773,622,"It does what it says, nothing special about the app.",Call Center Note,General Praise,0.4895,1,2026-09-11 01:28:34
12774,310,"Not terrible, but the search still logged me out sometimes after the fix.",Call Center Note,Billing Defect,0.5651,0,2026-08-20 14:19:34
12775,508,Really impressed with how easy the checkout experience is now.,Mobile App,App Crash,0.0238,1,2026-08-18 17:29:34
12776,660,Really impressed with how smooth the mobile app experience is now.,Call Center Note,Billing Defect,0.2549,1,2026-08-20 13:22:34
12777,885,Really impressed with how easy the mobile app experience is now.,Twitter,Billing Defect,0.2352,1,2026-09-12 01:08:34
12778,710,Love the new search update! Very easy.,Mobile App,Billing Defect,0.2146,1,2026-08-15 15:50:34
12779,666,"Support was polite about my login problem, though it took a while to get resolved.",Call Center Note,App Crash,0.5768,0,2026-08-23 16:58:34
12780,565,"It does what it says, nothing special about the support chat.",Mobile App,App Crash,0.5153,1,2026-08-27 21:46:34
12781,982,"The export tool is completely broken since the last update, losing customers.",Call Center Note,General Praise,0.8111,0,2026-08-23 18:29:34
12782,598,"Customer support resolved my login problem in under an hour, amazing team.",Web Review,App Crash,0.7928,0,2026-08-18 03:20:34
12783,143,Really impressed with how intuitive the onboarding experience is now.,Email Support,UI Ergonomics,0.0969,1,2026-08-15 00:10:34
12784,386,"The dashboard update looks great but it crashed once for me, mixed feelings.",Email Support,Billing Defect,0.555,0,2026-08-27 16:18:34
12785,152,"Support was polite about my refund request, though it took a while to hear back.",Mobile App,App Crash,0.4192,1,2026-08-23 20:09:34
12786,554,"Great excellent product, highly recommended to everyone!",Mobile App,Shipping Delay,0.0595,1,2026-09-11 02:07:34
12787,993,The design redesign makes everything so much smooth.,Web Review,Product Quality,0.1748,1,2026-09-02 20:00:34
12788,742,"Customer support resolved my billing issue in one message, amazing team.",Email Support,Shipping Delay,0.2921,1,2026-09-01 22:06:34
12789,400,"Great reliable product, highly recommended to everyone!",Mobile App,App Crash,0.2929,1,2026-09-01 18:43:34
12790,323,"Fast shipping and eco-friendly packaging, will order again.",Twitter,Product Quality,0.2443,1,2026-08-28 01:10:34
12791,474,"Not terrible, but the search still lags a bit sometimes after the fix.",Web Review,General Praise,0.5065,0,2026-08-20 19:21:34
12792,502,Really impressed with how intuitive the mobile app experience is now.,Call Center Note,General Praise,0.1318,1,2026-08-23 00:01:34
12793,822,"Customer support resolved my shipping question in 5 minutes, amazing team.",Email Support,General Praise,0.0994,1,2026-08-20 23:11:34
12794,854,"Customer support resolved my billing issue in 5 minutes, amazing team.",Email Support,Billing Defect,0.09,1,2026-09-07 13:09:34
12795,916,"It does what it says, nothing special about the checkout.",Web Review,Billing Defect,0.4844,1,2026-09-03 18:01:34
12796,826,"Great reliable product, highly recommended to everyone!",Email Support,UI Ergonomics,0.2384,1,2026-08-21 13:24:34
12797,390,"Great well-built product, highly recommended to everyone!",Mobile App,General Praise,0.1897,1,2026-09-04 16:24:34
12798,444,"It does what it says, nothing special about the app.",Mobile App,App Crash,0.4562,1,2026-08-21 01:16:34
12799,201,"Double charged on my debit card for order, fix this immediately!",Twitter,Shipping Delay,0.8759,0,2026-08-25 23:06:34
12800,361,"Fast shipping and secure packaging, will order again.",Call Center Note,App Crash,0.2668,1,2026-09-04 16:11:34
12801,929,"Great excellent product, highly recommended to everyone!",Twitter,Product Quality,0.2208,1,2026-08-31 22:51:34
12802,129,"It does what it says, nothing special about the website.",Twitter,UI Ergonomics,0.5928,1,2026-09-11 09:22:34
12803,493,"It does what it says, nothing special about the app.",Twitter,Billing Defect,0.4938,1,2026-09-07 21:42:34
12804,864,"Fast shipping and eco-friendly packaging, will order again.",Web Review,UI Ergonomics,0.1357,1,2026-09-01 08:27:34
12805,346,"The checkout update looks great but it crashed once for me, mixed feelings.",Email Support,App Crash,0.6992,0,2026-08-14 23:26:34
12806,375,Package arrived damaged and support is completely ignoring my emails.,Call Center Note,Product Quality,0.888,0,2026-09-07 06:50:34
12807,326,"System latency is terrible after the new release, nothing works.",Web Review,UI Ergonomics,0.8032,0,2026-08-29 19:32:34
12808,435,Love the new design update! Very easy.,Twitter,General Praise,0.2593,1,2026-08-27 08:56:34
12809,268,"Decent experience overall, app was okay.",Twitter,App Crash,0.5814,0,2026-08-29 11:12:34
12810,414,"Major outage across the platform, unable to check out for hours.",Twitter,UI Ergonomics,0.9678,0,2026-08-15 21:48:34
12811,323,"Been on hold for 45 minutes trying to reach a human, this is ridiculous.",Mobile App,Product Quality,0.8214,0,2026-09-09 02:54:34
12812,727,"Great well-built product, highly recommended to everyone!",Email Support,Shipping Delay,0.2714,1,2026-09-09 00:49:34
12813,369,Really impressed with how intuitive the checkout experience is now.,Mobile App,Shipping Delay,0.2056,1,2026-09-10 04:21:34
12814,860,"System latency is terrible after the new release, nothing works.",Email Support,Shipping Delay,0.7632,0,2026-08-16 09:49:34
12815,662,"Customer support resolved my login problem in under an hour, amazing team.",Web Review,UI Ergonomics,0.2776,1,2026-08-19 22:04:34
12816,873,"It does what it says, nothing special about the website.",Twitter,App Crash,0.4932,1,2026-08-16 12:37:34
12817,185,"Decent experience overall, checkout was okay.",Email Support,General Praise,0.4445,1,2026-09-04 11:06:34
12818,813,The website works fine but could use minor improvements.,Call Center Note,UI Ergonomics,0.4394,1,2026-09-06 10:55:34
12819,108,The checkout flow redesign makes everything so much intuitive.,Email Support,Billing Defect,0.0191,1,2026-09-09 01:23:34
12820,197,The support chat works fine but could use minor improvements.,Call Center Note,App Crash,0.4739,1,2026-08-15 20:57:34
12821,813,"Great well-built product, highly recommended to everyone!",Call Center Note,UI Ergonomics,0.0155,1,2026-08-24 14:03:34
12822,166,"System latency is terrible after the new release, nothing works.",Email Support,App Crash,0.6795,0,2026-09-02 05:30:34
12823,917,"Not terrible, but the search still lags a bit sometimes after the fix.",Call Center Note,Billing Defect,0.3164,1,2026-09-07 11:50:34
12824,879,"The dashboard update looks great but it logged me out for me, mixed feelings.",Web Review,Billing Defect,0.527,0,2026-09-01 00:28:34
12825,772,Really impressed with how smooth the onboarding experience is now.,Twitter,App Crash,0.2591,1,2026-08-16 19:10:34
12826,299,"Mostly happy with the app, just wish the search didn't crashed once.",Mobile App,App Crash,0.5213,0,2026-09-05 08:57:34
12827,272,"Mostly happy with the subscription, just wish the notifications didn't lags a bit.",Email Support,General Praise,0.4979,1,2026-08-17 20:48:34
12828,205,Package arrived damaged and support is completely ignoring my emails.,Email Support,Billing Defect,0.7913,0,2026-08-25 04:08:34
12829,511,"It does what it says, nothing special about the website.",Web Review,App Crash,0.3548,1,2026-08-22 21:12:34
12830,138,The dashboard redesign makes everything so much intuitive.,Mobile App,Shipping Delay,0.0407,1,2026-08-24 01:56:34
12831,486,The dashboard redesign makes everything so much intuitive.,Twitter,General Praise,0.1995,1,2026-08-14 18:29:34
12832,647,"App keeps crashing during checkout step, this is unacceptable!",Email Support,App Crash,0.6899,0,2026-08-23 16:40:34
12833,487,"Customer support resolved my billing issue in one message, amazing team.",Mobile App,App Crash,0.0523,1,2026-08-20 17:20:34
12834,795,"It does what it says, nothing special about the checkout.",Email Support,Shipping Delay,0.4339,1,2026-08-19 06:18:34
12835,724,The support chat works fine but could use minor improvements.,Web Review,UI Ergonomics,0.4246,1,2026-08-13 17:51:34
12836,863,"It does what it says, nothing special about the support chat.",Mobile App,General Praise,0.4573,1,2026-09-09 01:34:34
12837,987,"Customer support resolved my login problem in under an hour, amazing team.",Twitter,Shipping Delay,0.191,1,2026-09-08 14:07:34
12838,464,Really impressed with how fast the onboarding experience is now.,Web Review,Billing Defect,0.1865,1,2026-08-28 17:53:34
12839,967,"Fast shipping and eco-friendly packaging, will order again.",Mobile App,Shipping Delay,0.1113,1,2026-09-04 17:21:34
12840,754,"Fast shipping and nice packaging, will order again.",Call Center Note,Billing Defect,0.1109,1,2026-09-10 17:10:34
12841,478,"Fast shipping and eco-friendly packaging, will order again.",Twitter,App Crash,0.0316,1,2026-08-31 22:02:34
12842,377,Really impressed with how fast the onboarding experience is now.,Web Review,UI Ergonomics,0.0866,1,2026-08-27 23:31:34
12843,816,"Great excellent product, highly recommended to everyone!",Web Review,App Crash,0.1684,1,2026-09-11 08:41:34
12844,824,The checkout flow redesign makes everything so much intuitive.,Web Review,UI Ergonomics,0.0462,1,2026-09-09 11:27:34
12845,568,The checkout works fine but could use minor improvements.,Web Review,App Crash,0.4687,1,2026-09-10 23:24:34
12846,520,"Customer support resolved my login problem in under an hour, amazing team.",Call Center Note,Shipping Delay,0.0638,1,2026-09-05 06:46:34
12847,502,"Customer support resolved my shipping question in one message, amazing team.",Call Center Note,App Crash,0.0078,1,2026-08-26 23:45:34
12848,329,The dashboard redesign makes everything so much smooth.,Call Center Note,Billing Defect,0.1246,1,2026-08-18 03:17:34
12849,925,"Support was friendly about my login problem, though it took a while to get resolved.",Twitter,UI Ergonomics,0.5912,0,2026-08-19 11:17:34
12850,728,"Not terrible, but the search still lags a bit sometimes after the fix.",Web Review,UI Ergonomics,0.6829,0,2026-09-07 17:24:34
12851,220,Love the new dashboard update! Very easy.,Twitter,Billing Defect,0.2196,1,2026-08-26 12:13:34
12852,384,"Support was friendly about my login problem, though it took a while to hear back.",Twitter,General Praise,0.5191,0,2026-09-08 19:54:34
12853,868,Really impressed with how intuitive the checkout experience is now.,Web Review,App Crash,0.2527,1,2026-08-22 05:19:34
12854,925,"Fast shipping and nice packaging, will order again.",Call Center Note,General Praise,0.2244,1,2026-08-27 04:43:34
12855,181,"Been on hold for two hours trying to reach a human, this is ridiculous.",Mobile App,App Crash,0.7418,0,2026-09-11 17:41:34
12856,788,"Not terrible, but the notifications still loaded slowly sometimes after the fix.",Mobile App,UI Ergonomics,0.4265,1,2026-09-07 13:55:34
12857,498,"Decent experience overall, website was okay.",Mobile App,App Crash,0.5,1,2026-08-29 10:36:34
12858,681,The design redesign makes everything so much smooth.,Call Center Note,Shipping Delay,0.1204,1,2026-09-09 03:30:34
12859,320,"Double charged on my credit card for subscription, fix this immediately!",Web Review,General Praise,0.7311,0,2026-09-01 14:21:34
12860,388,Really impressed with how intuitive the mobile app experience is now.,Mobile App,Product Quality,0.0821,1,2026-09-07 08:14:34
12861,985,"Great excellent product, highly recommended to everyone!",Web Review,UI Ergonomics,0.2185,1,2026-09-09 20:19:34
12862,510,The checkout works fine but could use minor improvements.,Mobile App,Shipping Delay,0.5772,1,2026-09-08 20:07:34
12863,265,The design redesign makes everything so much smooth.,Mobile App,App Crash,0.0143,1,2026-09-06 14:55:34
12864,657,"Fast shipping and eco-friendly packaging, will order again.",Mobile App,General Praise,0.2777,1,2026-08-16 19:26:34
12865,965,The design redesign makes everything so much intuitive.,Twitter,Shipping Delay,0.0876,1,2026-09-05 08:40:34
12866,161,"Great reliable product, highly recommended to everyone!",Twitter,Shipping Delay,0.1661,1,2026-08-22 12:07:34
12867,597,"App keeps crashing during upload step, this is unacceptable!",Call Center Note,Billing Defect,0.8479,0,2026-08-22 20:46:34
12868,201,"Fast shipping and nice packaging, will order again.",Mobile App,UI Ergonomics,0.024,1,2026-08-18 19:07:34
12869,967,The app works fine but could use minor improvements.,Mobile App,App Crash,0.4957,1,2026-08-27 07:52:34
12870,922,Really impressed with how smooth the onboarding experience is now.,Mobile App,Shipping Delay,0.2912,1,2026-08-17 16:55:34
12871,813,"The export tool is completely broken since the last update, losing customers.",Mobile App,Product Quality,0.761,0,2026-08-23 05:12:34
12872,980,"Fast shipping and secure packaging, will order again.",Web Review,App Crash,0.1106,1,2026-09-10 01:27:34
12873,773,"Double charged on my credit card for invoice, fix this immediately!",Web Review,Billing Defect,0.7556,0,2026-09-08 19:18:34
12874,998,"Customer support resolved my billing issue in one message, amazing team.",Mobile App,Billing Defect,0.0455,1,2026-08-24 07:47:34
12875,779,"Your subscription deleted all my data without warning, I need this fixed NOW.",Web Review,General Praise,0.766,0,2026-08-21 23:04:34
12876,279,"Not terrible, but the notifications still logged me out sometimes after the fix.",Web Review,General Praise,0.5011,0,2026-08-27 17:04:34
12877,166,Love the new dashboard update! Very fast.,Web Review,Product Quality,0.0849,1,2026-09-07 05:18:34
12878,618,The checkout flow redesign makes everything so much fast.,Call Center Note,Product Quality,0.1278,1,2026-08-23 13:42:34
12879,848,Love the new checkout flow update! Very smooth.,Email Support,UI Ergonomics,0.1773,1,2026-09-03 01:29:34
12880,616,"It does what it says, nothing special about the support chat.",Email Support,App Crash,0.4021,1,2026-08-21 21:38:34
12881,769,"The dashboard update looks great but it crashed once for me, mixed feelings.",Email Support,UI Ergonomics,0.5169,0,2026-08-30 05:13:34
12882,184,"Been on hold for 45 minutes trying to reach a human, this is ridiculous.",Email Support,General Praise,0.8167,0,2026-08-26 00:11:34
12883,763,"System latency is terrible after the latest update, nothing works.",Web Review,App Crash,0.9954,0,2026-08-25 09:08:34
12884,753,"The search bar is completely broken since the last update, losing customers.",Web Review,UI Ergonomics,0.0431,1,2026-09-07 03:52:34
12885,107,Really impressed with how fast the onboarding experience is now.,Web Review,UI Ergonomics,0.1458,1,2026-08-21 04:27:34
12886,775,"It does what it says, nothing special about the app.",Twitter,App Crash,0.3804,1,2026-08-23 22:56:34
12887,113,Package arrived damaged and support is completely ignoring my emails.,Call Center Note,Shipping Delay,0.7112,0,2026-09-03 22:55:34
12888,709,The website works fine but could use minor improvements.,Email Support,Billing Defect,0.4395,1,2026-08-13 13:49:34
12889,333,The checkout works fine but could use minor improvements.,Email Support,Billing Defect,0.4631,1,2026-08-18 18:31:34
12890,892,"Great well-built product, highly recommended to everyone!",Email Support,App Crash,0.0089,1,2026-08-28 00:30:34
12891,706,"Fast shipping and nice packaging, will order again.",Twitter,Billing Defect,0.0494,1,2026-09-02 09:23:34
12892,141,"It does what it says, nothing special about the checkout.",Call Center Note,UI Ergonomics,0.5891,1,2026-09-06 08:58:34
12893,407,The app works fine but could use minor improvements.,Mobile App,Product Quality,0.4371,0,2026-08-26 14:39:34
12894,992,Really impressed with how fast the onboarding experience is now.,Twitter,Product Quality,0.0904,1,2026-08-17 20:50:34
12895,565,"Great reliable product, highly recommended to everyone!",Email Support,General Praise,0.1409,1,2026-09-11 03:14:34
12896,668,"App keeps crashing during payment step, this is unacceptable!",Call Center Note,App Crash,0.6798,0,2026-08-14 13:04:34
12897,699,"Mostly happy with the subscription, just wish the dashboard didn't lags a bit.",Mobile App,General Praise,0.6986,0,2026-08-20 03:47:34
12898,941,"The export tool is completely broken since the last update, losing customers.",Web Review,Product Quality,0.9759,0,2026-09-08 17:14:34
12899,903,"Your account deleted all my data without warning, I need this fixed NOW.",Email Support,Product Quality,0.9852,0,2026-09-08 13:22:34
12900,100,The checkout works fine but could use minor improvements.,Web Review,Product Quality,0.3966,1,2026-09-02 02:00:34
12901,920,Love the new checkout flow update! Very fast.,Call Center Note,UI Ergonomics,0.2682,1,2026-08-14 04:33:34
12902,563,"The dashboard update looks great but it logged me out for me, mixed feelings.",Email Support,Shipping Delay,0.5261,0,2026-09-02 17:26:34
12903,328,Love the new search update! Very fast.,Web Review,General Praise,0.0432,1,2026-09-08 00:14:34
12904,624,"App keeps crashing during payment step, this is unacceptable!",Email Support,App Crash,0.7752,0,2026-09-04 07:30:34
12905,892,The dashboard redesign makes everything so much easy.,Web Review,App Crash,0.0887,1,2026-08-28 05:20:34
12906,356,Love the new checkout flow update! Very intuitive.,Twitter,App Crash,0.0721,1,2026-08-27 05:42:34
12907,213,Love the new checkout flow update! Very smooth.,Email Support,Shipping Delay,0.1363,1,2026-08-24 17:46:34
12908,422,"Fast shipping and secure packaging, will order again.",Web Review,Shipping Delay,0.0324,1,2026-09-09 03:20:34
12909,487,"Fast shipping and nice packaging, will order again.",Mobile App,App Crash,0.2502,1,2026-08-26 03:34:34
12910,326,"Decent experience overall, app was okay.",Twitter,Product Quality,0.4098,1,2026-08-28 21:32:34
12911,184,"Great reliable product, highly recommended to everyone!",Email Support,General Praise,0.0544,1,2026-09-06 23:51:34
12912,948,"Customer support resolved my shipping question in under an hour, amazing team.",Twitter,Product Quality,0.0679,1,2026-09-02 07:38:34
12913,260,"The dashboard update looks great but it crashed once for me, mixed feelings.",Call Center Note,App Crash,0.4298,1,2026-08-19 11:31:34
12914,222,"Double charged on my debit card for invoice, fix this immediately!",Email Support,General Praise,0.8396,0,2026-08-24 11:22:34
12915,954,"Fast shipping and eco-friendly packaging, will order again.",Mobile App,UI Ergonomics,0.1812,1,2026-08-23 14:07:34
12916,336,"Great excellent product, highly recommended to everyone!",Call Center Note,App Crash,0.2914,1,2026-09-05 06:40:34
12917,197,"Your order deleted all my data without warning, I need this fixed NOW.",Call Center Note,Billing Defect,0.7147,0,2026-08-18 08:27:34
12918,718,Really impressed with how intuitive the onboarding experience is now.,Web Review,Billing Defect,0.1121,1,2026-09-09 23:49:34
12919,449,"App keeps crashing during checkout step, this is unacceptable!",Web Review,Billing Defect,0.7143,0,2026-08-30 15:57:34
12920,816,"Your invoice deleted all my data without warning, I need this fixed NOW.",Web Review,Billing Defect,0.9004,0,2026-09-05 21:58:34
12921,693,"Great well-built product, highly recommended to everyone!",Call Center Note,App Crash,0.0927,1,2026-08-23 20:15:34
12922,494,"Your subscription deleted all my data without warning, I need this fixed NOW.",Web Review,UI Ergonomics,0.6979,0,2026-09-06 20:12:34
12923,394,"Great reliable product, highly recommended to everyone!",Twitter,UI Ergonomics,0.1131,1,2026-08-14 02:27:34
12924,206,Love the new checkout flow update! Very fast.,Mobile App,General Praise,0.0587,1,2026-09-03 01:25:34
12925,452,"Fast shipping and eco-friendly packaging, will order again.",Twitter,General Praise,0.2134,1,2026-09-03 22:47:34
12926,263,"Fast shipping and nice packaging, will order again.",Call Center Note,Billing Defect,0.0375,1,2026-09-12 00:12:34
12927,838,"It does what it says, nothing special about the app.",Call Center Note,Billing Defect,0.4517,1,2026-08-20 14:40:34
12928,796,"Double charged on my PayPal account for order, fix this immediately!",Web Review,Billing Defect,0.7868,0,2026-08-31 02:26:34
12929,238,"Fast shipping and secure packaging, will order again.",Twitter,App Crash,0.1283,1,2026-09-04 15:34:34
12930,938,"Your subscription deleted all my data without warning, I need this fixed NOW.",Call Center Note,General Praise,0.6751,0,2026-08-26 11:08:34
12931,185,"Great reliable product, highly recommended to everyone!",Email Support,App Crash,0.0662,1,2026-09-10 02:37:34
12932,564,The app works fine but could use minor improvements.,Email Support,App Crash,0.3572,1,2026-09-08 10:47:34
12933,246,The dashboard redesign makes everything so much intuitive.,Email Support,UI Ergonomics,0.2109,1,2026-08-29 04:47:34
12934,590,Really impressed with how easy the checkout experience is now.,Call Center Note,General Praise,0.1838,1,2026-08-25 06:03:34
12935,173,"System latency is terrible after the new release, nothing works.",Email Support,App Crash,0.8239,0,2026-09-06 08:32:34
12936,497,"Double charged on my credit card for account, fix this immediately!",Email Support,App Crash,0.8836,0,2026-09-01 23:52:34
12937,924,"Support was helpful about my login problem, though it took a while to get resolved.",Twitter,UI Ergonomics,0.6615,0,2026-08-21 20:23:34
12938,354,"Great reliable product, highly recommended to everyone!",Web Review,Shipping Delay,0.0662,1,2026-08-31 08:51:34
12939,551,"Decent experience overall, support chat was okay.",Call Center Note,Shipping Delay,0.5944,1,2026-09-09 07:24:34
12940,122,"Support was helpful about my shipping question, though it took a while to hear back.",Email Support,UI Ergonomics,0.6124,0,2026-09-10 23:36:34
12941,528,"App keeps crashing during upload step, this is unacceptable!",Email Support,UI Ergonomics,0.8525,0,2026-09-06 19:30:34
12942,868,Love the new dashboard update! Very smooth.,Web Review,UI Ergonomics,0.2599,1,2026-09-04 22:01:34
12943,698,The checkout works fine but could use minor improvements.,Twitter,Shipping Delay,0.5255,1,2026-08-25 18:33:34
12944,772,Love the new dashboard update! Very smooth.,Email Support,Billing Defect,0.0903,1,2026-08-21 23:37:34
12945,977,"System latency is terrible after the server migration, nothing works.",Mobile App,Shipping Delay,0.9625,0,2026-08-29 05:07:34
12946,398,Really impressed with how easy the onboarding experience is now.,Mobile App,UI Ergonomics,0.1121,1,2026-08-14 14:52:34
12947,796,"It does what it says, nothing special about the website.",Twitter,App Crash,0.3734,1,2026-08-22 07:17:34
12948,165,"Support was friendly about my refund request, though it took a while to get a straight answer.",Web Review,UI Ergonomics,0.6096,0,2026-08-31 17:32:34
12949,324,"Fast shipping and nice packaging, will order again.",Twitter,Product Quality,0.1186,1,2026-09-01 22:05:34
12950,945,The app works fine but could use minor improvements.,Twitter,Billing Defect,0.5971,1,2026-08-15 17:56:34
12951,936,Really impressed with how fast the mobile app experience is now.,Email Support,Product Quality,0.2754,1,2026-08-22 18:44:34
12952,490,The support chat works fine but could use minor improvements.,Mobile App,Product Quality,0.5623,1,2026-08-21 02:09:34
12953,814,Really impressed with how easy the checkout experience is now.,Twitter,UI Ergonomics,0.2171,1,2026-08-13 21:56:34
12954,997,Really impressed with how fast the mobile app experience is now.,Call Center Note,App Crash,0.2752,1,2026-08-14 14:39:34
12955,153,"Great reliable product, highly recommended to everyone!",Mobile App,App Crash,0.084,1,2026-08-20 03:25:34
12956,483,"Decent experience overall, app was okay.",Mobile App,General Praise,0.577,1,2026-08-13 13:24:34
12957,905,"Your account deleted all my data without warning, I need this fixed NOW.",Call Center Note,General Praise,0.787,0,2026-09-11 17:57:34
12958,690,"App keeps crashing during payment step, this is unacceptable!",Mobile App,Shipping Delay,0.9831,0,2026-08-25 03:15:34
12959,515,Love the new checkout flow update! Very smooth.,Web Review,Product Quality,0.0816,1,2026-08-28 23:42:34
12960,205,"System latency is terrible after the server migration, nothing works.",Email Support,Product Quality,0.7168,0,2026-09-11 21:43:34
12961,301,"Decent experience overall, support chat was okay.",Mobile App,Product Quality,0.4299,1,2026-09-11 14:33:34
12962,558,"Been on hold for two hours trying to reach a human, this is ridiculous.",Mobile App,UI Ergonomics,0.976,0,2026-09-03 00:48:34
12963,772,Love the new design update! Very smooth.,Mobile App,UI Ergonomics,0.0464,1,2026-09-10 02:40:34
12964,209,The dashboard redesign makes everything so much easy.,Email Support,Product Quality,0.2105,1,2026-08-31 05:35:34
12965,951,"Not terrible, but the checkout still lags a bit sometimes after the fix.",Web Review,UI Ergonomics,0.5706,0,2026-08-29 17:32:34
12966,587,Really impressed with how intuitive the mobile app experience is now.,Mobile App,General Praise,0.0598,1,2026-08-28 02:52:34
12967,465,"Great well-built product, highly recommended to everyone!",Call Center Note,Billing Defect,0.0622,1,2026-09-09 06:44:34
12968,352,"Decent experience overall, support chat was okay.",Email Support,App Crash,0.5264,1,2026-08-24 18:42:34
12969,245,The dashboard redesign makes everything so much fast.,Mobile App,UI Ergonomics,0.0478,1,2026-09-04 10:51:34
12970,374,The app works fine but could use minor improvements.,Web Review,UI Ergonomics,0.5203,1,2026-09-07 11:02:34
12971,309,"Support was polite about my refund request, though it took a while to get resolved.",Twitter,UI Ergonomics,0.4455,1,2026-08-21 15:40:34
12972,479,"Not terrible, but the dashboard still crashed once sometimes after the fix.",Mobile App,App Crash,0.4765,1,2026-08-28 01:52:34
12973,104,"Your account deleted all my data without warning, I need this fixed NOW.",Call Center Note,UI Ergonomics,0.7993,0,2026-08-22 04:25:34
12974,754,Love the new search update! Very intuitive.,Web Review,App Crash,0.2658,1,2026-09-07 19:14:34
12975,873,"Customer support resolved my login problem in under an hour, amazing team.",Mobile App,Billing Defect,0.1407,1,2026-09-05 07:55:34
12976,616,"Decent experience overall, website was okay.",Web Review,App Crash,0.5233,1,2026-08-13 13:36:34
12977,149,Love the new design update! Very easy.,Twitter,General Praise,0.2722,1,2026-08-26 04:47:34
12978,794,"Major outage across the platform, unable to reach support for hours.",Mobile App,Shipping Delay,0.7516,0,2026-09-12 11:50:34
12979,902,"Not terrible, but the dashboard still lags a bit sometimes after the fix.",Web Review,Billing Defect,0.6272,0,2026-09-08 21:31:34
12980,544,"Fast shipping and nice packaging, will order again.",Email Support,UI Ergonomics,0.1129,1,2026-08-31 20:12:34
12981,797,"Fast shipping and eco-friendly packaging, will order again.",Web Review,Product Quality,0.0122,1,2026-08-24 04:35:34
12982,255,"Decent experience overall, app was okay.",Twitter,Shipping Delay,0.3544,1,2026-08-19 19:35:34
12983,569,"Fast shipping and secure packaging, will order again.",Call Center Note,App Crash,0.2138,1,2026-08-21 19:32:34
12984,738,"Double charged on my PayPal account for order, fix this immediately!",Mobile App,UI Ergonomics,0.9161,0,2026-08-14 11:37:34
12985,604,"Mostly happy with the service, just wish the dashboard didn't crashed once.",Call Center Note,Billing Defect,0.415,1,2026-08-17 06:39:34
12986,170,"Great excellent product, highly recommended to everyone!",Web Review,General Praise,0.2236,1,2026-08-20 09:46:34
12987,834,"The checkout update looks great but it crashed once for me, mixed feelings.",Twitter,General Praise,0.5204,0,2026-08-25 10:12:34
12988,974,"Great well-built product, highly recommended to everyone!",Twitter,App Crash,0.1367,1,2026-08-28 00:27:34
12989,714,"It does what it says, nothing special about the website.",Twitter,Billing Defect,0.4395,1,2026-08-26 10:16:34
12990,348,"Fast shipping and secure packaging, will order again.",Call Center Note,UI Ergonomics,0.0274,1,2026-09-11 08:26:34
12991,606,"Mostly happy with the app, just wish the search didn't crashed once.",Twitter,General Praise,0.663,0,2026-09-01 01:41:34
12992,978,"Support was friendly about my refund request, though it took a while to hear back.",Call Center Note,App Crash,0.5179,0,2026-09-05 04:25:34
12993,852,"Great excellent product, highly recommended to everyone!",Twitter,Billing Defect,0.0118,1,2026-09-07 08:54:34
12994,117,"The checkout update looks great but it logged me out for me, mixed feelings.",Email Support,Billing Defect,0.6,0,2026-09-09 08:00:34
12995,998,"Your account deleted all my data without warning, I need this fixed NOW.",Mobile App,UI Ergonomics,0.723,0,2026-09-12 04:14:34
12996,530,The website works fine but could use minor improvements.,Twitter,UI Ergonomics,0.5971,1,2026-09-09 17:53:34
12997,138,"Customer support resolved my billing issue in 5 minutes, amazing team.",Call Center Note,Billing Defect,0.2721,1,2026-09-06 11:18:34
12998,844,The dashboard redesign makes everything so much smooth.,Mobile App,Shipping Delay,0.1659,1,2026-09-06 17:10:34
12999,815,"Customer support resolved my shipping question in one message, amazing team.",Email Support,Billing Defect,0.2947,1,2026-08-28 18:26:34
13000,368,The dashboard redesign makes everything so much smooth.,Twitter,General Praise,0.1865,1,2026-09-02 16:49:34
13001,758,"The search update looks great but it loaded slowly for me, mixed feelings.",Mobile App,Product Quality,0.5182,0,2026-08-17 06:21:34
13002,457,Package arrived the wrong item and support is completely ignoring my emails.,Call Center Note,Shipping Delay,0.8723,0,2026-09-03 09:37:34
13003,835,"Great reliable product, highly recommended to everyone!",Twitter,Billing Defect,0.254,1,2026-08-17 12:50:34
13004,108,"Your subscription deleted all my data without warning, I need this fixed NOW.",Call Center Note,UI Ergonomics,0.886,0,2026-09-05 03:29:34
13005,698,The search redesign makes everything so much fast.,Mobile App,General Praise,0.2936,1,2026-08-27 13:17:34
13006,851,"Been on hold for two hours trying to reach a human, this is ridiculous.",Email Support,General Praise,0.7315,0,2026-08-14 19:51:34
13007,200,Love the new search update! Very easy.,Call Center Note,UI Ergonomics,0.1281,1,2026-09-04 07:18:34
13008,341,"Support was friendly about my shipping question, though it took a while to get a straight answer.",Web Review,Product Quality,0.6431,0,2026-09-06 10:54:34
13009,894,Really impressed with how fast the onboarding experience is now.,Twitter,UI Ergonomics,0.0263,1,2026-08-31 18:58:34
13010,627,The website works fine but could use minor improvements.,Call Center Note,Billing Defect,0.4563,1,2026-09-08 10:52:34
13011,936,"Customer support resolved my login problem in one message, amazing team.",Email Support,App Crash,0.1191,1,2026-08-22 00:57:34
13012,927,Really impressed with how smooth the checkout experience is now.,Email Support,Product Quality,0.0874,1,2026-09-06 21:16:34
13013,255,"Your account deleted all my data without warning, I need this fixed NOW.",Web Review,Shipping Delay,0.8679,0,2026-09-09 23:20:34
13014,670,"Fast shipping and eco-friendly packaging, will order again.",Email Support,General Praise,0.0075,1,2026-09-06 17:43:34
13015,397,"App keeps crashing during checkout step, this is unacceptable!",Mobile App,UI Ergonomics,0.9715,0,2026-08-18 11:52:34
13016,685,"Fast shipping and eco-friendly packaging, will order again.",Mobile App,App Crash,0.1449,1,2026-09-09 09:06:34
13017,645,"Great reliable product, highly recommended to everyone!",Web Review,Billing Defect,0.1053,1,2026-09-12 00:31:34
13018,767,"Major outage across the platform, unable to reach support for hours.",Email Support,Billing Defect,0.8,0,2026-08-13 17:10:34
13019,635,"Customer support resolved my login problem in under an hour, amazing team.",Web Review,Product Quality,0.1783,1,2026-09-04 21:01:34
13020,892,"Decent experience overall, app was okay.",Twitter,Product Quality,0.5066,1,2026-08-22 10:41:34
13021,759,"Double charged on my PayPal account for subscription, fix this immediately!",Call Center Note,UI Ergonomics,0.231,1,2026-09-10 23:41:34
13022,511,"Major outage across the platform, unable to log in for hours.",Call Center Note,Shipping Delay,0.8501,0,2026-08-20 07:25:34
13023,221,"Customer support resolved my billing issue in 5 minutes, amazing team.",Call Center Note,Billing Defect,0.1224,1,2026-08-31 00:19:34
13024,300,The app works fine but could use minor improvements.,Mobile App,App Crash,0.5456,1,2026-08-25 10:14:34
13025,818,"Fast shipping and secure packaging, will order again.",Call Center Note,UI Ergonomics,0.2132,1,2026-08-30 01:26:34
13026,434,"It does what it says, nothing special about the checkout.",Web Review,General Praise,0.5985,1,2026-08-17 16:55:34
13027,711,"Great reliable product, highly recommended to everyone!",Email Support,UI Ergonomics,0.1173,1,2026-09-05 02:13:34
13028,313,"It does what it says, nothing special about the support chat.",Email Support,General Praise,0.4857,1,2026-08-27 08:23:34
13029,387,"Decent experience overall, website was okay.",Web Review,General Praise,0.4136,1,2026-09-02 01:08:34
13030,782,The search redesign makes everything so much fast.,Email Support,Product Quality,0.2782,1,2026-08-22 13:00:34
13031,745,The dashboard redesign makes everything so much fast.,Twitter,UI Ergonomics,0.1965,1,2026-09-05 00:34:34
13032,130,"Decent experience overall, checkout was okay.",Web Review,UI Ergonomics,0.4794,1,2026-08-30 03:00:34
13033,518,Love the new checkout flow update! Very intuitive.,Call Center Note,Product Quality,0.0477,1,2026-08-23 11:00:34
13034,540,Really impressed with how fast the checkout experience is now.,Call Center Note,General Praise,0.0732,1,2026-08-28 20:44:34
13035,426,Love the new checkout flow update! Very smooth.,Mobile App,Shipping Delay,0.2289,1,2026-08-14 23:14:34
13036,108,The checkout flow redesign makes everything so much easy.,Mobile App,UI Ergonomics,0.139,1,2026-08-22 11:40:34
13037,557,"It does what it says, nothing special about the website.",Twitter,General Praise,0.4918,1,2026-09-04 19:39:34
13038,782,The checkout flow redesign makes everything so much fast.,Mobile App,App Crash,0.1905,1,2026-09-08 02:31:34
13039,212,Love the new search update! Very intuitive.,Email Support,Billing Defect,0.1005,1,2026-08-19 13:18:34
13040,289,Really impressed with how smooth the checkout experience is now.,Call Center Note,Billing Defect,0.7023,0,2026-08-27 16:49:34
13041,371,The app works fine but could use minor improvements.,Twitter,App Crash,0.3848,1,2026-09-04 21:14:34
13042,202,"Great excellent product, highly recommended to everyone!",Mobile App,App Crash,0.0236,1,2026-08-24 09:28:34
13043,466,The design redesign makes everything so much fast.,Twitter,UI Ergonomics,0.2981,1,2026-08-25 12:59:34
13044,783,"Been on hold for two hours trying to reach a human, this is ridiculous.",Email Support,Billing Defect,0.7831,0,2026-08-15 20:14:34
13045,793,"Fast shipping and nice packaging, will order again.",Email Support,Shipping Delay,0.1586,1,2026-08-26 19:57:34
13046,141,The checkout works fine but could use minor improvements.,Call Center Note,General Praise,0.508,1,2026-08-17 04:41:34
13047,411,"Great excellent product, highly recommended to everyone!",Email Support,Shipping Delay,0.0235,1,2026-08-27 17:55:34
13048,527,"Customer support resolved my shipping question in under an hour, amazing team.",Twitter,UI Ergonomics,0.2096,1,2026-08-22 00:05:34
13049,494,Love the new search update! Very easy.,Mobile App,App Crash,0.0599,1,2026-08-17 11:18:34
13050,880,"Fast shipping and eco-friendly packaging, will order again.",Twitter,UI Ergonomics,0.289,1,2026-08-25 05:29:34
13051,623,"Customer support resolved my login problem in 5 minutes, amazing team.",Web Review,UI Ergonomics,0.1541,1,2026-08-20 18:56:34
13052,952,"App keeps crashing during upload step, this is unacceptable!",Web Review,App Crash,0.8499,0,2026-08-14 10:27:34
13053,862,"Customer support resolved my shipping question in one message, amazing team.",Web Review,Billing Defect,0.1008,1,2026-08-27 15:51:34
13054,652,"It does what it says, nothing special about the checkout.",Twitter,App Crash,0.5303,1,2026-09-01 13:49:34
13055,894,"The search update looks great but it crashed once for me, mixed feelings.",Call Center Note,Product Quality,0.4841,1,2026-09-06 15:57:34
13056,773,"Great well-built product, highly recommended to everyone!",Email Support,General Praise,0.1032,1,2026-08-20 10:43:34
13057,979,"Your subscription deleted all my data without warning, I need this fixed NOW.",Twitter,Product Quality,0.7903,0,2026-08-21 12:19:34
13058,885,"Customer support resolved my billing issue in 5 minutes, amazing team.",Email Support,UI Ergonomics,0.0766,1,2026-08-30 17:56:34
13059,392,"The checkout update looks great but it logged me out for me, mixed feelings.",Email Support,App Crash,0.5122,0,2026-08-17 09:20:34
13060,729,Really impressed with how intuitive the mobile app experience is now.,Email Support,App Crash,0.0897,1,2026-08-17 08:46:34
13061,221,Really impressed with how intuitive the mobile app experience is now.,Mobile App,Shipping Delay,0.2944,1,2026-08-14 05:40:34
13062,447,"The dashboard update looks great but it crashed once for me, mixed feelings.",Mobile App,UI Ergonomics,0.5169,0,2026-08-23 05:45:34
13063,861,The design redesign makes everything so much easy.,Mobile App,General Praise,0.0424,1,2026-09-05 10:17:34
13064,177,"Support was polite about my refund request, though it took a while to get a straight answer.",Email Support,UI Ergonomics,0.565,0,2026-08-23 10:20:34
13065,240,"Fast shipping and eco-friendly packaging, will order again.",Call Center Note,Product Quality,0.9658,0,2026-09-03 01:16:34
13066,960,"Not terrible, but the notifications still logged me out sometimes after the fix.",Mobile App,Shipping Delay,0.6551,0,2026-08-22 11:02:34
13067,281,"Major outage across the platform, unable to check out for hours.",Mobile App,App Crash,0.6679,0,2026-09-11 22:14:34
13068,862,"Support was friendly about my login problem, though it took a while to get a straight answer.",Email Support,General Praise,0.5839,0,2026-08-29 06:34:34
13069,506,"Customer support resolved my shipping question in under an hour, amazing team.",Mobile App,App Crash,0.1509,1,2026-09-12 00:49:34
13070,310,"Great excellent product, highly recommended to everyone!",Email Support,UI Ergonomics,0.1814,1,2026-09-03 10:01:34
13071,249,"Great well-built product, highly recommended to everyone!",Twitter,UI Ergonomics,0.0206,1,2026-09-07 04:06:34
13072,557,Love the new design update! Very intuitive.,Twitter,Billing Defect,0.249,1,2026-08-15 17:21:34
13073,161,"Great excellent product, highly recommended to everyone!",Mobile App,Product Quality,0.0731,1,2026-08-27 15:34:34
13074,273,The app works fine but could use minor improvements.,Email Support,App Crash,0.4088,1,2026-08-21 10:15:34
13075,788,"System latency is terrible after the new release, nothing works.",Web Review,Product Quality,0.9059,0,2026-08-19 01:11:34
13076,650,Really impressed with how easy the onboarding experience is now.,Call Center Note,General Praise,0.8754,0,2026-08-17 10:18:34
13077,577,Really impressed with how easy the onboarding experience is now.,Call Center Note,Product Quality,0.2215,1,2026-08-27 10:55:34
13078,462,"Fast shipping and eco-friendly packaging, will order again.",Twitter,Billing Defect,0.0553,1,2026-08-25 05:06:34
13079,544,Love the new design update! Very easy.,Twitter,Shipping Delay,0.274,1,2026-09-08 00:46:34
13080,641,"The notifications update looks great but it lags a bit for me, mixed feelings.",Email Support,Billing Defect,0.4541,1,2026-08-18 12:42:34
13081,365,The design redesign makes everything so much fast.,Email Support,UI Ergonomics,0.2396,1,2026-09-10 01:47:34
13082,290,"Not terrible, but the notifications still logged me out sometimes after the fix.",Web Review,UI Ergonomics,0.5168,0,2026-09-05 04:55:34
13083,804,"The dashboard is completely broken since the last update, losing customers.",Call Center Note,Product Quality,0.907,0,2026-09-01 10:00:34
13084,237,"Fast shipping and nice packaging, will order again.",Web Review,UI Ergonomics,0.1754,1,2026-09-02 13:41:34
13085,300,Love the new checkout flow update! Very fast.,Call Center Note,Product Quality,0.1483,1,2026-09-04 06:19:34
13086,834,Love the new dashboard update! Very intuitive.,Email Support,General Praise,0.0652,1,2026-08-30 20:19:34
13087,280,"Great reliable product, highly recommended to everyone!",Web Review,UI Ergonomics,0.2362,1,2026-08-22 20:06:34
13088,897,Love the new checkout flow update! Very smooth.,Mobile App,General Praise,0.0215,1,2026-08-27 02:07:34
13089,332,"It does what it says, nothing special about the app.",Mobile App,Product Quality,0.4436,1,2026-08-31 13:48:34
13090,590,Really impressed with how easy the onboarding experience is now.,Mobile App,Shipping Delay,0.2662,1,2026-08-31 04:32:34
13091,122,"It does what it says, nothing special about the support chat.",Twitter,UI Ergonomics,0.4983,1,2026-09-07 14:28:34
13092,799,"Customer support resolved my billing issue in 5 minutes, amazing team.",Call Center Note,General Praise,0.0835,1,2026-08-23 21:16:34
13093,248,"Support was friendly about my refund request, though it took a while to hear back.",Call Center Note,Billing Defect,0.573,0,2026-09-11 19:40:34
13094,165,The support chat works fine but could use minor improvements.,Mobile App,Shipping Delay,0.4325,1,2026-08-15 18:53:34
13095,625,"Support was friendly about my refund request, though it took a while to get resolved.",Twitter,Shipping Delay,0.563,0,2026-09-04 08:30:34
13096,813,"System latency is terrible after the latest update, nothing works.",Call Center Note,UI Ergonomics,0.6806,0,2026-09-12 04:34:34
13097,846,"The export tool is completely broken since the last update, losing customers.",Call Center Note,General Praise,0.887,0,2026-08-24 23:42:34
13098,714,"Fast shipping and eco-friendly packaging, will order again.",Mobile App,Shipping Delay,0.1745,1,2026-08-20 20:31:34
13099,974,"Customer support resolved my billing issue in under an hour, amazing team.",Web Review,Shipping Delay,0.0373,1,2026-09-01 12:26:34
13100,747,"The checkout update looks great but it lags a bit for me, mixed feelings.",Email Support,UI Ergonomics,0.5298,0,2026-08-24 14:06:34
13101,572,"Been on hold for 45 minutes trying to reach a human, this is ridiculous.",Email Support,Shipping Delay,0.9402,0,2026-09-02 22:26:34
13102,520,Really impressed with how easy the onboarding experience is now.,Twitter,UI Ergonomics,0.1256,1,2026-09-08 00:41:34
13103,270,Love the new dashboard update! Very smooth.,Mobile App,Billing Defect,0.1176,1,2026-08-22 22:42:34
13104,293,Love the new search update! Very smooth.,Twitter,Billing Defect,0.1278,1,2026-08-31 05:19:34
13105,957,"It does what it says, nothing special about the website.",Twitter,Billing Defect,0.4554,1,2026-09-03 22:00:34
13106,146,The checkout flow redesign makes everything so much fast.,Email Support,General Praise,0.1735,1,2026-09-09 22:01:34
13107,402,"Customer support resolved my login problem in one message, amazing team.",Email Support,Product Quality,0.049,1,2026-08-28 16:02:34
13108,988,"Great well-built product, highly recommended to everyone!",Twitter,General Praise,0.1263,1,2026-09-09 17:15:34
13109,850,The design redesign makes everything so much intuitive.,Twitter,Product Quality,0.1445,1,2026-09-11 06:51:34
13110,171,"Decent experience overall, checkout was okay.",Call Center Note,General Praise,0.3765,1,2026-08-21 21:40:34
13111,283,The checkout works fine but could use minor improvements.,Mobile App,General Praise,0.558,1,2026-08-21 19:25:34
13112,338,"Fast shipping and nice packaging, will order again.",Call Center Note,Product Quality,0.0365,1,2026-08-25 09:37:34
13113,498,"The search update looks great but it logged me out for me, mixed feelings.",Twitter,Billing Defect,0.4955,1,2026-09-09 23:10:34
13114,893,"Decent experience overall, support chat was okay.",Call Center Note,Billing Defect,0.4803,1,2026-09-12 03:03:34
13115,575,Really impressed with how fast the checkout experience is now.,Twitter,General Praise,0.2646,1,2026-08-26 03:35:34
13116,292,Love the new dashboard update! Very smooth.,Email Support,General Praise,0.1383,1,2026-08-17 17:56:34
13117,296,"The checkout update looks great but it crashed once for me, mixed feelings.",Web Review,UI Ergonomics,0.4647,1,2026-08-14 19:51:34
13118,111,"Support was polite about my login problem, though it took a while to get a straight answer.",Twitter,Shipping Delay,0.4679,1,2026-08-19 13:15:34
13119,804,Really impressed with how intuitive the mobile app experience is now.,Call Center Note,Product Quality,0.2553,1,2026-08-23 23:07:34
13120,420,Love the new search update! Very intuitive.,Email Support,Billing Defect,0.0554,1,2026-08-17 19:14:34
13121,666,Love the new checkout flow update! Very fast.,Email Support,App Crash,0.0805,1,2026-08-14 22:04:34
13122,107,"Decent experience overall, website was okay.",Call Center Note,Shipping Delay,0.5521,1,2026-09-02 12:09:34
13123,526,"The checkout update looks great but it loaded slowly for me, mixed feelings.",Email Support,Billing Defect,0.5972,0,2026-09-10 09:38:34
13124,735,"Great excellent product, highly recommended to everyone!",Call Center Note,Product Quality,0.0927,1,2026-08-16 11:21:34
13125,237,"Fast shipping and nice packaging, will order again.",Email Support,Shipping Delay,0.096,1,2026-08-17 18:22:34
13126,941,The design redesign makes everything so much intuitive.,Mobile App,Billing Defect,0.1157,1,2026-09-11 18:44:34
13127,691,"Decent experience overall, checkout was okay.",Call Center Note,App Crash,0.5041,1,2026-08-15 02:54:34
13128,697,"Customer support resolved my billing issue in under an hour, amazing team.",Web Review,Product Quality,0.1147,1,2026-08-21 09:40:34
13129,682,The checkout flow redesign makes everything so much intuitive.,Email Support,Billing Defect,0.0695,1,2026-08-16 11:52:34
13130,902,The dashboard redesign makes everything so much smooth.,Email Support,App Crash,0.2507,1,2026-08-26 06:44:34
13131,624,"Customer support resolved my login problem in 5 minutes, amazing team.",Twitter,Shipping Delay,0.1136,1,2026-09-01 04:22:34
13132,583,"Decent experience overall, website was okay.",Email Support,Billing Defect,0.5881,1,2026-09-06 11:50:34
13133,355,"Mostly happy with the service, just wish the checkout didn't loaded slowly.",Call Center Note,App Crash,0.6436,0,2026-08-30 23:32:34
13134,309,"Customer support resolved my shipping question in under an hour, amazing team.",Email Support,Billing Defect,0.1031,1,2026-09-08 19:19:34
13135,736,"Customer support resolved my shipping question in one message, amazing team.",Email Support,Product Quality,0.271,1,2026-08-25 21:29:34
13136,537,"Fast shipping and secure packaging, will order again.",Call Center Note,UI Ergonomics,0.2597,1,2026-08-26 09:56:34
13137,436,"Decent experience overall, app was okay.",Mobile App,Shipping Delay,0.5599,1,2026-09-03 08:34:34
13138,702,"System latency is terrible after the latest update, nothing works.",Email Support,Shipping Delay,0.6632,0,2026-08-19 17:22:34
13139,857,"Fast shipping and nice packaging, will order again.",Call Center Note,General Praise,0.2804,1,2026-08-31 19:28:34
13140,693,The search redesign makes everything so much easy.,Email Support,UI Ergonomics,0.135,1,2026-08-14 06:19:34
13141,543,"The dashboard update looks great but it lags a bit for me, mixed feelings.",Call Center Note,Billing Defect,0.6617,0,2026-08-17 09:15:34
13142,320,The search redesign makes everything so much smooth.,Call Center Note,Shipping Delay,0.0242,1,2026-09-02 21:47:34
13143,845,"Been on hold for an hour trying to reach a human, this is ridiculous.",Email Support,Billing Defect,0.9402,0,2026-09-12 05:15:34
13144,493,"It does what it says, nothing special about the support chat.",Web Review,General Praise,0.5859,1,2026-08-26 19:56:34
13145,476,"It does what it says, nothing special about the website.",Call Center Note,General Praise,0.4011,1,2026-09-02 07:29:34
13146,384,"Great excellent product, highly recommended to everyone!",Email Support,Billing Defect,0.2649,1,2026-09-11 21:42:34
13147,334,"Decent experience overall, support chat was okay.",Web Review,Shipping Delay,0.5642,1,2026-08-27 15:57:34
13148,582,"Major outage across the platform, unable to log in for hours.",Call Center Note,Product Quality,0.9284,0,2026-08-21 03:43:34
13149,233,"Fast shipping and nice packaging, will order again.",Email Support,Billing Defect,0.0902,1,2026-08-24 11:20:34
13150,995,Really impressed with how easy the checkout experience is now.,Email Support,Product Quality,0.2234,1,2026-08-16 18:20:34
13151,866,"Customer support resolved my shipping question in one message, amazing team.",Web Review,Product Quality,0.0863,1,2026-08-15 20:57:34
13152,960,"Customer support resolved my login problem in one message, amazing team.",Mobile App,Billing Defect,0.8948,0,2026-08-17 03:12:34
13153,186,"Customer support resolved my login problem in one message, amazing team.",Call Center Note,General Praise,0.1734,1,2026-08-23 00:02:34
13154,250,"Major outage across the platform, unable to reach support for hours.",Web Review,UI Ergonomics,0.9722,0,2026-08-29 11:00:34
13155,524,"Fast shipping and nice packaging, will order again.",Twitter,Billing Defect,0.2675,1,2026-08-22 08:38:34
13156,709,"Customer support resolved my login problem in under an hour, amazing team.",Email Support,UI Ergonomics,0.204,1,2026-09-05 16:01:34
13157,207,"Fast shipping and secure packaging, will order again.",Call Center Note,Billing Defect,0.2216,1,2026-08-20 08:50:34
13158,831,"Decent experience overall, support chat was okay.",Mobile App,UI Ergonomics,0.5199,1,2026-08-23 12:32:34
13159,572,"Fast shipping and eco-friendly packaging, will order again.",Web Review,App Crash,0.084,1,2026-09-01 08:02:34
13160,420,"Fast shipping and nice packaging, will order again.",Mobile App,Product Quality,0.283,1,2026-09-10 11:20:34
13161,891,The search redesign makes everything so much easy.,Email Support,Product Quality,0.0795,1,2026-08-25 22:11:34
13162,241,Really impressed with how intuitive the checkout experience is now.,Call Center Note,Shipping Delay,0.2518,1,2026-08-22 04:13:34
13163,587,"Not terrible, but the notifications still lags a bit sometimes after the fix.",Web Review,UI Ergonomics,0.6887,0,2026-09-01 15:03:34
13164,987,"Great excellent product, highly recommended to everyone!",Web Review,UI Ergonomics,0.0795,1,2026-09-03 18:46:34
13165,872,"Mostly happy with the app, just wish the dashboard didn't logged me out.",Web Review,App Crash,0.4894,1,2026-09-12 04:17:34
13166,971,Love the new design update! Very smooth.,Email Support,General Praise,0.193,1,2026-08-15 01:00:34
13167,347,"Great reliable product, highly recommended to everyone!",Email Support,General Praise,0.1071,1,2026-08-25 12:06:34
13168,351,"It does what it says, nothing special about the checkout.",Email Support,App Crash,0.5137,1,2026-08-22 15:10:34
13169,787,"Customer support resolved my login problem in under an hour, amazing team.",Mobile App,Billing Defect,0.2952,1,2026-08-25 08:39:34
13170,698,"The checkout update looks great but it lags a bit for me, mixed feelings.",Email Support,UI Ergonomics,0.6207,0,2026-08-17 01:23:34
13171,204,"Been on hold for an hour trying to reach a human, this is ridiculous.",Email Support,Product Quality,0.9978,0,2026-08-23 07:17:34
13172,847,"Fast shipping and eco-friendly packaging, will order again.",Email Support,UI Ergonomics,0.1205,1,2026-09-02 22:29:34
13173,572,"The dashboard update looks great but it loaded slowly for me, mixed feelings.",Call Center Note,UI Ergonomics,0.6007,0,2026-08-31 17:12:34
13174,116,"Fast shipping and secure packaging, will order again.",Email Support,General Praise,0.2656,1,2026-08-19 13:52:34
13175,835,"Mostly happy with the subscription, just wish the notifications didn't lags a bit.",Twitter,General Praise,0.5926,0,2026-08-24 02:33:34
13176,975,Love the new dashboard update! Very intuitive.,Mobile App,Shipping Delay,0.1489,1,2026-08-26 04:19:34
13177,259,Really impressed with how intuitive the mobile app experience is now.,Mobile App,Shipping Delay,0.1605,1,2026-08-16 00:16:34
13178,414,"Support was polite about my shipping question, though it took a while to hear back.",Web Review,App Crash,0.5128,0,2026-08-23 05:18:34
13179,271,Love the new checkout flow update! Very easy.,Email Support,UI Ergonomics,0.22,1,2026-08-27 03:15:34
13180,205,"Customer support resolved my billing issue in 5 minutes, amazing team.",Mobile App,General Praise,0.0982,1,2026-08-21 02:15:34
13181,184,"Customer support resolved my shipping question in under an hour, amazing team.",Call Center Note,General Praise,0.1935,1,2026-09-01 00:11:34
13182,308,"Not terrible, but the dashboard still logged me out sometimes after the fix.",Email Support,Billing Defect,0.4287,1,2026-09-05 12:32:34
13183,528,Love the new dashboard update! Very fast.,Email Support,Product Quality,0.1542,1,2026-08-17 02:11:34
13184,600,"It does what it says, nothing special about the checkout.",Call Center Note,Product Quality,0.5094,1,2026-08-28 10:32:34
13185,822,"It does what it says, nothing special about the app.",Mobile App,App Crash,0.5522,1,2026-09-07 17:31:34
13186,986,"Great reliable product, highly recommended to everyone!",Mobile App,UI Ergonomics,0.2423,1,2026-09-03 11:38:34
13187,974,"It does what it says, nothing special about the website.",Mobile App,Product Quality,0.4038,1,2026-08-23 13:05:34
13188,142,"It does what it says, nothing special about the app.",Mobile App,App Crash,0.4869,1,2026-09-06 18:27:34
13189,721,"Major outage across the platform, unable to check out for hours.",Twitter,Shipping Delay,0.7162,0,2026-08-20 15:53:34
13190,881,"Your invoice deleted all my data without warning, I need this fixed NOW.",Mobile App,Product Quality,0.9106,0,2026-08-18 03:23:34
13191,402,"It does what it says, nothing special about the checkout.",Mobile App,Billing Defect,0.3887,1,2026-08-26 23:25:34
13192,464,Love the new dashboard update! Very intuitive.,Email Support,App Crash,0.0252,1,2026-08-15 23:22:34
13193,414,"Great excellent product, highly recommended to everyone!",Email Support,Billing Defect,0.0117,1,2026-09-02 23:41:34
13194,517,"The checkout update looks great but it lags a bit for me, mixed feelings.",Email Support,Product Quality,0.585,0,2026-09-07 12:06:34
13195,824,"Decent experience overall, checkout was okay.",Web Review,App Crash,0.4642,1,2026-08-27 10:01:34
13196,288,"Decent experience overall, app was okay.",Call Center Note,Product Quality,0.5458,1,2026-08-17 23:45:34
13197,800,"Major outage across the platform, unable to check out for hours.",Mobile App,Product Quality,0.7034,0,2026-08-18 04:53:34
13198,730,"Double charged on my PayPal account for invoice, fix this immediately!",Mobile App,Billing Defect,0.9938,0,2026-08-16 04:43:34
13199,857,Really impressed with how intuitive the onboarding experience is now.,Mobile App,UI Ergonomics,0.1992,1,2026-09-06 21:22:34
13200,611,Package arrived damaged and support is completely ignoring my emails.,Email Support,General Praise,0.8905,0,2026-08-31 19:37:34
13201,298,"Decent experience overall, support chat was okay.",Email Support,UI Ergonomics,0.5887,1,2026-09-08 14:12:34
13202,335,Really impressed with how smooth the mobile app experience is now.,Twitter,General Praise,0.0012,1,2026-09-11 09:04:34
13203,742,Really impressed with how fast the checkout experience is now.,Web Review,Billing Defect,0.0389,1,2026-08-22 16:13:34
13204,965,The app works fine but could use minor improvements.,Email Support,Product Quality,0.59,1,2026-08-28 23:21:34
13205,225,Really impressed with how intuitive the checkout experience is now.,Twitter,Product Quality,0.2415,1,2026-08-29 10:19:34
13206,439,"Your subscription deleted all my data without warning, I need this fixed NOW.",Call Center Note,General Praise,0.9653,0,2026-08-14 13:36:34
13207,144,"Customer support resolved my shipping question in one message, amazing team.",Email Support,Product Quality,0.1198,1,2026-08-14 19:44:34
13208,967,The checkout works fine but could use minor improvements.,Email Support,UI Ergonomics,0.3532,1,2026-08-25 12:13:34
13209,991,"Not terrible, but the notifications still lags a bit sometimes after the fix.",Mobile App,General Praise,0.3846,1,2026-09-05 09:28:34
13210,309,The checkout flow redesign makes everything so much easy.,Mobile App,Billing Defect,0.1176,1,2026-08-31 05:13:34
13211,672,"Decent experience overall, support chat was okay.",Web Review,Product Quality,0.5513,1,2026-09-05 16:00:34
13212,813,"Fast shipping and secure packaging, will order again.",Call Center Note,Product Quality,0.264,1,2026-08-24 07:59:34
13213,231,"Been on hold for two hours trying to reach a human, this is ridiculous.",Twitter,Product Quality,0.9856,0,2026-08-14 13:34:34
13214,950,Love the new dashboard update! Very easy.,Call Center Note,Shipping Delay,0.0027,1,2026-09-02 20:53:34
13215,224,Love the new design update! Very intuitive.,Email Support,Product Quality,0.1527,1,2026-09-09 05:25:34
13216,835,"Great well-built product, highly recommended to everyone!",Call Center Note,Shipping Delay,0.0738,1,2026-08-27 12:52:34
13217,470,"Double charged on my debit card for invoice, fix this immediately!",Twitter,Shipping Delay,0.9331,0,2026-09-02 13:33:34
13218,853,"System latency is terrible after the new release, nothing works.",Web Review,UI Ergonomics,0.7754,0,2026-08-23 07:18:34
13219,605,The checkout flow redesign makes everything so much intuitive.,Mobile App,Product Quality,0.0378,1,2026-08-25 03:52:34
13220,805,The search redesign makes everything so much easy.,Twitter,Product Quality,0.2504,1,2026-08-21 02:36:34
13221,878,"Support was polite about my shipping question, though it took a while to get resolved.",Mobile App,Product Quality,0.6151,0,2026-08-23 10:53:34
13222,626,"Decent experience overall, website was okay.",Email Support,UI Ergonomics,0.3604,1,2026-09-06 20:58:34
13223,614,Really impressed with how easy the checkout experience is now.,Mobile App,Product Quality,0.272,1,2026-08-31 16:28:34
13224,387,"It does what it says, nothing special about the website.",Call Center Note,Shipping Delay,0.4699,1,2026-09-08 16:17:34
13225,589,"Support was polite about my refund request, though it took a while to hear back.",Email Support,Shipping Delay,0.5909,0,2026-08-28 12:35:34
13226,825,"Customer support resolved my shipping question in one message, amazing team.",Web Review,Shipping Delay,0.1868,1,2026-08-17 11:25:34
13227,260,Love the new checkout flow update! Very easy.,Web Review,UI Ergonomics,0.2052,1,2026-08-28 05:28:34
13228,442,Really impressed with how smooth the mobile app experience is now.,Twitter,Shipping Delay,0.1856,1,2026-09-10 10:06:34
13229,726,"Mostly happy with the subscription, just wish the checkout didn't logged me out.",Web Review,UI Ergonomics,0.5307,0,2026-09-06 14:38:34
13230,311,"Customer support resolved my shipping question in 5 minutes, amazing team.",Email Support,General Praise,0.2741,1,2026-09-05 11:15:34
13231,187,Love the new design update! Very easy.,Email Support,Product Quality,0.2353,1,2026-09-04 03:40:34
13232,877,"Customer support resolved my billing issue in under an hour, amazing team.",Call Center Note,General Praise,0.0434,1,2026-08-23 07:13:34
13233,149,"It does what it says, nothing special about the website.",Call Center Note,General Praise,0.4699,1,2026-09-06 04:17:34
13234,923,"Fast shipping and secure packaging, will order again.",Call Center Note,Billing Defect,0.2082,1,2026-08-26 00:20:34
13235,173,"System latency is terrible after the latest update, nothing works.",Email Support,App Crash,0.9685,0,2026-09-02 11:31:34
13236,597,"Great well-built product, highly recommended to everyone!",Mobile App,Shipping Delay,0.1197,1,2026-08-28 08:49:34
13237,502,"Decent experience overall, app was okay.",Mobile App,Product Quality,0.4363,1,2026-09-02 10:11:34
13238,867,"Mostly happy with the service, just wish the dashboard didn't crashed once.",Twitter,UI Ergonomics,0.4408,1,2026-08-27 02:54:34
13239,457,Love the new design update! Very intuitive.,Web Review,UI Ergonomics,0.2132,1,2026-09-11 00:45:34
13240,187,"Customer support resolved my shipping question in under an hour, amazing team.",Email Support,Shipping Delay,0.2214,1,2026-09-12 01:18:34
13241,564,"Customer support resolved my shipping question in 5 minutes, amazing team.",Email Support,Shipping Delay,0.2583,1,2026-09-07 12:05:34
13242,721,Package arrived empty and support is completely ignoring my emails.,Email Support,UI Ergonomics,0.7138,0,2026-09-04 06:11:34
13243,674,"Great reliable product, highly recommended to everyone!",Call Center Note,Billing Defect,0.7755,0,2026-09-04 09:14:34
13244,170,Love the new design update! Very smooth.,Twitter,Product Quality,0.1368,1,2026-08-26 03:20:34
13245,539,"Decent experience overall, website was okay.",Email Support,Product Quality,0.4348,1,2026-09-07 03:52:34
13246,778,"It does what it says, nothing special about the website.",Call Center Note,UI Ergonomics,0.4793,1,2026-08-25 21:38:34
13247,137,"Not terrible, but the notifications still loaded slowly sometimes after the fix.",Web Review,Billing Defect,0.634,0,2026-08-29 23:25:34
13248,753,"It does what it says, nothing special about the checkout.",Email Support,App Crash,0.5122,1,2026-09-02 04:10:34
13249,677,Really impressed with how easy the onboarding experience is now.,Twitter,App Crash,0.1009,1,2026-08-13 15:20:34
13250,514,"Great well-built product, highly recommended to everyone!",Twitter,Shipping Delay,0.2576,1,2026-08-18 15:21:34
13251,779,"Decent experience overall, support chat was okay.",Mobile App,Billing Defect,0.4667,1,2026-08-19 02:50:34
13252,394,Really impressed with how fast the checkout experience is now.,Call Center Note,Shipping Delay,0.1365,1,2026-08-24 10:59:34
13253,460,Really impressed with how fast the mobile app experience is now.,Email Support,UI Ergonomics,0.161,1,2026-09-05 07:04:34
13254,848,"Decent experience overall, app was okay.",Web Review,Shipping Delay,0.4058,1,2026-08-17 20:26:34
13255,343,"Mostly happy with the app, just wish the notifications didn't loaded slowly.",Twitter,Product Quality,0.5859,0,2026-08-30 04:58:34
13256,867,"Great well-built product, highly recommended to everyone!",Call Center Note,Shipping Delay,0.0053,1,2026-09-04 15:14:34
13257,769,"Great reliable product, highly recommended to everyone!",Web Review,UI Ergonomics,0.1086,1,2026-08-15 12:48:34
13258,298,"It does what it says, nothing special about the checkout.",Web Review,App Crash,0.507,1,2026-08-24 08:44:34
13259,576,"It does what it says, nothing special about the checkout.",Mobile App,Shipping Delay,0.461,1,2026-08-31 17:48:34
13260,604,"Fast shipping and secure packaging, will order again.",Call Center Note,UI Ergonomics,0.2149,1,2026-08-24 16:37:34
13261,630,Love the new checkout flow update! Very fast.,Twitter,UI Ergonomics,0.1716,1,2026-08-26 09:57:34
13262,944,"Not terrible, but the checkout still lags a bit sometimes after the fix.",Web Review,Billing Defect,0.5384,0,2026-08-14 09:29:34
13263,207,"Your order deleted all my data without warning, I need this fixed NOW.",Web Review,General Praise,0.8807,0,2026-08-15 02:56:34
13264,134,"Fast shipping and secure packaging, will order again.",Web Review,Product Quality,0.2372,1,2026-09-02 04:47:34
13265,820,"Customer support resolved my shipping question in under an hour, amazing team.",Twitter,Billing Defect,0.0941,1,2026-08-30 03:16:34
13266,534,"Customer support resolved my shipping question in one message, amazing team.",Web Review,UI Ergonomics,0.2312,1,2026-08-24 21:28:34
13267,464,"Support was helpful about my login problem, though it took a while to get resolved.",Call Center Note,Product Quality,0.5104,0,2026-09-01 01:32:34
13268,319,"App keeps crashing during upload step, this is unacceptable!",Email Support,Billing Defect,0.6948,0,2026-08-23 05:45:34
13269,176,"Decent experience overall, app was okay.",Email Support,App Crash,0.5383,1,2026-08-15 15:53:34
13270,729,"Great excellent product, highly recommended to everyone!",Twitter,UI Ergonomics,0.1477,1,2026-08-31 22:59:34
13271,523,"Customer support resolved my login problem in under an hour, amazing team.",Web Review,Billing Defect,0.2137,1,2026-08-25 17:10:34
13272,789,Love the new dashboard update! Very smooth.,Twitter,Shipping Delay,0.1993,1,2026-09-11 03:19:34
13273,450,"Mostly happy with the app, just wish the search didn't loaded slowly.",Twitter,General Praise,0.5541,0,2026-09-01 09:47:34
13274,824,"It does what it says, nothing special about the support chat.",Mobile App,App Crash,0.5524,1,2026-09-05 13:44:34
13275,929,The search redesign makes everything so much easy.,Twitter,General Praise,0.2817,1,2026-08-19 08:41:34
13276,987,"Customer support resolved my billing issue in under an hour, amazing team.",Twitter,UI Ergonomics,0.188,1,2026-08-17 06:38:34
13277,985,The search redesign makes everything so much intuitive.,Email Support,UI Ergonomics,0.2529,1,2026-08-28 00:16:34
13278,802,"Mostly happy with the service, just wish the notifications didn't loaded slowly.",Email Support,Shipping Delay,0.61,0,2026-08-26 13:15:34
13279,560,Love the new design update! Very fast.,Twitter,Product Quality,0.0256,1,2026-08-14 08:23:34
13280,652,"Customer support resolved my billing issue in 5 minutes, amazing team.",Mobile App,General Praise,0.1658,1,2026-09-09 12:15:34
13281,649,"It does what it says, nothing special about the support chat.",Email Support,UI Ergonomics,0.4782,1,2026-08-17 04:05:34
13282,367,"It does what it says, nothing special about the website.",Call Center Note,App Crash,0.3915,1,2026-08-22 13:02:34
13283,553,"Decent experience overall, app was okay.",Twitter,Product Quality,0.5749,1,2026-08-22 22:34:34
13284,504,Love the new dashboard update! Very smooth.,Email Support,UI Ergonomics,0.1524,1,2026-09-04 11:52:34
13285,211,"App keeps crashing during upload step, this is unacceptable!",Call Center Note,App Crash,0.8815,0,2026-09-03 16:21:34
13286,167,"Mostly happy with the service, just wish the checkout didn't loaded slowly.",Web Review,App Crash,0.5963,0,2026-08-17 18:52:34
13287,205,"The notifications update looks great but it loaded slowly for me, mixed feelings.",Call Center Note,UI Ergonomics,0.5683,0,2026-09-08 15:42:34
13288,436,The website works fine but could use minor improvements.,Web Review,Shipping Delay,0.4468,1,2026-09-10 11:53:34
13289,801,"Mostly happy with the service, just wish the checkout didn't lags a bit.",Twitter,Product Quality,0.4111,1,2026-08-14 10:44:34
13290,444,"Mostly happy with the subscription, just wish the checkout didn't loaded slowly.",Mobile App,General Praise,0.4046,1,2026-09-09 15:36:34
13291,687,"The checkout update looks great but it lags a bit for me, mixed feelings.",Mobile App,App Crash,0.6212,0,2026-08-31 14:09:34
13292,383,"Customer support resolved my shipping question in under an hour, amazing team.",Twitter,Billing Defect,0.8606,0,2026-08-28 15:10:34
13293,449,Love the new dashboard update! Very easy.,Twitter,UI Ergonomics,0.2186,1,2026-08-13 16:10:34
13294,475,"Double charged on my debit card for order, fix this immediately!",Email Support,Product Quality,0.8426,0,2026-08-13 23:50:34
13295,336,"System latency is terrible after the latest update, nothing works.",Call Center Note,Shipping Delay,0.9204,0,2026-08-22 06:16:34
13296,922,The design redesign makes everything so much smooth.,Email Support,Billing Defect,0.1225,1,2026-09-04 08:43:34
13297,822,"Decent experience overall, support chat was okay.",Email Support,Billing Defect,0.4935,1,2026-08-14 16:48:34
13298,190,Really impressed with how smooth the checkout experience is now.,Twitter,Product Quality,0.0141,1,2026-08-24 15:31:34
13299,696,"It does what it says, nothing special about the checkout.",Web Review,Product Quality,0.4419,1,2026-09-08 19:57:34
13300,564,"System latency is terrible after the server migration, nothing works.",Mobile App,UI Ergonomics,0.9328,0,2026-09-04 22:50:34
13301,612,"The search bar is completely broken since the last update, losing customers.",Web Review,Billing Defect,0.7173,0,2026-09-08 14:25:34
13302,104,The checkout works fine but could use minor improvements.,Email Support,Billing Defect,0.5775,1,2026-08-31 08:45:34
13303,672,The checkout works fine but could use minor improvements.,Email Support,Billing Defect,0.4022,1,2026-09-07 21:11:34
13304,162,"Not terrible, but the dashboard still loaded slowly sometimes after the fix.",Mobile App,UI Ergonomics,0.6597,0,2026-08-26 06:02:34
13305,338,"Decent experience overall, support chat was okay.",Mobile App,General Praise,0.5191,1,2026-09-04 00:25:34
13306,530,Love the new dashboard update! Very intuitive.,Web Review,Shipping Delay,0.0531,1,2026-09-05 06:24:34
13307,655,"Great reliable product, highly recommended to everyone!",Email Support,Product Quality,0.9651,0,2026-08-15 11:35:34
13308,654,Really impressed with how easy the mobile app experience is now.,Mobile App,Shipping Delay,0.2406,1,2026-08-31 03:08:34
13309,708,"Your account deleted all my data without warning, I need this fixed NOW.",Call Center Note,Shipping Delay,0.7068,0,2026-09-08 21:37:34
13310,210,"Great reliable product, highly recommended to everyone!",Mobile App,UI Ergonomics,0.1241,1,2026-09-08 17:42:34
13311,449,"Mostly happy with the service, just wish the dashboard didn't logged me out.",Web Review,App Crash,0.6021,0,2026-09-05 19:22:34
13312,315,"Fast shipping and nice packaging, will order again.",Email Support,Product Quality,0.0499,1,2026-08-28 21:26:34
13313,723,"It does what it says, nothing special about the app.",Call Center Note,Shipping Delay,0.5396,1,2026-08-30 19:43:34
13314,488,"Great well-built product, highly recommended to everyone!",Call Center Note,General Praise,0.1251,1,2026-09-09 17:00:34
13315,519,"It does what it says, nothing special about the support chat.",Call Center Note,UI Ergonomics,0.3669,1,2026-08-15 01:18:34
13316,483,"Fast shipping and eco-friendly packaging, will order again.",Web Review,Billing Defect,0.2671,1,2026-09-12 07:02:34
13317,579,"It does what it says, nothing special about the support chat.",Call Center Note,App Crash,0.3861,1,2026-09-02 17:25:34
13318,226,"Double charged on my credit card for invoice, fix this immediately!",Twitter,Product Quality,0.9158,0,2026-09-09 16:34:34
13319,271,"Support was friendly about my refund request, though it took a while to hear back.",Email Support,App Crash,0.5619,0,2026-08-20 23:30:34
13320,731,"It does what it says, nothing special about the website.",Call Center Note,App Crash,0.363,1,2026-08-24 23:55:34
13321,954,The support chat works fine but could use minor improvements.,Web Review,Product Quality,0.5536,1,2026-08-25 06:51:34
13322,295,Really impressed with how smooth the checkout experience is now.,Email Support,UI Ergonomics,0.1836,1,2026-09-06 23:42:34
13323,617,"Great excellent product, highly recommended to everyone!",Email Support,App Crash,0.1796,1,2026-09-04 11:19:34
13324,643,Love the new design update! Very easy.,Call Center Note,Shipping Delay,0.2584,1,2026-08-26 14:11:34
13325,746,"Great excellent product, highly recommended to everyone!",Call Center Note,Billing Defect,0.032,1,2026-08-25 03:57:34
13326,106,"Decent experience overall, checkout was okay.",Email Support,App Crash,0.5761,1,2026-09-02 17:27:34
13327,980,"Mostly happy with the service, just wish the search didn't logged me out.",Web Review,Product Quality,0.6402,0,2026-09-06 15:21:34
13328,143,"Fast shipping and secure packaging, will order again.",Twitter,General Praise,0.1191,1,2026-09-09 08:57:34
13329,135,"Customer support resolved my billing issue in 5 minutes, amazing team.",Mobile App,Product Quality,0.2663,1,2026-08-28 08:31:34
13330,777,"Fast shipping and nice packaging, will order again.",Twitter,Product Quality,0.2854,1,2026-09-03 23:56:34
13331,307,"Fast shipping and nice packaging, will order again.",Mobile App,Shipping Delay,0.2759,1,2026-08-20 16:27:34
13332,585,The checkout flow redesign makes everything so much easy.,Call Center Note,UI Ergonomics,0.0521,1,2026-08-27 14:42:34
13333,654,"Decent experience overall, app was okay.",Call Center Note,Product Quality,0.4086,1,2026-08-13 19:39:34
13334,599,"The notifications update looks great but it lags a bit for me, mixed feelings.",Email Support,Shipping Delay,0.6105,0,2026-08-17 03:01:34
13335,771,The website works fine but could use minor improvements.,Mobile App,Billing Defect,0.5203,1,2026-09-04 18:38:34
13336,240,"Mostly happy with the service, just wish the notifications didn't lags a bit.",Mobile App,Billing Defect,0.4826,1,2026-08-25 18:18:34
13337,464,"Support was helpful about my login problem, though it took a while to get a straight answer.",Twitter,UI Ergonomics,0.6219,0,2026-09-08 12:16:34
13338,592,"Mostly happy with the app, just wish the search didn't lags a bit.",Call Center Note,Shipping Delay,0.6603,0,2026-08-26 19:44:34
13339,605,"Customer support resolved my billing issue in 5 minutes, amazing team.",Twitter,App Crash,0.1719,1,2026-09-07 19:03:34
13340,985,"It does what it says, nothing special about the app.",Email Support,Shipping Delay,0.4566,1,2026-09-02 18:56:34
13341,859,"Customer support resolved my billing issue in 5 minutes, amazing team.",Call Center Note,Shipping Delay,0.1204,1,2026-09-05 06:43:34
13342,209,The search redesign makes everything so much smooth.,Call Center Note,UI Ergonomics,0.0287,1,2026-09-05 02:33:34
13343,458,"Fast shipping and secure packaging, will order again.",Mobile App,Product Quality,0.0397,1,2026-08-19 11:10:34
13344,343,Package arrived the wrong item and support is completely ignoring my emails.,Twitter,General Praise,0.9033,0,2026-08-20 07:35:34
13345,971,"Fast shipping and nice packaging, will order again.",Twitter,UI Ergonomics,0.2494,1,2026-09-09 03:55:34
13346,746,The app works fine but could use minor improvements.,Email Support,Shipping Delay,0.4359,1,2026-08-19 04:49:34
13347,715,"System latency is terrible after the new release, nothing works.",Twitter,Billing Defect,0.8761,0,2026-09-03 18:07:34
13348,910,"Decent experience overall, checkout was okay.",Email Support,App Crash,0.524,1,2026-08-27 03:02:34
13349,233,"Fast shipping and nice packaging, will order again.",Email Support,Product Quality,0.1748,1,2026-08-17 03:30:34
13350,910,The dashboard redesign makes everything so much smooth.,Web Review,General Praise,0.0533,1,2026-09-02 23:25:34
13351,275,"It does what it says, nothing special about the support chat.",Email Support,Shipping Delay,0.5271,1,2026-08-22 05:20:34
13352,573,"Customer support resolved my shipping question in under an hour, amazing team.",Call Center Note,UI Ergonomics,0.258,1,2026-08-21 00:24:34
13353,515,"Fast shipping and eco-friendly packaging, will order again.",Email Support,App Crash,0.143,1,2026-09-06 02:47:34
13354,881,Really impressed with how smooth the onboarding experience is now.,Twitter,Shipping Delay,0.184,1,2026-09-06 19:37:34
13355,528,Really impressed with how fast the onboarding experience is now.,Mobile App,General Praise,0.0879,1,2026-08-14 21:48:34
13356,462,The checkout flow redesign makes everything so much smooth.,Web Review,App Crash,0.1804,1,2026-09-04 06:23:34
13357,953,"Mostly happy with the service, just wish the search didn't loaded slowly.",Twitter,App Crash,0.6084,0,2026-08-30 04:09:34
13358,336,The app works fine but could use minor improvements.,Mobile App,Product Quality,0.4052,1,2026-08-17 08:44:34
13359,795,"Great well-built product, highly recommended to everyone!",Email Support,App Crash,0.2924,1,2026-09-03 18:14:34
13360,286,"It does what it says, nothing special about the app.",Web Review,Shipping Delay,0.538,1,2026-08-16 12:19:34
13361,999,"Decent experience overall, support chat was okay.",Mobile App,General Praise,0.4929,1,2026-08-16 12:15:34
13362,640,"Customer support resolved my shipping question in 5 minutes, amazing team.",Email Support,UI Ergonomics,0.0652,1,2026-08-27 10:50:34
13363,762,"It does what it says, nothing special about the website.",Email Support,Product Quality,0.5585,1,2026-09-01 12:10:34
13364,461,Really impressed with how easy the checkout experience is now.,Twitter,Product Quality,0.2392,1,2026-08-14 10:07:34
13365,898,"Customer support resolved my login problem in 5 minutes, amazing team.",Twitter,UI Ergonomics,0.2225,1,2026-08-28 06:47:34
13366,138,"System latency is terrible after the latest update, nothing works.",Mobile App,UI Ergonomics,0.1382,1,2026-08-27 04:46:34
13367,408,"Fast shipping and nice packaging, will order again.",Twitter,UI Ergonomics,0.2594,1,2026-09-05 10:05:34
13368,390,"Mostly happy with the subscription, just wish the notifications didn't logged me out.",Twitter,General Praise,0.6815,0,2026-08-24 19:56:34
13369,852,"The notifications is completely broken since the last update, losing customers.",Web Review,UI Ergonomics,0.9034,0,2026-08-30 01:39:34
13370,336,"Great well-built product, highly recommended to everyone!",Call Center Note,UI Ergonomics,0.0674,1,2026-09-09 06:06:34
13371,985,"Your subscription deleted all my data without warning, I need this fixed NOW.",Twitter,General Praise,0.9088,0,2026-08-29 07:10:34
13372,947,"Decent experience overall, website was okay.",Call Center Note,Billing Defect,0.4336,1,2026-08-23 14:09:34
13373,958,"Decent experience overall, website was okay.",Twitter,Billing Defect,0.4193,1,2026-08-21 17:53:34
13374,400,"Fast shipping and eco-friendly packaging, will order again.",Web Review,Shipping Delay,0.0304,1,2026-08-14 12:03:34
13375,156,The checkout flow redesign makes everything so much intuitive.,Twitter,App Crash,0.2144,1,2026-08-29 07:15:34
13376,434,"Double charged on my debit card for order, fix this immediately!",Mobile App,Billing Defect,0.6939,0,2026-09-04 16:52:34
13377,155,"Great reliable product, highly recommended to everyone!",Call Center Note,Shipping Delay,0.0973,1,2026-09-11 08:58:34
13378,803,Love the new checkout flow update! Very intuitive.,Email Support,Shipping Delay,0.0457,1,2026-08-31 09:58:34
13379,189,The website works fine but could use minor improvements.,Twitter,Shipping Delay,0.4428,1,2026-08-24 02:26:34
13380,942,Love the new search update! Very smooth.,Email Support,Billing Defect,0.1759,1,2026-08-29 09:56:34
13381,880,"Customer support resolved my shipping question in one message, amazing team.",Mobile App,Product Quality,0.093,1,2026-09-03 22:16:34
13382,501,"The export tool is completely broken since the last update, losing customers.",Web Review,App Crash,0.7753,0,2026-08-21 10:07:34
13383,902,Really impressed with how intuitive the checkout experience is now.,Web Review,Billing Defect,0.8771,0,2026-09-01 04:48:34
13384,343,"Double charged on my PayPal account for account, fix this immediately!",Email Support,App Crash,0.9621,0,2026-08-13 22:31:34
13385,396,Love the new search update! Very easy.,Twitter,Billing Defect,0.2819,1,2026-08-27 19:49:34
13386,530,Really impressed with how easy the mobile app experience is now.,Call Center Note,UI Ergonomics,0.2426,1,2026-09-03 11:29:34
13387,532,"Great excellent product, highly recommended to everyone!",Mobile App,Product Quality,0.2058,1,2026-08-15 10:19:34
13388,883,The design redesign makes everything so much smooth.,Web Review,General Praise,0.0132,1,2026-08-17 21:19:34
13389,637,Really impressed with how intuitive the mobile app experience is now.,Call Center Note,Product Quality,0.0446,1,2026-08-17 23:38:34
13390,772,"Customer support resolved my billing issue in under an hour, amazing team.",Mobile App,UI Ergonomics,0.2398,1,2026-08-24 13:55:34
13391,190,Love the new search update! Very easy.,Call Center Note,General Praise,0.2123,1,2026-08-29 14:13:34
13392,490,The design redesign makes everything so much fast.,Email Support,UI Ergonomics,0.1883,1,2026-09-07 20:35:34
13393,590,"Customer support resolved my login problem in under an hour, amazing team.",Twitter,General Praise,0.0528,1,2026-09-04 17:44:34
13394,397,The app works fine but could use minor improvements.,Web Review,App Crash,0.5183,1,2026-09-11 07:01:34
13395,628,The checkout works fine but could use minor improvements.,Twitter,General Praise,0.545,0,2026-08-14 19:51:34
13396,632,"Customer support resolved my billing issue in under an hour, amazing team.",Call Center Note,Product Quality,0.1811,1,2026-09-11 03:14:34
13397,390,"Great excellent product, highly recommended to everyone!",Call Center Note,Product Quality,0.1925,1,2026-08-22 19:41:34
13398,545,"The notifications update looks great but it loaded slowly for me, mixed feelings.",Web Review,Product Quality,0.5442,0,2026-09-05 23:02:34
13399,881,"Fast shipping and eco-friendly packaging, will order again.",Web Review,Billing Defect,0.0205,1,2026-08-17 08:10:34
13400,940,"Mostly happy with the service, just wish the dashboard didn't lags a bit.",Web Review,App Crash,0.6007,0,2026-08-27 08:06:34
13401,314,The app works fine but could use minor improvements.,Call Center Note,App Crash,0.579,1,2026-08-14 06:10:34
13402,439,"Customer support resolved my login problem in one message, amazing team.",Twitter,App Crash,0.2505,1,2026-09-03 21:28:34
13403,487,"Fast shipping and nice packaging, will order again.",Web Review,General Praise,0.0055,1,2026-09-07 21:02:34
13404,257,"Support was helpful about my refund request, though it took a while to hear back.",Mobile App,Billing Defect,0.485,1,2026-08-20 01:14:34
13405,397,The website works fine but could use minor improvements.,Email Support,Shipping Delay,0.5885,1,2026-08-14 14:23:34
13406,862,"Great reliable product, highly recommended to everyone!",Mobile App,General Praise,0.177,1,2026-09-08 04:00:34
13407,632,The dashboard redesign makes everything so much easy.,Call Center Note,UI Ergonomics,0.1204,1,2026-08-19 15:59:34
13408,912,The support chat works fine but could use minor improvements.,Email Support,App Crash,0.4036,1,2026-09-06 11:06:34
13409,398,"It does what it says, nothing special about the app.",Twitter,Shipping Delay,0.3569,1,2026-08-20 16:19:34
13410,384,The dashboard redesign makes everything so much smooth.,Mobile App,UI Ergonomics,0.1475,1,2026-09-08 08:58:34
13411,496,Really impressed with how easy the checkout experience is now.,Twitter,Product Quality,0.2971,1,2026-09-10 16:44:34
13412,248,"Support was helpful about my refund request, though it took a while to get a straight answer.",Email Support,App Crash,0.5817,0,2026-09-03 02:29:34
13413,138,Really impressed with how easy the onboarding experience is now.,Twitter,App Crash,0.0013,1,2026-08-26 13:51:34
13414,204,"Been on hold for two hours trying to reach a human, this is ridiculous.",Twitter,Shipping Delay,0.8138,0,2026-08-17 02:30:34
13415,744,The design redesign makes everything so much fast.,Twitter,Product Quality,0.0307,1,2026-08-14 01:29:34
13416,920,"Decent experience overall, support chat was okay.",Mobile App,App Crash,0.4578,1,2026-08-23 09:59:34
13417,597,"Fast shipping and secure packaging, will order again.",Call Center Note,Billing Defect,0.166,1,2026-09-09 01:58:34
13418,726,"Customer support resolved my login problem in 5 minutes, amazing team.",Email Support,Product Quality,0.0979,1,2026-08-26 08:16:34
13419,365,The app works fine but could use minor improvements.,Call Center Note,App Crash,0.3862,1,2026-08-24 22:38:34
13420,572,"Fast shipping and nice packaging, will order again.",Twitter,UI Ergonomics,0.2173,1,2026-08-17 00:18:34
13421,992,The website works fine but could use minor improvements.,Mobile App,Product Quality,0.5858,1,2026-08-14 22:53:34
13422,224,"Fast shipping and secure packaging, will order again.",Email Support,Billing Defect,0.1142,1,2026-09-10 00:27:34
13423,565,Really impressed with how easy the onboarding experience is now.,Mobile App,Product Quality,0.885,0,2026-09-08 08:40:34
13424,487,Love the new design update! Very intuitive.,Call Center Note,App Crash,0.2201,1,2026-08-27 08:13:34
13425,396,"Fast shipping and secure packaging, will order again.",Mobile App,Billing Defect,0.1657,1,2026-08-23 13:12:34
13426,206,"Decent experience overall, app was okay.",Mobile App,Product Quality,0.3995,1,2026-09-11 08:21:34
13427,337,"App keeps crashing during login step, this is unacceptable!",Twitter,Shipping Delay,0.9726,0,2026-09-11 11:17:34
13428,469,"App keeps crashing during login step, this is unacceptable!",Web Review,Billing Defect,0.7591,0,2026-09-08 13:45:34
13429,615,Love the new search update! Very easy.,Web Review,Product Quality,0.03,1,2026-08-23 04:43:34
13430,881,"System latency is terrible after the latest update, nothing works.",Web Review,Shipping Delay,0.7419,0,2026-08-27 20:09:34
13431,909,"Support was helpful about my login problem, though it took a while to get a straight answer.",Mobile App,UI Ergonomics,0.693,0,2026-08-25 16:50:34
13432,694,"System latency is terrible after the server migration, nothing works.",Call Center Note,Product Quality,0.7429,0,2026-09-02 23:41:34
13433,502,"System latency is terrible after the latest update, nothing works.",Call Center Note,Shipping Delay,0.863,0,2026-08-17 13:35:34
13434,953,"It does what it says, nothing special about the support chat.",Web Review,Billing Defect,0.5909,1,2026-08-23 17:14:34
13435,761,"Decent experience overall, checkout was okay.",Call Center Note,Billing Defect,0.4084,1,2026-08-29 08:10:34
13436,127,"Not terrible, but the search still lags a bit sometimes after the fix.",Call Center Note,Product Quality,0.6056,0,2026-08-31 23:55:34
13437,331,"Great reliable product, highly recommended to everyone!",Web Review,Billing Defect,0.236,1,2026-08-31 04:45:34
13438,509,Love the new design update! Very fast.,Web Review,Product Quality,0.1322,1,2026-08-27 04:26:34
13439,705,"Fast shipping and secure packaging, will order again.",Email Support,Product Quality,0.1908,1,2026-08-25 00:01:34
13440,927,"Fast shipping and nice packaging, will order again.",Mobile App,Billing Defect,0.2695,1,2026-08-15 22:54:34
13441,597,"Fast shipping and eco-friendly packaging, will order again.",Twitter,General Praise,0.0012,1,2026-09-04 09:13:34
13442,137,"Decent experience overall, website was okay.",Web Review,Product Quality,0.5522,1,2026-08-18 05:12:34
13443,952,"Double charged on my debit card for order, fix this immediately!",Mobile App,Billing Defect,0.8508,0,2026-08-26 04:06:34
13444,929,"Customer support resolved my billing issue in under an hour, amazing team.",Email Support,Shipping Delay,0.086,1,2026-09-09 10:56:34
13445,779,"Mostly happy with the app, just wish the search didn't crashed once.",Call Center Note,General Praise,0.5997,0,2026-09-01 01:08:34
13446,211,"Great reliable product, highly recommended to everyone!",Web Review,General Praise,0.282,1,2026-08-14 17:22:34
13447,875,Really impressed with how intuitive the checkout experience is now.,Mobile App,Shipping Delay,0.9269,0,2026-09-10 14:33:34
13448,319,The dashboard redesign makes everything so much easy.,Web Review,General Praise,0.188,1,2026-08-18 14:23:34
13449,321,The search redesign makes everything so much easy.,Call Center Note,Shipping Delay,0.0706,1,2026-09-01 23:26:34
13450,300,"Customer support resolved my login problem in one message, amazing team.",Call Center Note,Shipping Delay,0.1486,1,2026-09-06 11:00:34
13451,564,"Mostly happy with the service, just wish the search didn't crashed once.",Mobile App,Shipping Delay,0.5977,0,2026-08-17 01:52:34
13452,883,"Customer support resolved my login problem in one message, amazing team.",Web Review,Product Quality,0.0602,1,2026-08-31 06:57:34
13453,203,"The dashboard update looks great but it lags a bit for me, mixed feelings.",Web Review,App Crash,0.5096,0,2026-08-28 01:19:34
13454,502,"Support was polite about my shipping question, though it took a while to get resolved.",Call Center Note,Product Quality,0.5166,0,2026-09-10 09:16:34
13455,939,"Decent experience overall, checkout was okay.",Call Center Note,Product Quality,0.4483,1,2026-09-09 15:22:34
13456,994,"The notifications update looks great but it logged me out for me, mixed feelings.",Twitter,Product Quality,0.4918,1,2026-08-24 07:39:34
13457,841,The support chat works fine but could use minor improvements.,Call Center Note,UI Ergonomics,0.5239,1,2026-08-31 14:37:34
13458,972,The dashboard redesign makes everything so much fast.,Mobile App,Shipping Delay,0.0966,1,2026-08-14 14:28:34
13459,902,"Customer support resolved my login problem in 5 minutes, amazing team.",Mobile App,General Praise,0.0021,1,2026-08-16 00:54:34
13460,699,"Your invoice deleted all my data without warning, I need this fixed NOW.",Web Review,App Crash,0.6758,0,2026-09-08 02:06:34
13461,336,"Decent experience overall, app was okay.",Mobile App,Billing Defect,0.3848,1,2026-09-07 19:45:34
13462,484,Really impressed with how intuitive the mobile app experience is now.,Call Center Note,Product Quality,0.2561,1,2026-08-15 20:22:34
13463,323,Really impressed with how easy the checkout experience is now.,Mobile App,Billing Defect,0.0384,1,2026-08-25 12:26:34
13464,577,The design redesign makes everything so much easy.,Twitter,General Praise,0.2029,1,2026-09-01 07:11:34
13465,241,"Great reliable product, highly recommended to everyone!",Twitter,Billing Defect,0.2174,1,2026-09-06 15:39:34
13466,844,"Customer support resolved my billing issue in under an hour, amazing team.",Web Review,Shipping Delay,0.064,1,2026-08-19 01:11:34
13467,882,"The search update looks great but it lags a bit for me, mixed feelings.",Mobile App,General Praise,0.4467,1,2026-09-11 02:07:34
13468,705,"Support was helpful about my shipping question, though it took a while to get resolved.",Mobile App,UI Ergonomics,0.4951,1,2026-09-03 13:31:34
13469,169,"The search update looks great but it crashed once for me, mixed feelings.",Call Center Note,General Praise,0.4676,1,2026-08-23 21:34:34
13470,750,"Great excellent product, highly recommended to everyone!",Web Review,UI Ergonomics,0.2365,1,2026-08-18 03:29:34
13471,966,"It does what it says, nothing special about the website.",Call Center Note,Product Quality,0.4653,1,2026-08-28 02:54:34
13472,879,"Customer support resolved my billing issue in under an hour, amazing team.",Email Support,Shipping Delay,0.0555,1,2026-08-27 05:29:34
13473,539,"Great excellent product, highly recommended to everyone!",Call Center Note,UI Ergonomics,0.2404,1,2026-09-05 14:31:34
13474,147,"Double charged on my credit card for account, fix this immediately!",Web Review,Shipping Delay,0.9241,0,2026-08-14 14:58:34
13475,961,The design redesign makes everything so much fast.,Email Support,Shipping Delay,0.1686,1,2026-08-29 08:13:34
13476,270,Really impressed with how smooth the mobile app experience is now.,Web Review,Product Quality,0.273,1,2026-09-04 07:30:34
13477,116,Love the new dashboard update! Very fast.,Email Support,UI Ergonomics,0.1731,1,2026-08-24 05:30:34
13478,504,"The dashboard update looks great but it crashed once for me, mixed feelings.",Mobile App,App Crash,0.6659,0,2026-08-20 03:37:34
13479,279,"It does what it says, nothing special about the checkout.",Call Center Note,Shipping Delay,0.3681,1,2026-08-29 04:55:34
13480,915,The search redesign makes everything so much easy.,Call Center Note,App Crash,0.2309,1,2026-09-09 21:34:34
13481,677,"Fast shipping and secure packaging, will order again.",Twitter,Shipping Delay,0.0948,1,2026-09-03 01:30:34
13482,500,The app works fine but could use minor improvements.,Web Review,Billing Defect,0.3661,1,2026-08-23 10:59:34
13483,768,"Fast shipping and nice packaging, will order again.",Web Review,UI Ergonomics,0.2884,1,2026-08-18 06:05:34
13484,312,"Your account deleted all my data without warning, I need this fixed NOW.",Mobile App,Billing Defect,0.9056,0,2026-09-07 05:33:34
13485,816,"Been on hold for 45 minutes trying to reach a human, this is ridiculous.",Twitter,Product Quality,0.6612,0,2026-08-21 01:52:34
13486,958,Really impressed with how intuitive the mobile app experience is now.,Twitter,Billing Defect,0.1399,1,2026-08-15 07:21:34
13487,833,Really impressed with how intuitive the onboarding experience is now.,Web Review,Shipping Delay,0.0515,1,2026-08-26 17:50:34
13488,731,"Customer support resolved my billing issue in 5 minutes, amazing team.",Web Review,Billing Defect,0.8584,0,2026-09-07 13:36:34
13489,547,"It does what it says, nothing special about the support chat.",Twitter,UI Ergonomics,0.4133,1,2026-09-10 10:03:34
13490,848,"Customer support resolved my shipping question in under an hour, amazing team.",Email Support,Shipping Delay,0.0979,1,2026-08-28 15:04:34
13491,133,"App keeps crashing during checkout step, this is unacceptable!",Call Center Note,Billing Defect,0.9849,0,2026-09-10 15:55:34
13492,998,"It does what it says, nothing special about the checkout.",Twitter,App Crash,0.5275,1,2026-08-15 16:28:34
13493,346,"Been on hold for 45 minutes trying to reach a human, this is ridiculous.",Email Support,Billing Defect,0.9986,0,2026-08-20 12:07:34
13494,378,The dashboard redesign makes everything so much smooth.,Twitter,General Praise,0.2116,1,2026-08-26 00:24:34
13495,545,"Decent experience overall, checkout was okay.",Call Center Note,App Crash,0.5517,1,2026-09-08 00:21:34
13496,903,"Double charged on my debit card for invoice, fix this immediately!",Web Review,Product Quality,0.7274,0,2026-08-31 01:29:34
13497,311,"Fast shipping and secure packaging, will order again.",Mobile App,Shipping Delay,0.7972,0,2026-08-30 12:43:34
13498,546,"Decent experience overall, app was okay.",Web Review,Shipping Delay,0.5857,1,2026-09-08 22:14:34
13499,128,"The notifications update looks great but it logged me out for me, mixed feelings.",Mobile App,Shipping Delay,0.6366,0,2026-09-12 08:49:34
13500,950,"Been on hold for an hour trying to reach a human, this is ridiculous.",Twitter,Product Quality,0.6999,0,2026-08-13 16:20:34
13501,937,"Great excellent product, highly recommended to everyone!",Mobile App,General Praise,0.9643,0,2026-09-10 06:31:34
13502,201,"Fast shipping and secure packaging, will order again.",Twitter,Billing Defect,0.1719,1,2026-08-28 12:45:34
13503,266,Really impressed with how fast the checkout experience is now.,Twitter,General Praise,0.0479,1,2026-09-07 16:05:34
13504,566,"Great well-built product, highly recommended to everyone!",Web Review,General Praise,0.2512,1,2026-08-27 08:38:34
13505,413,"Decent experience overall, app was okay.",Web Review,UI Ergonomics,0.5887,1,2026-08-21 10:51:34
13506,189,Really impressed with how intuitive the mobile app experience is now.,Mobile App,Shipping Delay,0.1092,1,2026-08-20 18:15:34
13507,574,"Great well-built product, highly recommended to everyone!",Web Review,General Praise,0.2057,1,2026-09-07 05:50:34
13508,382,"Customer support resolved my login problem in 5 minutes, amazing team.",Call Center Note,Product Quality,0.0663,1,2026-08-14 08:49:34
13509,916,Love the new checkout flow update! Very fast.,Call Center Note,Billing Defect,0.2407,1,2026-09-09 12:08:34
13510,723,"Not terrible, but the checkout still logged me out sometimes after the fix.",Twitter,Shipping Delay,0.648,0,2026-08-28 11:12:34
13511,285,"Great well-built product, highly recommended to everyone!",Mobile App,Shipping Delay,0.2193,1,2026-08-29 13:34:34
13512,973,"Fast shipping and eco-friendly packaging, will order again.",Mobile App,Billing Defect,0.1335,1,2026-08-22 02:09:34
13513,578,The dashboard redesign makes everything so much smooth.,Web Review,App Crash,0.2126,1,2026-09-02 15:21:34
13514,100,"Great well-built product, highly recommended to everyone!",Call Center Note,Product Quality,0.0312,1,2026-08-29 17:58:34
13515,456,The search redesign makes everything so much smooth.,Twitter,App Crash,0.2394,1,2026-08-18 19:25:34
13516,162,"Customer support resolved my login problem in one message, amazing team.",Mobile App,Product Quality,0.1565,1,2026-08-22 10:14:34
13517,691,"Decent experience overall, app was okay.",Call Center Note,Product Quality,0.3825,1,2026-09-10 14:48:34
13518,219,Love the new search update! Very fast.,Twitter,General Praise,0.1171,1,2026-09-08 13:27:34
13519,229,Really impressed with how easy the mobile app experience is now.,Web Review,Billing Defect,0.2652,1,2026-09-11 08:15:34
13520,901,"Great well-built product, highly recommended to everyone!",Twitter,App Crash,0.1182,1,2026-09-06 05:20:34
13521,674,Really impressed with how fast the onboarding experience is now.,Call Center Note,Product Quality,0.154,1,2026-08-31 13:34:34
13522,813,Love the new checkout flow update! Very intuitive.,Twitter,Billing Defect,0.2907,1,2026-09-08 09:20:34
13523,730,"App keeps crashing during upload step, this is unacceptable!",Call Center Note,Product Quality,0.733,0,2026-09-12 06:11:34
13524,775,"Great reliable product, highly recommended to everyone!",Email Support,Shipping Delay,0.1388,1,2026-08-26 03:05:34
13525,274,"App keeps crashing during upload step, this is unacceptable!",Web Review,App Crash,0.791,0,2026-08-31 01:35:34
13526,562,"Great reliable product, highly recommended to everyone!",Email Support,Product Quality,0.1963,1,2026-08-18 11:36:34
13527,627,Love the new checkout flow update! Very intuitive.,Twitter,Product Quality,0.1023,1,2026-09-05 23:43:34
13528,901,"It does what it says, nothing special about the app.",Call Center Note,UI Ergonomics,0.4655,1,2026-08-30 01:51:34
13529,788,"Great reliable product, highly recommended to everyone!",Web Review,Shipping Delay,0.1522,1,2026-09-01 11:29:34
13530,943,The design redesign makes everything so much easy.,Twitter,Shipping Delay,0.1431,1,2026-08-15 06:57:34
13531,960,"Support was polite about my login problem, though it took a while to get a straight answer.",Web Review,UI Ergonomics,0.601,0,2026-08-31 04:08:34
13532,102,"System latency is terrible after the server migration, nothing works.",Web Review,Product Quality,0.8802,0,2026-09-06 20:20:34
13533,828,"It does what it says, nothing special about the website.",Call Center Note,Shipping Delay,0.3872,1,2026-08-26 09:00:34
13534,233,"System latency is terrible after the server migration, nothing works.",Call Center Note,Shipping Delay,0.8536,0,2026-08-15 11:37:34
13535,502,"Customer support resolved my billing issue in 5 minutes, amazing team.",Email Support,App Crash,0.2789,1,2026-08-20 17:40:34
13536,708,"Mostly happy with the service, just wish the notifications didn't lags a bit.",Mobile App,App Crash,0.5869,0,2026-08-19 20:57:34
13537,911,"Customer support resolved my login problem in under an hour, amazing team.",Call Center Note,Shipping Delay,0.1462,1,2026-08-15 00:52:34
13538,142,Really impressed with how fast the checkout experience is now.,Twitter,Billing Defect,0.1104,1,2026-08-15 09:08:34
13539,371,"Not terrible, but the notifications still lags a bit sometimes after the fix.",Email Support,Product Quality,0.4584,1,2026-08-25 23:48:34
13540,677,"Fast shipping and nice packaging, will order again.",Twitter,General Praise,0.2298,1,2026-09-09 16:34:34
13541,114,Package arrived empty and support is completely ignoring my emails.,Web Review,Shipping Delay,0.887,0,2026-08-14 20:49:34
13542,654,"Not terrible, but the checkout still crashed once sometimes after the fix.",Twitter,General Praise,0.4507,1,2026-09-11 07:04:34
13543,461,"Been on hold for an hour trying to reach a human, this is ridiculous.",Twitter,General Praise,0.7491,0,2026-08-13 17:11:34
13544,694,"Great reliable product, highly recommended to everyone!",Email Support,Billing Defect,0.0972,1,2026-08-19 06:07:34
13545,598,"Customer support resolved my shipping question in under an hour, amazing team.",Call Center Note,Product Quality,0.1286,1,2026-08-27 16:46:34
13546,296,"Customer support resolved my billing issue in one message, amazing team.",Call Center Note,General Praise,0.0411,1,2026-09-09 20:26:34
13547,859,"Been on hold for 45 minutes trying to reach a human, this is ridiculous.",Twitter,UI Ergonomics,0.6602,0,2026-09-08 06:09:34
13548,253,"Support was helpful about my shipping question, though it took a while to get resolved.",Mobile App,Product Quality,0.4551,1,2026-09-02 17:31:34
13549,542,"Mostly happy with the app, just wish the checkout didn't loaded slowly.",Web Review,Billing Defect,0.5374,0,2026-08-16 13:44:34
13550,968,Really impressed with how smooth the onboarding experience is now.,Twitter,Shipping Delay,0.0116,1,2026-08-27 14:17:34
13551,217,"Fast shipping and eco-friendly packaging, will order again.",Web Review,App Crash,0.1797,1,2026-08-16 21:07:34
13552,702,"Customer support resolved my shipping question in 5 minutes, amazing team.",Mobile App,General Praise,0.2265,1,2026-09-09 15:42:34
13553,329,"Decent experience overall, website was okay.",Mobile App,UI Ergonomics,0.3781,1,2026-08-17 09:18:34
13554,228,"Decent experience overall, app was okay.",Twitter,Product Quality,0.5665,1,2026-08-24 03:06:34
13555,155,"Fast shipping and secure packaging, will order again.",Email Support,Shipping Delay,0.0839,1,2026-09-10 18:06:34
13556,908,"Fast shipping and secure packaging, will order again.",Twitter,Product Quality,0.1624,1,2026-08-20 03:06:34
13557,950,"System latency is terrible after the latest update, nothing works.",Mobile App,Billing Defect,0.7056,0,2026-08-21 03:16:34
13558,615,"The notifications update looks great but it logged me out for me, mixed feelings.",Call Center Note,Shipping Delay,0.5248,0,2026-08-19 18:26:34
13559,526,"Great reliable product, highly recommended to everyone!",Mobile App,General Praise,0.1225,1,2026-09-01 22:21:34
13560,936,"Great reliable product, highly recommended to everyone!",Email Support,App Crash,0.0467,1,2026-08-29 23:35:34
13561,649,"Not terrible, but the dashboard still logged me out sometimes after the fix.",Email Support,Billing Defect,0.5408,0,2026-09-02 14:40:34
13562,894,"Major outage across the platform, unable to check out for hours.",Mobile App,UI Ergonomics,0.7613,0,2026-08-17 10:48:34
13563,634,"The notifications is completely broken since the last update, losing customers.",Mobile App,Product Quality,0.841,0,2026-08-19 17:19:34
13564,874,"Customer support resolved my login problem in one message, amazing team.",Web Review,Shipping Delay,0.2159,1,2026-08-18 22:58:34
13565,628,"The notifications update looks great but it crashed once for me, mixed feelings.",Web Review,Billing Defect,0.6597,0,2026-08-28 17:59:34
13566,756,"Not terrible, but the checkout still crashed once sometimes after the fix.",Web Review,UI Ergonomics,0.4223,1,2026-08-27 10:13:34
13567,295,The checkout flow redesign makes everything so much smooth.,Mobile App,App Crash,0.0433,1,2026-08-25 11:08:34
13568,376,"Your subscription deleted all my data without warning, I need this fixed NOW.",Mobile App,UI Ergonomics,0.994,0,2026-08-14 08:05:34
13569,102,"Double charged on my PayPal account for account, fix this immediately!",Mobile App,UI Ergonomics,0.8447,0,2026-08-13 13:41:34
13570,274,Really impressed with how easy the checkout experience is now.,Mobile App,UI Ergonomics,0.2617,1,2026-09-03 18:52:34
13571,331,Really impressed with how smooth the checkout experience is now.,Twitter,UI Ergonomics,0.2481,1,2026-09-07 10:56:34
13572,763,Really impressed with how easy the mobile app experience is now.,Email Support,UI Ergonomics,0.1138,1,2026-08-17 07:20:34
13573,684,"Great excellent product, highly recommended to everyone!",Mobile App,Billing Defect,0.0275,1,2026-09-03 20:40:34
13574,481,"Double charged on my debit card for account, fix this immediately!",Mobile App,App Crash,0.6598,0,2026-08-29 08:32:34
13575,335,The search redesign makes everything so much intuitive.,Call Center Note,App Crash,0.2058,1,2026-08-15 00:12:34
13576,739,Package arrived the wrong item and support is completely ignoring my emails.,Call Center Note,UI Ergonomics,0.9654,0,2026-08-25 18:16:34
13577,429,Really impressed with how fast the mobile app experience is now.,Call Center Note,General Praise,0.069,1,2026-09-03 01:21:34
13578,794,"Great excellent product, highly recommended to everyone!",Call Center Note,General Praise,0.104,1,2026-08-25 06:07:34
13579,457,"Customer support resolved my billing issue in under an hour, amazing team.",Twitter,UI Ergonomics,0.025,1,2026-08-26 19:03:34
13580,344,"Your order deleted all my data without warning, I need this fixed NOW.",Web Review,Product Quality,0.9652,0,2026-08-23 23:23:34
13581,803,"Fast shipping and eco-friendly packaging, will order again.",Call Center Note,UI Ergonomics,0.2225,1,2026-08-30 18:44:34
13582,608,Really impressed with how easy the onboarding experience is now.,Mobile App,UI Ergonomics,0.2512,1,2026-08-27 05:23:34
13583,621,Love the new checkout flow update! Very fast.,Mobile App,Shipping Delay,0.1846,1,2026-08-25 22:27:34
13584,615,Love the new design update! Very intuitive.,Web Review,App Crash,0.2868,1,2026-08-26 09:47:34
13585,678,Really impressed with how fast the checkout experience is now.,Call Center Note,Product Quality,0.0766,1,2026-09-07 21:43:34
13586,854,"Support was helpful about my login problem, though it took a while to get resolved.",Call Center Note,Billing Defect,0.4952,1,2026-08-17 22:33:34
13587,647,Love the new design update! Very fast.,Email Support,UI Ergonomics,0.2402,1,2026-09-01 19:51:34
13588,465,The checkout flow redesign makes everything so much intuitive.,Call Center Note,UI Ergonomics,0.2456,1,2026-08-18 21:04:34
13589,766,"Customer support resolved my billing issue in one message, amazing team.",Email Support,General Praise,0.1362,1,2026-09-06 17:21:34
13590,371,"App keeps crashing during payment step, this is unacceptable!",Twitter,Shipping Delay,0.7017,0,2026-09-10 13:28:34
13591,971,"Fast shipping and secure packaging, will order again.",Email Support,Shipping Delay,0.7203,0,2026-09-07 09:30:34
13592,165,The search redesign makes everything so much smooth.,Email Support,UI Ergonomics,0.2155,1,2026-08-25 03:21:34
13593,278,The checkout flow redesign makes everything so much easy.,Call Center Note,App Crash,0.9085,0,2026-09-03 06:07:34
13594,585,"Fast shipping and secure packaging, will order again.",Twitter,Billing Defect,0.1643,1,2026-08-25 10:51:34
13595,377,"Not terrible, but the search still loaded slowly sometimes after the fix.",Email Support,App Crash,0.5008,0,2026-09-10 19:15:34
13596,734,"Customer support resolved my login problem in under an hour, amazing team.",Call Center Note,Product Quality,0.2593,1,2026-09-12 01:21:34
13597,625,The search redesign makes everything so much easy.,Email Support,UI Ergonomics,0.0992,1,2026-08-26 22:32:34
13598,239,"Customer support resolved my login problem in 5 minutes, amazing team.",Call Center Note,General Praise,0.0347,1,2026-08-23 05:06:34
13599,779,"The notifications update looks great but it loaded slowly for me, mixed feelings.",Mobile App,General Praise,0.4546,1,2026-09-08 23:29:34
13600,256,"Decent experience overall, website was okay.",Email Support,Product Quality,0.521,0,2026-08-26 13:10:34
13601,785,"Fast shipping and secure packaging, will order again.",Email Support,UI Ergonomics,0.0727,1,2026-08-18 22:12:34
13602,822,Love the new checkout flow update! Very easy.,Twitter,General Praise,0.1663,1,2026-08-24 10:33:34
13603,358,Love the new search update! Very smooth.,Call Center Note,Billing Defect,0.1972,1,2026-08-27 21:39:34
13604,750,Love the new search update! Very smooth.,Email Support,App Crash,0.0394,1,2026-08-24 19:22:34
13605,832,"The notifications is completely broken since the last update, losing customers.",Web Review,Billing Defect,0.9329,0,2026-09-06 22:50:34
13606,292,"Support was helpful about my login problem, though it took a while to hear back.",Mobile App,Billing Defect,0.6617,0,2026-08-19 10:28:34
13607,290,"Customer support resolved my shipping question in one message, amazing team.",Call Center Note,UI Ergonomics,0.0043,1,2026-09-07 01:47:34
13608,405,Love the new search update! Very easy.,Email Support,Product Quality,0.0233,1,2026-09-05 18:11:34
13609,825,"Decent experience overall, support chat was okay.",Email Support,Billing Defect,0.4079,1,2026-09-06 07:32:34
13610,242,"Customer support resolved my shipping question in one message, amazing team.",Mobile App,App Crash,0.2042,1,2026-09-06 08:00:34
13611,423,"Fast shipping and eco-friendly packaging, will order again.",Call Center Note,Shipping Delay,0.1752,1,2026-08-31 06:31:34
13612,809,Really impressed with how fast the onboarding experience is now.,Call Center Note,Shipping Delay,0.1611,1,2026-09-02 22:51:34
13613,325,"Great excellent product, highly recommended to everyone!",Twitter,Product Quality,0.0133,1,2026-09-07 02:40:34
13614,271,"Fast shipping and nice packaging, will order again.",Twitter,General Praise,0.2378,1,2026-08-20 18:27:34
13615,229,"Customer support resolved my login problem in under an hour, amazing team.",Web Review,General Praise,0.1569,1,2026-09-04 09:17:34
13616,290,"Customer support resolved my login problem in one message, amazing team.",Web Review,App Crash,0.2107,1,2026-09-06 14:25:34
13617,594,"Not terrible, but the checkout still crashed once sometimes after the fix.",Web Review,Product Quality,0.4449,1,2026-08-23 19:48:34
13618,286,"Fast shipping and nice packaging, will order again.",Call Center Note,App Crash,0.713,0,2026-08-23 14:45:34
13619,751,"It does what it says, nothing special about the checkout.",Email Support,UI Ergonomics,0.5533,1,2026-08-24 13:31:34
13620,979,"Decent experience overall, website was okay.",Web Review,UI Ergonomics,0.3982,1,2026-09-11 20:10:34
13621,465,Love the new design update! Very fast.,Call Center Note,UI Ergonomics,0.0992,1,2026-08-23 10:53:34
13622,944,Package arrived empty and support is completely ignoring my emails.,Twitter,App Crash,0.7272,0,2026-09-07 13:59:34
13623,360,"Decent experience overall, app was okay.",Mobile App,General Praise,0.428,1,2026-08-20 10:52:34
13624,843,"Decent experience overall, checkout was okay.",Twitter,Product Quality,0.5771,1,2026-09-02 23:47:34
13625,525,"Fast shipping and secure packaging, will order again.",Web Review,Product Quality,0.0116,1,2026-09-06 23:26:34
13626,509,Love the new checkout flow update! Very easy.,Web Review,App Crash,0.1913,1,2026-09-06 12:44:34
13627,787,"Mostly happy with the service, just wish the dashboard didn't lags a bit.",Email Support,General Praise,0.6892,0,2026-09-02 03:26:34
13628,806,"Support was polite about my refund request, though it took a while to get a straight answer.",Twitter,Shipping Delay,0.4535,1,2026-09-07 07:00:34
13629,129,"Great well-built product, highly recommended to everyone!",Mobile App,General Praise,0.1396,1,2026-09-01 18:42:34
13630,960,"Customer support resolved my shipping question in one message, amazing team.",Call Center Note,General Praise,0.0785,1,2026-08-26 05:12:34
13631,751,"Fast shipping and eco-friendly packaging, will order again.",Call Center Note,Product Quality,0.0095,1,2026-08-28 05:15:34
13632,980,The website works fine but could use minor improvements.,Twitter,Product Quality,0.586,1,2026-09-05 19:16:34
13633,247,"Double charged on my credit card for invoice, fix this immediately!",Call Center Note,App Crash,0.6819,0,2026-08-24 19:01:34
13634,219,"The notifications update looks great but it lags a bit for me, mixed feelings.",Email Support,App Crash,0.4115,1,2026-08-22 22:11:34
13635,560,"Support was helpful about my login problem, though it took a while to hear back.",Web Review,App Crash,0.4064,1,2026-09-05 19:06:34
13636,735,Love the new checkout flow update! Very easy.,Email Support,UI Ergonomics,0.1097,1,2026-09-08 23:25:34
13637,451,"Great reliable product, highly recommended to everyone!",Call Center Note,Product Quality,0.2882,1,2026-08-30 09:29:34
13638,744,Love the new checkout flow update! Very fast.,Web Review,App Crash,0.269,1,2026-09-08 03:31:34
13639,959,Love the new search update! Very smooth.,Email Support,Billing Defect,0.0901,1,2026-09-07 23:09:34
13640,973,"Decent experience overall, website was okay.",Email Support,App Crash,0.5224,1,2026-08-16 07:48:34
13641,994,Really impressed with how intuitive the onboarding experience is now.,Mobile App,Product Quality,0.1183,1,2026-09-11 03:37:34
13642,427,Love the new checkout flow update! Very fast.,Twitter,Billing Defect,0.1474,1,2026-08-22 19:47:34
13643,368,Package arrived empty and support is completely ignoring my emails.,Web Review,App Crash,0.8707,0,2026-08-14 16:30:34
13644,846,The dashboard redesign makes everything so much fast.,Email Support,General Praise,0.2853,1,2026-08-24 12:42:34
13645,392,The website works fine but could use minor improvements.,Mobile App,General Praise,0.5345,1,2026-08-21 09:14:34
13646,904,"Fast shipping and nice packaging, will order again.",Mobile App,Product Quality,0.0869,1,2026-08-24 22:02:34
13647,268,"Double charged on my PayPal account for order, fix this immediately!",Email Support,UI Ergonomics,0.7766,0,2026-09-08 12:50:34
13648,936,"It does what it says, nothing special about the app.",Web Review,Product Quality,0.5269,1,2026-08-25 00:37:34
13649,188,"System latency is terrible after the latest update, nothing works.",Call Center Note,Product Quality,0.7637,0,2026-08-17 11:24:34
13650,338,Love the new dashboard update! Very fast.,Email Support,Product Quality,0.2223,1,2026-08-30 05:09:34
13651,572,"Support was polite about my shipping question, though it took a while to get a straight answer.",Web Review,Product Quality,0.587,0,2026-09-01 10:48:34
13652,886,"The notifications is completely broken since the last update, losing customers.",Mobile App,App Crash,0.7516,0,2026-08-14 16:43:34
13653,140,The design redesign makes everything so much intuitive.,Mobile App,Shipping Delay,0.1508,1,2026-09-09 11:06:34
13654,151,The design redesign makes everything so much intuitive.,Call Center Note,Product Quality,0.1854,1,2026-09-11 20:37:34
13655,292,Love the new search update! Very easy.,Mobile App,Product Quality,0.0906,1,2026-08-18 10:02:34
13656,428,The design redesign makes everything so much intuitive.,Web Review,Product Quality,0.021,1,2026-08-22 22:24:34
13657,741,Package arrived damaged and support is completely ignoring my emails.,Web Review,UI Ergonomics,0.9161,0,2026-08-15 23:13:34
13658,322,Really impressed with how smooth the checkout experience is now.,Call Center Note,Product Quality,0.0255,1,2026-08-17 17:10:34
13659,130,The search redesign makes everything so much fast.,Mobile App,App Crash,0.0107,1,2026-08-22 21:21:34
13660,476,Love the new dashboard update! Very fast.,Web Review,Billing Defect,0.2858,1,2026-09-04 23:00:34
13661,607,"The dashboard is completely broken since the last update, losing customers.",Web Review,Shipping Delay,0.7707,0,2026-08-20 12:04:34
13662,864,"Not terrible, but the search still crashed once sometimes after the fix.",Twitter,Billing Defect,0.4226,1,2026-08-31 11:10:34
13663,845,"System latency is terrible after the new release, nothing works.",Mobile App,Billing Defect,0.8241,0,2026-09-12 04:55:34
13664,550,Really impressed with how smooth the checkout experience is now.,Mobile App,App Crash,0.2312,1,2026-09-08 14:38:34
13665,113,"Customer support resolved my billing issue in under an hour, amazing team.",Email Support,Product Quality,0.1197,1,2026-09-10 04:00:34
13666,981,"It does what it says, nothing special about the support chat.",Twitter,App Crash,0.4493,1,2026-08-23 10:44:34
13667,635,Love the new design update! Very easy.,Mobile App,Billing Defect,0.0324,1,2026-09-08 21:55:34
13668,286,"The notifications update looks great but it lags a bit for me, mixed feelings.",Twitter,Shipping Delay,0.5678,0,2026-08-23 07:47:34
13669,400,"Fast shipping and eco-friendly packaging, will order again.",Email Support,General Praise,0.2669,1,2026-09-07 04:06:34
13670,849,The dashboard redesign makes everything so much intuitive.,Mobile App,Product Quality,0.073,1,2026-09-04 22:46:34
13671,244,"It does what it says, nothing special about the checkout.",Email Support,Product Quality,0.5783,1,2026-08-28 21:14:34
13672,735,"Great reliable product, highly recommended to everyone!",Mobile App,Product Quality,0.2997,1,2026-09-01 16:04:34
13673,340,"Customer support resolved my login problem in one message, amazing team.",Web Review,UI Ergonomics,0.2586,1,2026-09-07 05:08:34
13674,676,"Customer support resolved my shipping question in one message, amazing team.",Twitter,App Crash,0.1467,1,2026-08-24 11:07:34
13675,631,Love the new checkout flow update! Very intuitive.,Email Support,UI Ergonomics,0.1234,1,2026-09-01 16:21:34
13676,828,"Great well-built product, highly recommended to everyone!",Email Support,Billing Defect,0.1292,1,2026-08-31 09:33:34
13677,568,The website works fine but could use minor improvements.,Email Support,Shipping Delay,0.3596,1,2026-08-21 04:38:34
13678,625,"Fast shipping and eco-friendly packaging, will order again.",Email Support,Billing Defect,0.0112,1,2026-09-05 20:36:34
13679,282,"Major outage across the platform, unable to check out for hours.",Call Center Note,Billing Defect,0.9297,0,2026-08-27 16:46:34
13680,221,Really impressed with how easy the onboarding experience is now.,Mobile App,Shipping Delay,0.0218,1,2026-08-31 02:48:34
13681,509,"Customer support resolved my login problem in 5 minutes, amazing team.",Mobile App,Shipping Delay,0.0268,1,2026-08-29 01:38:34
13682,364,"It does what it says, nothing special about the checkout.",Twitter,General Praise,0.4448,1,2026-08-31 15:23:34
13683,897,"Customer support resolved my login problem in one message, amazing team.",Twitter,UI Ergonomics,0.2259,1,2026-09-03 02:12:34
13684,792,"Major outage across the platform, unable to log in for hours.",Email Support,General Praise,0.7194,0,2026-08-27 20:13:34
13685,129,"Decent experience overall, checkout was okay.",Mobile App,App Crash,0.5186,1,2026-08-13 20:00:34
13686,325,Love the new search update! Very intuitive.,Call Center Note,UI Ergonomics,0.0457,1,2026-09-09 05:37:34
13687,555,"Mostly happy with the subscription, just wish the search didn't lags a bit.",Twitter,UI Ergonomics,0.6572,0,2026-09-06 15:43:34
13688,795,"Decent experience overall, app was okay.",Web Review,Billing Defect,0.5856,1,2026-09-09 03:54:34
13689,469,The app works fine but could use minor improvements.,Mobile App,Product Quality,0.4516,1,2026-08-18 16:23:34
13690,871,"Been on hold for two hours trying to reach a human, this is ridiculous.",Mobile App,App Crash,0.9268,0,2026-08-26 00:53:34
13691,585,Really impressed with how fast the mobile app experience is now.,Web Review,Billing Defect,0.0816,1,2026-08-14 05:27:34
13692,443,"Customer support resolved my login problem in one message, amazing team.",Mobile App,Shipping Delay,0.0992,1,2026-08-21 18:22:34
13693,538,"Great reliable product, highly recommended to everyone!",Call Center Note,Shipping Delay,0.0855,1,2026-08-26 21:11:34
13694,462,"Double charged on my PayPal account for invoice, fix this immediately!",Web Review,App Crash,0.9449,0,2026-09-04 02:51:34
13695,860,"It does what it says, nothing special about the app.",Mobile App,General Praise,0.5918,1,2026-09-02 20:28:34
13696,813,"Decent experience overall, support chat was okay.",Email Support,Product Quality,0.495,1,2026-08-21 21:31:34
13697,664,"It does what it says, nothing special about the app.",Twitter,App Crash,0.554,1,2026-09-01 17:58:34
13698,799,"It does what it says, nothing special about the support chat.",Mobile App,Billing Defect,0.5296,1,2026-08-17 15:15:34
13699,751,"Not terrible, but the checkout still crashed once sometimes after the fix.",Email Support,UI Ergonomics,0.6049,0,2026-08-31 22:49:34
13700,896,Really impressed with how intuitive the onboarding experience is now.,Call Center Note,Shipping Delay,0.2569,1,2026-09-07 23:28:34
13701,752,"It does what it says, nothing special about the checkout.",Twitter,Shipping Delay,0.3934,1,2026-08-29 11:22:34
13702,929,The dashboard redesign makes everything so much intuitive.,Web Review,General Praise,0.145,1,2026-08-29 20:45:34
13703,313,Really impressed with how easy the mobile app experience is now.,Mobile App,App Crash,0.2981,1,2026-09-01 09:13:34
13704,583,"Fast shipping and eco-friendly packaging, will order again.",Mobile App,Billing Defect,0.1912,1,2026-08-29 01:35:34
13705,986,"Customer support resolved my shipping question in one message, amazing team.",Web Review,Billing Defect,0.2954,1,2026-09-06 06:17:34
13706,599,"Great excellent product, highly recommended to everyone!",Call Center Note,Billing Defect,0.2797,1,2026-08-18 19:06:34
13707,490,Love the new design update! Very fast.,Mobile App,Billing Defect,0.2799,1,2026-09-09 00:41:34
13708,276,"Customer support resolved my billing issue in one message, amazing team.",Email Support,UI Ergonomics,0.1372,1,2026-08-23 04:56:34
13709,838,Really impressed with how fast the mobile app experience is now.,Web Review,Shipping Delay,0.0554,1,2026-09-07 23:36:34
13710,673,Really impressed with how easy the checkout experience is now.,Mobile App,General Praise,0.0014,1,2026-08-20 05:00:34
13711,868,The checkout works fine but could use minor improvements.,Call Center Note,Billing Defect,0.5829,1,2026-09-07 13:49:34
13712,729,"Customer support resolved my login problem in under an hour, amazing team.",Web Review,General Praise,0.1715,1,2026-08-31 23:43:34
13713,308,"The search update looks great but it loaded slowly for me, mixed feelings.",Call Center Note,App Crash,0.5082,0,2026-09-08 12:12:34
13714,876,"Great reliable product, highly recommended to everyone!",Call Center Note,App Crash,0.019,1,2026-08-18 10:50:34
13715,109,Love the new design update! Very intuitive.,Call Center Note,Billing Defect,0.2049,1,2026-09-02 20:40:34
13716,746,"System latency is terrible after the server migration, nothing works.",Call Center Note,General Praise,0.8321,0,2026-09-01 11:47:34
13717,919,Really impressed with how easy the mobile app experience is now.,Mobile App,Product Quality,0.0674,1,2026-09-05 22:46:34
13718,808,"It does what it says, nothing special about the checkout.",Web Review,UI Ergonomics,0.4985,1,2026-08-27 08:58:34
13719,160,"Fast shipping and secure packaging, will order again.",Web Review,Shipping Delay,0.0528,1,2026-08-25 18:15:34
13720,504,"Fast shipping and eco-friendly packaging, will order again.",Email Support,General Praise,0.1325,1,2026-08-26 02:04:34
13721,377,Package arrived the wrong item and support is completely ignoring my emails.,Web Review,UI Ergonomics,0.686,0,2026-09-08 19:05:34
13722,252,"The search update looks great but it logged me out for me, mixed feelings.",Mobile App,App Crash,0.5002,0,2026-09-02 10:14:34
13723,321,"Fast shipping and secure packaging, will order again.",Twitter,General Praise,0.2975,1,2026-08-31 05:14:34
13724,553,"Great reliable product, highly recommended to everyone!",Twitter,App Crash,0.0515,1,2026-08-13 23:27:34
13725,894,Really impressed with how smooth the checkout experience is now.,Mobile App,General Praise,0.226,1,2026-08-30 20:40:34
13726,252,The support chat works fine but could use minor improvements.,Email Support,UI Ergonomics,0.4787,1,2026-08-31 17:00:34
13727,304,"Great excellent product, highly recommended to everyone!",Web Review,General Praise,0.0375,1,2026-09-08 16:12:34
13728,509,Love the new design update! Very fast.,Web Review,Product Quality,0.2522,1,2026-08-23 00:33:34
13729,232,"Decent experience overall, support chat was okay.",Twitter,Product Quality,0.4076,1,2026-08-29 16:07:34
13730,952,"Customer support resolved my shipping question in 5 minutes, amazing team.",Twitter,UI Ergonomics,0.1396,1,2026-08-21 13:26:34
13731,334,"It does what it says, nothing special about the website.",Web Review,General Praise,0.3755,1,2026-08-15 22:31:34
13732,134,"Major outage across the platform, unable to log in for hours.",Twitter,General Praise,0.8792,0,2026-09-02 19:19:34
13733,799,"System latency is terrible after the latest update, nothing works.",Mobile App,General Praise,0.7316,0,2026-09-11 00:59:34
13734,184,The dashboard redesign makes everything so much fast.,Twitter,Shipping Delay,0.1101,1,2026-09-11 21:39:34
13735,636,"The notifications update looks great but it loaded slowly for me, mixed feelings.",Email Support,General Praise,0.4657,1,2026-08-18 16:34:34
13736,495,"Not terrible, but the dashboard still lags a bit sometimes after the fix.",Email Support,Shipping Delay,0.6681,0,2026-08-29 17:51:34
13737,813,"It does what it says, nothing special about the website.",Call Center Note,App Crash,0.374,1,2026-09-03 14:45:34
13738,248,"Customer support resolved my login problem in under an hour, amazing team.",Web Review,App Crash,0.009,1,2026-09-11 23:52:34
13739,235,The search redesign makes everything so much fast.,Call Center Note,Product Quality,0.185,1,2026-08-23 05:29:34
13740,721,The design redesign makes everything so much intuitive.,Web Review,General Praise,0.181,1,2026-09-06 02:04:34
13741,268,Really impressed with how intuitive the onboarding experience is now.,Mobile App,Product Quality,0.792,0,2026-09-05 17:15:34
13742,844,"Not terrible, but the notifications still logged me out sometimes after the fix.",Mobile App,App Crash,0.6338,0,2026-08-28 14:38:34
13743,636,"Been on hold for an hour trying to reach a human, this is ridiculous.",Web Review,General Praise,0.9569,0,2026-08-15 04:38:34
13744,991,"Not terrible, but the search still logged me out sometimes after the fix.",Email Support,Product Quality,0.5483,0,2026-09-08 18:39:34
13745,841,"Fast shipping and nice packaging, will order again.",Call Center Note,Billing Defect,0.0427,1,2026-08-13 13:28:34
13746,490,"Decent experience overall, website was okay.",Twitter,App Crash,0.4276,1,2026-08-18 05:05:34
13747,402,"It does what it says, nothing special about the support chat.",Twitter,Product Quality,0.4105,1,2026-09-01 09:18:34
13748,395,"It does what it says, nothing special about the checkout.",Mobile App,App Crash,0.5038,1,2026-09-07 20:04:34
13749,897,"Great well-built product, highly recommended to everyone!",Email Support,App Crash,0.0858,1,2026-08-16 21:46:34
13750,193,"Not terrible, but the search still lags a bit sometimes after the fix.",Mobile App,General Praise,0.4161,1,2026-08-20 04:24:34
13751,799,"Fast shipping and nice packaging, will order again.",Twitter,Shipping Delay,0.1141,1,2026-08-31 06:58:34
13752,274,"Fast shipping and nice packaging, will order again.",Twitter,Shipping Delay,0.2159,1,2026-09-05 12:00:34
13753,198,"Support was friendly about my refund request, though it took a while to hear back.",Call Center Note,Billing Defect,0.3997,1,2026-08-15 00:52:34
13754,844,"Great well-built product, highly recommended to everyone!",Mobile App,General Praise,0.1558,1,2026-09-02 15:35:34
13755,873,"It does what it says, nothing special about the website.",Web Review,Product Quality,0.4533,1,2026-09-08 12:07:34
13756,745,"Customer support resolved my shipping question in under an hour, amazing team.",Email Support,Billing Defect,0.1542,1,2026-09-04 13:26:34
13757,399,Love the new design update! Very intuitive.,Email Support,General Praise,0.1487,1,2026-09-07 23:14:34
13758,832,"Major outage across the platform, unable to check out for hours.",Email Support,UI Ergonomics,0.9129,0,2026-09-02 07:54:34
13759,805,"Great reliable product, highly recommended to everyone!",Twitter,Product Quality,0.2742,1,2026-09-02 13:32:34
13760,775,Love the new checkout flow update! Very intuitive.,Email Support,UI Ergonomics,0.1504,1,2026-09-02 09:27:34
13761,410,The website works fine but could use minor improvements.,Web Review,UI Ergonomics,0.4606,1,2026-08-17 15:20:34
13762,463,The dashboard redesign makes everything so much easy.,Mobile App,Product Quality,0.082,1,2026-08-31 20:54:34
13763,159,The dashboard redesign makes everything so much smooth.,Twitter,App Crash,0.1185,1,2026-08-15 13:39:34
13764,755,The search redesign makes everything so much fast.,Twitter,Shipping Delay,0.118,1,2026-08-23 15:13:34
13765,437,The checkout works fine but could use minor improvements.,Twitter,Billing Defect,0.4128,1,2026-08-22 00:18:34
13766,562,Really impressed with how fast the checkout experience is now.,Mobile App,Billing Defect,0.0097,1,2026-09-06 05:36:34
13767,537,"Customer support resolved my login problem in under an hour, amazing team.",Mobile App,Shipping Delay,0.1259,1,2026-09-09 06:01:34
13768,540,"Customer support resolved my login problem in under an hour, amazing team.",Call Center Note,Billing Defect,0.0779,1,2026-09-12 10:06:34
13769,446,Love the new search update! Very smooth.,Mobile App,App Crash,0.0559,1,2026-09-08 15:58:34
13770,907,"Fast shipping and secure packaging, will order again.",Web Review,General Praise,0.0939,1,2026-09-05 09:30:34
13771,143,Really impressed with how smooth the mobile app experience is now.,Email Support,Billing Defect,0.1689,1,2026-08-27 19:13:34
13772,525,"Customer support resolved my billing issue in 5 minutes, amazing team.",Web Review,Billing Defect,0.1118,1,2026-08-18 02:05:34
13773,126,The checkout flow redesign makes everything so much fast.,Twitter,Product Quality,0.2248,1,2026-08-28 22:24:34
13774,996,"Fast shipping and nice packaging, will order again.",Mobile App,Billing Defect,0.7631,0,2026-08-21 21:47:34
13775,483,"Great reliable product, highly recommended to everyone!",Call Center Note,Billing Defect,0.0284,1,2026-08-31 00:41:34
13776,692,Really impressed with how smooth the mobile app experience is now.,Mobile App,App Crash,0.0886,1,2026-08-31 18:36:34
13777,689,Really impressed with how fast the onboarding experience is now.,Mobile App,General Praise,0.2631,1,2026-09-09 12:15:34
13778,543,"It does what it says, nothing special about the support chat.",Web Review,Billing Defect,0.4831,1,2026-09-04 12:00:34
13779,971,"App keeps crashing during login step, this is unacceptable!",Twitter,General Praise,0.8636,0,2026-08-20 22:23:34
13780,203,The checkout flow redesign makes everything so much smooth.,Call Center Note,UI Ergonomics,0.1471,1,2026-08-17 07:52:34
13781,880,"It does what it says, nothing special about the website.",Twitter,Shipping Delay,0.4019,1,2026-09-08 18:05:34
13782,946,"Support was polite about my shipping question, though it took a while to hear back.",Twitter,UI Ergonomics,0.4124,1,2026-08-16 20:11:34
13783,494,"Fast shipping and eco-friendly packaging, will order again.",Twitter,General Praise,0.109,1,2026-09-02 22:48:34
13784,285,The support chat works fine but could use minor improvements.,Web Review,General Praise,0.4499,1,2026-08-19 11:50:34
13785,950,Really impressed with how intuitive the onboarding experience is now.,Email Support,Billing Defect,0.2984,1,2026-09-02 01:21:34
13786,541,"It does what it says, nothing special about the app.",Mobile App,General Praise,0.392,1,2026-08-16 09:44:34
13787,723,Love the new dashboard update! Very intuitive.,Twitter,App Crash,0.2624,1,2026-08-16 05:10:34
13788,160,"Decent experience overall, support chat was okay.",Web Review,App Crash,0.4952,1,2026-08-23 13:59:34
13789,773,"Major outage across the platform, unable to reach support for hours.",Call Center Note,General Praise,0.7693,0,2026-09-10 01:34:34
13790,514,Love the new design update! Very easy.,Call Center Note,Billing Defect,0.19,1,2026-08-26 15:12:34
13791,322,"Mostly happy with the app, just wish the search didn't lags a bit.",Web Review,Billing Defect,0.4423,1,2026-09-06 03:09:34
13792,887,"Major outage across the platform, unable to log in for hours.",Mobile App,Shipping Delay,0.9795,0,2026-08-25 03:03:34
13793,808,"Fast shipping and nice packaging, will order again.",Call Center Note,UI Ergonomics,0.2629,1,2026-08-18 04:03:34
13794,369,"It does what it says, nothing special about the website.",Email Support,Product Quality,0.4183,1,2026-08-29 13:19:34
13795,857,"Been on hold for 45 minutes trying to reach a human, this is ridiculous.",Email Support,Product Quality,0.8567,0,2026-08-15 02:21:34
13796,670,"Support was friendly about my login problem, though it took a while to hear back.",Twitter,General Praise,0.5021,0,2026-09-10 15:41:34
13797,245,"Great well-built product, highly recommended to everyone!",Call Center Note,Shipping Delay,0.1962,1,2026-08-17 01:48:34
13798,980,"It does what it says, nothing special about the app.",Web Review,UI Ergonomics,0.4226,1,2026-08-21 16:05:34
13799,719,The checkout works fine but could use minor improvements.,Mobile App,Product Quality,0.4635,1,2026-08-29 05:40:34
13800,607,The support chat works fine but could use minor improvements.,Twitter,Product Quality,0.5845,1,2026-09-11 04:33:34
13801,114,"Not terrible, but the notifications still loaded slowly sometimes after the fix.",Twitter,General Praise,0.667,0,2026-08-31 03:34:34
13802,496,"The dashboard is completely broken since the last update, losing customers.",Twitter,General Praise,0.6797,0,2026-09-07 02:23:34
13803,927,"The search update looks great but it logged me out for me, mixed feelings.",Web Review,Product Quality,0.579,0,2026-09-09 13:45:34
13804,478,Really impressed with how easy the checkout experience is now.,Web Review,App Crash,0.1951,1,2026-09-05 03:58:34
13805,941,Really impressed with how fast the onboarding experience is now.,Web Review,App Crash,0.0474,1,2026-08-22 21:43:34
13806,307,Package arrived empty and support is completely ignoring my emails.,Email Support,App Crash,0.7018,0,2026-08-29 01:30:34
13807,957,"Fast shipping and nice packaging, will order again.",Call Center Note,Product Quality,0.0002,1,2026-08-27 13:49:34
13808,157,Love the new search update! Very intuitive.,Email Support,App Crash,0.0324,1,2026-08-13 21:25:34
13809,836,Really impressed with how intuitive the checkout experience is now.,Mobile App,Product Quality,0.0598,1,2026-08-25 21:43:34
13810,335,"Not terrible, but the checkout still logged me out sometimes after the fix.",Email Support,General Praise,0.5838,0,2026-08-20 07:36:34
13811,250,The app works fine but could use minor improvements.,Call Center Note,Shipping Delay,0.3517,1,2026-08-25 06:22:34
13812,815,"Customer support resolved my shipping question in 5 minutes, amazing team.",Mobile App,Shipping Delay,0.2378,1,2026-08-14 22:14:34
13813,978,The search redesign makes everything so much intuitive.,Twitter,General Praise,0.0796,1,2026-09-11 10:11:34
13814,217,"Not terrible, but the search still logged me out sometimes after the fix.",Web Review,Product Quality,0.4135,1,2026-08-20 05:16:34
13815,797,The support chat works fine but could use minor improvements.,Call Center Note,Billing Defect,0.5057,1,2026-09-05 09:00:34
13816,254,"App keeps crashing during checkout step, this is unacceptable!",Email Support,App Crash,0.9314,0,2026-09-01 02:29:34
13817,470,"Decent experience overall, support chat was okay.",Call Center Note,UI Ergonomics,0.5527,1,2026-09-03 01:44:34
13818,407,"Great excellent product, highly recommended to everyone!",Call Center Note,Product Quality,0.1251,1,2026-09-06 18:47:34
13819,290,"The notifications is completely broken since the last update, losing customers.",Twitter,General Praise,0.7601,0,2026-08-28 04:02:34
13820,795,The app works fine but could use minor improvements.,Call Center Note,App Crash,0.5748,1,2026-09-07 17:01:34
13821,667,"App keeps crashing during payment step, this is unacceptable!",Call Center Note,App Crash,0.7381,0,2026-09-05 18:19:34
13822,488,"Customer support resolved my billing issue in under an hour, amazing team.",Web Review,General Praise,0.1324,1,2026-08-15 12:45:34
13823,612,The search redesign makes everything so much fast.,Web Review,Billing Defect,0.0963,1,2026-08-19 09:44:34
13824,941,"The export tool is completely broken since the last update, losing customers.",Twitter,General Praise,0.7227,0,2026-08-31 06:25:34
13825,239,The dashboard redesign makes everything so much smooth.,Web Review,App Crash,0.1114,1,2026-08-17 20:29:34
13826,363,Love the new search update! Very fast.,Email Support,App Crash,0.2136,1,2026-08-13 16:33:34
13827,464,Love the new design update! Very easy.,Twitter,Product Quality,0.0245,1,2026-09-09 17:02:34
13828,170,"Mostly happy with the service, just wish the notifications didn't loaded slowly.",Call Center Note,Product Quality,0.4814,1,2026-09-04 07:25:34
13829,383,"Double charged on my PayPal account for account, fix this immediately!",Call Center Note,UI Ergonomics,0.7294,0,2026-08-21 00:14:34
13830,864,The search redesign makes everything so much smooth.,Twitter,General Praise,0.0277,1,2026-08-27 06:52:34
13831,817,"Decent experience overall, support chat was okay.",Email Support,Product Quality,0.4411,1,2026-09-01 07:54:34
13832,827,Really impressed with how smooth the checkout experience is now.,Twitter,Billing Defect,0.1535,1,2026-08-30 04:34:34
13833,324,"Customer support resolved my login problem in one message, amazing team.",Call Center Note,App Crash,0.0765,1,2026-09-04 20:46:34
13834,290,The design redesign makes everything so much intuitive.,Twitter,Product Quality,0.0643,1,2026-08-28 03:34:34
13835,802,The support chat works fine but could use minor improvements.,Mobile App,Shipping Delay,0.3534,1,2026-09-06 10:15:34
13836,979,"Decent experience overall, support chat was okay.",Web Review,Shipping Delay,0.4274,1,2026-08-13 19:22:34
13837,461,"Support was helpful about my login problem, though it took a while to hear back.",Web Review,Billing Defect,0.6579,0,2026-08-13 16:29:34
13838,975,"Fast shipping and eco-friendly packaging, will order again.",Call Center Note,App Crash,0.2887,1,2026-08-18 23:38:34
13839,948,"Customer support resolved my shipping question in one message, amazing team.",Twitter,Product Quality,0.1616,1,2026-09-01 10:04:34
13840,550,The dashboard redesign makes everything so much easy.,Twitter,UI Ergonomics,0.1667,1,2026-08-25 09:57:34
13841,406,"Customer support resolved my shipping question in 5 minutes, amazing team.",Email Support,General Praise,0.9407,0,2026-09-09 04:44:34
13842,511,"Fast shipping and secure packaging, will order again.",Web Review,General Praise,0.0498,1,2026-08-31 14:08:34
13843,286,"Major outage across the platform, unable to reach support for hours.",Twitter,Shipping Delay,0.7733,0,2026-09-12 06:08:34
13844,999,"Customer support resolved my login problem in one message, amazing team.",Call Center Note,Billing Defect,0.2434,1,2026-08-18 15:15:34
13845,367,Really impressed with how fast the checkout experience is now.,Twitter,Billing Defect,0.1054,1,2026-08-14 20:11:34
13846,875,Really impressed with how intuitive the checkout experience is now.,Mobile App,Shipping Delay,0.1672,1,2026-09-07 23:06:34
13847,185,"Customer support resolved my login problem in under an hour, amazing team.",Web Review,General Praise,0.1878,1,2026-08-28 21:39:34
13848,740,"Great well-built product, highly recommended to everyone!",Email Support,Product Quality,0.2955,1,2026-08-25 06:13:34
13849,206,"It does what it says, nothing special about the website.",Twitter,UI Ergonomics,0.4749,1,2026-08-22 07:41:34
13850,509,"Fast shipping and eco-friendly packaging, will order again.",Web Review,UI Ergonomics,0.1729,1,2026-09-06 04:01:34
13851,173,"Not terrible, but the notifications still crashed once sometimes after the fix.",Twitter,Shipping Delay,0.5083,0,2026-08-17 13:57:34
13852,124,"The notifications update looks great but it crashed once for me, mixed feelings.",Call Center Note,General Praise,0.6323,0,2026-09-07 07:04:34
13853,722,"Customer support resolved my login problem in under an hour, amazing team.",Call Center Note,Billing Defect,0.2565,1,2026-09-04 19:38:34
13854,329,Love the new checkout flow update! Very smooth.,Call Center Note,Billing Defect,0.0099,1,2026-08-28 17:34:34
13855,522,The checkout works fine but could use minor improvements.,Email Support,UI Ergonomics,0.4208,1,2026-09-10 15:57:34
13856,189,The checkout works fine but could use minor improvements.,Mobile App,General Praise,0.5982,1,2026-09-06 09:23:34
13857,118,Love the new search update! Very fast.,Email Support,General Praise,0.2477,1,2026-09-12 11:51:34
13858,127,Love the new checkout flow update! Very easy.,Web Review,UI Ergonomics,0.0673,1,2026-09-10 10:04:34
13859,285,"Fast shipping and eco-friendly packaging, will order again.",Mobile App,Product Quality,0.1999,1,2026-08-31 11:12:34
13860,329,Package arrived damaged and support is completely ignoring my emails.,Twitter,Billing Defect,0.8103,0,2026-08-30 01:49:34
13861,373,"Fast shipping and secure packaging, will order again.",Email Support,Product Quality,0.1698,1,2026-09-03 20:39:34
13862,300,"Your account deleted all my data without warning, I need this fixed NOW.",Twitter,UI Ergonomics,0.9703,0,2026-09-03 18:24:34
13863,953,"Double charged on my PayPal account for account, fix this immediately!",Web Review,General Praise,0.7579,0,2026-09-05 05:36:34
13864,534,The support chat works fine but could use minor improvements.,Call Center Note,Shipping Delay,0.3512,1,2026-09-01 00:12:34
13865,451,Really impressed with how easy the onboarding experience is now.,Call Center Note,UI Ergonomics,0.0105,1,2026-08-22 15:22:34
13866,950,The search redesign makes everything so much easy.,Call Center Note,Shipping Delay,0.2586,1,2026-08-23 04:33:34
13867,272,"Customer support resolved my login problem in under an hour, amazing team.",Web Review,App Crash,0.0815,1,2026-08-20 08:40:34
13868,917,"Not terrible, but the dashboard still logged me out sometimes after the fix.",Email Support,General Praise,0.5784,0,2026-08-28 18:05:34
13869,748,Really impressed with how easy the checkout experience is now.,Email Support,UI Ergonomics,0.1857,1,2026-08-17 01:56:34
13870,358,"It does what it says, nothing special about the website.",Email Support,General Praise,0.4188,1,2026-08-15 03:49:34
13871,607,"Customer support resolved my login problem in 5 minutes, amazing team.",Twitter,Product Quality,0.2324,1,2026-09-11 23:36:34
13872,507,"Major outage across the platform, unable to reach support for hours.",Email Support,App Crash,0.9411,0,2026-09-11 17:18:34
13873,457,"Great excellent product, highly recommended to everyone!",Email Support,Product Quality,0.0711,1,2026-08-14 23:57:34
13874,321,"Fast shipping and secure packaging, will order again.",Twitter,General Praise,0.0022,1,2026-09-06 19:20:34
13875,516,"Not terrible, but the search still crashed once sometimes after the fix.",Call Center Note,UI Ergonomics,0.6165,0,2026-08-27 07:18:34
13876,326,The design redesign makes everything so much fast.,Web Review,App Crash,0.7566,0,2026-08-16 00:53:34
13877,495,"Great excellent product, highly recommended to everyone!",Twitter,App Crash,0.1055,1,2026-08-25 05:44:34
13878,244,"Great excellent product, highly recommended to everyone!",Web Review,Shipping Delay,0.0138,1,2026-09-06 00:36:34
13879,306,"It does what it says, nothing special about the support chat.",Email Support,UI Ergonomics,0.5079,1,2026-09-03 18:48:34
13880,503,"Decent experience overall, checkout was okay.",Web Review,General Praise,0.5229,1,2026-08-15 05:12:34
13881,734,The support chat works fine but could use minor improvements.,Web Review,Shipping Delay,0.3991,1,2026-08-18 14:09:34
13882,390,The app works fine but could use minor improvements.,Mobile App,Billing Defect,0.5272,1,2026-08-17 13:23:34
13883,212,"The dashboard is completely broken since the last update, losing customers.",Call Center Note,Shipping Delay,0.6657,0,2026-08-18 18:00:34
13884,301,"Mostly happy with the subscription, just wish the dashboard didn't loaded slowly.",Twitter,Billing Defect,0.5902,0,2026-09-01 22:56:34
13885,771,"Major outage across the platform, unable to log in for hours.",Email Support,Shipping Delay,0.9613,0,2026-09-04 01:07:34
13886,784,"Customer support resolved my login problem in 5 minutes, amazing team.",Twitter,UI Ergonomics,0.2838,1,2026-08-14 23:02:34
13887,581,"Decent experience overall, app was okay.",Email Support,UI Ergonomics,0.5315,1,2026-09-03 22:16:34
13888,344,"Double charged on my PayPal account for order, fix this immediately!",Web Review,Billing Defect,0.9795,0,2026-08-23 10:59:34
13889,760,"Customer support resolved my billing issue in under an hour, amazing team.",Call Center Note,Product Quality,0.1385,1,2026-08-27 01:28:34
13890,556,Love the new dashboard update! Very intuitive.,Mobile App,Shipping Delay,0.1495,1,2026-09-05 12:02:34
13891,871,Love the new search update! Very smooth.,Web Review,General Praise,0.2275,1,2026-08-30 01:18:34
13892,565,"App keeps crashing during upload step, this is unacceptable!",Call Center Note,App Crash,0.7436,0,2026-09-06 23:53:34
13893,300,"Great reliable product, highly recommended to everyone!",Mobile App,App Crash,0.1593,1,2026-08-25 02:11:34
13894,436,"Great reliable product, highly recommended to everyone!",Email Support,General Praise,0.0639,1,2026-08-13 20:19:34
13895,159,"Great well-built product, highly recommended to everyone!",Call Center Note,Billing Defect,0.0388,1,2026-08-22 03:00:34
13896,922,"The notifications is completely broken since the last update, losing customers.",Email Support,App Crash,0.9272,0,2026-08-17 06:45:34
13897,774,"Mostly happy with the service, just wish the notifications didn't logged me out.",Call Center Note,Shipping Delay,0.6666,0,2026-09-09 06:15:34
13898,741,The website works fine but could use minor improvements.,Email Support,UI Ergonomics,0.5929,1,2026-08-13 17:57:34
13899,155,"Great excellent product, highly recommended to everyone!",Mobile App,General Praise,0.127,1,2026-08-29 23:23:34
13900,712,"It does what it says, nothing special about the app.",Call Center Note,UI Ergonomics,0.5747,1,2026-08-30 20:40:34
13901,509,The website works fine but could use minor improvements.,Email Support,Shipping Delay,0.5776,1,2026-08-13 15:55:34
13902,913,Love the new search update! Very smooth.,Mobile App,App Crash,0.241,1,2026-09-03 14:02:34
13903,743,The app works fine but could use minor improvements.,Call Center Note,Shipping Delay,0.3794,1,2026-08-23 07:15:34
13904,180,"Your order deleted all my data without warning, I need this fixed NOW.",Call Center Note,App Crash,0.6577,0,2026-08-15 06:59:34
13905,408,Really impressed with how easy the mobile app experience is now.,Call Center Note,Billing Defect,0.0379,1,2026-08-14 23:57:34
13906,322,Love the new checkout flow update! Very fast.,Call Center Note,Shipping Delay,0.1592,1,2026-09-02 16:47:34
13907,930,"Fast shipping and secure packaging, will order again.",Call Center Note,General Praise,0.1341,1,2026-08-20 08:39:34
13908,638,"It does what it says, nothing special about the checkout.",Mobile App,Shipping Delay,0.5095,1,2026-08-17 08:52:34
13909,627,"Fast shipping and nice packaging, will order again.",Twitter,UI Ergonomics,0.2579,1,2026-08-26 00:13:34
13910,471,The checkout flow redesign makes everything so much smooth.,Email Support,General Praise,0.1513,1,2026-09-03 18:32:34
13911,349,The design redesign makes everything so much fast.,Mobile App,Product Quality,0.2716,1,2026-08-19 03:47:34
13912,496,Really impressed with how fast the checkout experience is now.,Mobile App,General Praise,0.0785,1,2026-08-28 22:14:34
13913,217,"Major outage across the platform, unable to reach support for hours.",Email Support,General Praise,0.844,0,2026-08-14 21:40:34
13914,142,"Customer support resolved my shipping question in under an hour, amazing team.",Twitter,Shipping Delay,0.0864,1,2026-08-14 17:38:34
13915,919,"Not terrible, but the notifications still logged me out sometimes after the fix.",Twitter,Shipping Delay,0.6352,0,2026-08-28 15:44:34
13916,894,Love the new design update! Very intuitive.,Email Support,Shipping Delay,0.1992,1,2026-09-02 20:41:34
13917,481,"Fast shipping and secure packaging, will order again.",Call Center Note,App Crash,0.149,1,2026-08-30 08:29:34
13918,251,"It does what it says, nothing special about the app.",Email Support,General Praise,0.3815,1,2026-09-09 05:21:34
13919,605,"Customer support resolved my login problem in one message, amazing team.",Mobile App,General Praise,0.141,1,2026-08-26 11:44:34
13920,417,"Great well-built product, highly recommended to everyone!",Call Center Note,General Praise,0.295,1,2026-09-01 10:51:34
13921,449,"Mostly happy with the service, just wish the checkout didn't loaded slowly.",Web Review,General Praise,0.4398,1,2026-09-04 18:04:34
13922,130,"Your account deleted all my data without warning, I need this fixed NOW.",Twitter,UI Ergonomics,0.8551,0,2026-09-02 03:06:34
13923,894,"The dashboard update looks great but it logged me out for me, mixed feelings.",Twitter,UI Ergonomics,0.4372,1,2026-08-20 05:33:34
13924,389,"Fast shipping and eco-friendly packaging, will order again.",Email Support,Billing Defect,0.0592,1,2026-09-11 01:56:34
13925,150,The support chat works fine but could use minor improvements.,Mobile App,Shipping Delay,0.5766,1,2026-08-26 09:26:34
13926,464,"Great well-built product, highly recommended to everyone!",Call Center Note,Shipping Delay,0.0722,1,2026-08-30 01:29:34
13927,779,"Customer support resolved my billing issue in under an hour, amazing team.",Twitter,App Crash,0.2976,1,2026-08-30 11:50:34
13928,524,Really impressed with how easy the mobile app experience is now.,Call Center Note,Billing Defect,0.2912,1,2026-09-08 00:37:34
13929,694,The checkout flow redesign makes everything so much smooth.,Mobile App,Billing Defect,0.0905,1,2026-09-05 09:32:34
13930,437,"The notifications update looks great but it crashed once for me, mixed feelings.",Web Review,Product Quality,0.4238,1,2026-08-28 03:05:34
13931,147,Love the new search update! Very intuitive.,Call Center Note,General Praise,0.0669,1,2026-08-24 13:22:34
13932,630,Really impressed with how easy the onboarding experience is now.,Call Center Note,Product Quality,0.1571,1,2026-08-29 10:59:34
13933,665,Love the new design update! Very smooth.,Twitter,Product Quality,0.1106,1,2026-08-17 01:55:34
13934,391,"Your subscription deleted all my data without warning, I need this fixed NOW.",Mobile App,Billing Defect,0.7106,0,2026-09-10 07:53:34
13935,348,Really impressed with how intuitive the mobile app experience is now.,Web Review,Product Quality,0.0651,1,2026-08-15 10:54:34
13936,631,The website works fine but could use minor improvements.,Twitter,General Praise,0.4858,1,2026-08-16 08:59:34
13937,632,The dashboard redesign makes everything so much fast.,Mobile App,UI Ergonomics,0.085,1,2026-09-03 03:00:34
13938,406,"Support was friendly about my login problem, though it took a while to get resolved.",Call Center Note,General Praise,0.6217,0,2026-08-17 17:40:34
13939,252,The support chat works fine but could use minor improvements.,Web Review,Shipping Delay,0.4587,1,2026-08-26 00:35:34
13940,800,"Great reliable product, highly recommended to everyone!",Twitter,UI Ergonomics,0.1945,1,2026-09-09 18:58:34
13941,435,"Fast shipping and nice packaging, will order again.",Call Center Note,Billing Defect,0.1327,1,2026-09-07 12:47:34
13942,190,"Mostly happy with the service, just wish the notifications didn't crashed once.",Email Support,Shipping Delay,0.5165,0,2026-08-30 23:52:34
13943,929,"Customer support resolved my shipping question in one message, amazing team.",Email Support,Shipping Delay,0.2109,1,2026-09-02 09:54:34
13944,487,"Support was polite about my shipping question, though it took a while to hear back.",Call Center Note,Billing Defect,0.4031,1,2026-09-07 19:11:34
13945,499,"Fast shipping and eco-friendly packaging, will order again.",Web Review,General Praise,0.2297,1,2026-09-06 03:41:34
13946,909,"Double charged on my PayPal account for subscription, fix this immediately!",Twitter,App Crash,0.9439,0,2026-09-12 02:18:34
13947,290,Really impressed with how intuitive the checkout experience is now.,Mobile App,App Crash,0.1151,1,2026-09-03 19:16:34
13948,829,"Decent experience overall, checkout was okay.",Mobile App,App Crash,0.3633,1,2026-09-05 22:35:34
13949,906,"Mostly happy with the subscription, just wish the notifications didn't loaded slowly.",Email Support,Shipping Delay,0.4734,1,2026-09-09 02:25:34
13950,480,"Mostly happy with the subscription, just wish the dashboard didn't loaded slowly.",Web Review,Product Quality,0.6458,0,2026-08-31 01:20:34
13951,234,Love the new design update! Very fast.,Web Review,General Praise,0.1012,1,2026-09-04 07:35:34
13952,319,"Great well-built product, highly recommended to everyone!",Web Review,App Crash,0.0766,1,2026-08-21 01:18:34
13953,357,"Mostly happy with the service, just wish the dashboard didn't lags a bit.",Email Support,App Crash,0.6886,0,2026-08-15 10:37:34
13954,553,Package arrived damaged and support is completely ignoring my emails.,Email Support,UI Ergonomics,0.9932,0,2026-08-18 01:22:34
13955,194,"Customer support resolved my billing issue in 5 minutes, amazing team.",Call Center Note,Product Quality,0.0977,1,2026-08-29 08:05:34
13956,341,Really impressed with how smooth the checkout experience is now.,Twitter,Shipping Delay,0.1227,1,2026-09-07 10:14:34
13957,290,"It does what it says, nothing special about the app.",Twitter,General Praise,0.5065,1,2026-09-08 02:59:34
13958,290,"Fast shipping and eco-friendly packaging, will order again.",Web Review,General Praise,0.1232,1,2026-09-09 09:59:34
13959,101,Love the new checkout flow update! Very intuitive.,Web Review,Billing Defect,0.0622,1,2026-09-05 12:27:34
13960,717,Love the new search update! Very smooth.,Mobile App,Product Quality,0.0114,1,2026-08-25 16:20:34
13961,470,"It does what it says, nothing special about the checkout.",Call Center Note,Product Quality,0.4951,1,2026-08-14 11:16:34
13962,731,The support chat works fine but could use minor improvements.,Call Center Note,UI Ergonomics,0.3547,1,2026-08-17 20:55:34
13963,941,"Great excellent product, highly recommended to everyone!",Twitter,Billing Defect,0.095,1,2026-08-27 17:19:34
13964,475,Love the new search update! Very easy.,Mobile App,App Crash,0.2195,1,2026-08-15 08:16:34
13965,566,"The search update looks great but it crashed once for me, mixed feelings.",Email Support,Shipping Delay,0.4326,1,2026-08-22 16:08:34
13966,144,Love the new checkout flow update! Very easy.,Email Support,App Crash,0.0718,1,2026-08-17 06:43:34
13967,523,"Fast shipping and eco-friendly packaging, will order again.",Web Review,UI Ergonomics,0.0747,1,2026-08-29 12:13:34
13968,523,"The search update looks great but it crashed once for me, mixed feelings.",Email Support,Shipping Delay,0.4604,1,2026-09-05 17:40:34
13969,253,Package arrived empty and support is completely ignoring my emails.,Web Review,UI Ergonomics,0.8088,0,2026-08-19 20:04:34
13970,158,Really impressed with how intuitive the checkout experience is now.,Twitter,UI Ergonomics,0.1887,1,2026-08-27 19:28:34
13971,801,"App keeps crashing during login step, this is unacceptable!",Web Review,Product Quality,0.9662,0,2026-09-04 16:49:34
13972,172,"App keeps crashing during login step, this is unacceptable!",Twitter,Billing Defect,0.8118,0,2026-09-06 07:10:34
13973,929,"Been on hold for an hour trying to reach a human, this is ridiculous.",Twitter,App Crash,0.9543,0,2026-08-30 03:04:34
13974,117,"Customer support resolved my shipping question in 5 minutes, amazing team.",Email Support,Shipping Delay,0.2281,1,2026-09-06 15:01:34
13975,528,"It does what it says, nothing special about the checkout.",Email Support,UI Ergonomics,0.5921,1,2026-08-16 01:39:34
13976,640,The checkout flow redesign makes everything so much intuitive.,Twitter,Billing Defect,0.0436,1,2026-08-20 05:58:34
13977,442,"Decent experience overall, checkout was okay.",Email Support,General Praise,0.4531,1,2026-08-18 12:58:34
13978,768,"Customer support resolved my shipping question in 5 minutes, amazing team.",Mobile App,Shipping Delay,0.0914,1,2026-08-27 09:19:34
13979,391,Love the new checkout flow update! Very smooth.,Web Review,Shipping Delay,0.015,1,2026-08-24 19:05:34
13980,593,"Decent experience overall, website was okay.",Email Support,General Praise,0.459,0,2026-08-27 06:59:34
13981,388,"It does what it says, nothing special about the app.",Mobile App,UI Ergonomics,0.3507,1,2026-08-25 12:16:34
13982,905,"Decent experience overall, app was okay.",Web Review,Billing Defect,0.5099,1,2026-08-25 18:50:34
13983,273,"The search update looks great but it logged me out for me, mixed feelings.",Call Center Note,General Praise,0.6111,0,2026-08-23 17:03:34
13984,652,Really impressed with how easy the onboarding experience is now.,Email Support,UI Ergonomics,0.1347,1,2026-09-06 14:25:34
13985,718,"Been on hold for two hours trying to reach a human, this is ridiculous.",Mobile App,UI Ergonomics,0.8056,0,2026-08-24 07:00:34
13986,158,The dashboard redesign makes everything so much smooth.,Email Support,General Praise,0.229,1,2026-08-30 01:00:34
13987,353,The design redesign makes everything so much easy.,Mobile App,UI Ergonomics,0.182,1,2026-09-09 07:36:34
13988,716,"Decent experience overall, checkout was okay.",Email Support,General Praise,0.4891,0,2026-08-27 04:04:34
13989,947,"Your account deleted all my data without warning, I need this fixed NOW.",Twitter,General Praise,0.9748,0,2026-08-28 17:17:34
13990,491,"Great reliable product, highly recommended to everyone!",Email Support,Billing Defect,0.0064,1,2026-09-08 18:09:34
13991,428,The app works fine but could use minor improvements.,Web Review,App Crash,0.4672,1,2026-09-12 05:10:34
13992,520,"Customer support resolved my login problem in 5 minutes, amazing team.",Mobile App,App Crash,0.1743,1,2026-09-11 06:16:34
13993,985,Really impressed with how smooth the onboarding experience is now.,Mobile App,General Praise,0.1683,1,2026-08-18 20:48:34
13994,169,"System latency is terrible after the server migration, nothing works.",Call Center Note,Shipping Delay,0.9435,0,2026-09-08 12:56:34
13995,239,"Double charged on my PayPal account for invoice, fix this immediately!",Web Review,General Praise,0.6671,0,2026-09-01 00:06:34
13996,782,The design redesign makes everything so much fast.,Call Center Note,UI Ergonomics,0.2787,1,2026-09-03 16:15:34
13997,575,"Fast shipping and nice packaging, will order again.",Twitter,General Praise,0.0254,1,2026-08-31 01:42:34
13998,852,Love the new design update! Very fast.,Call Center Note,UI Ergonomics,0.128,1,2026-08-27 10:33:34
13999,470,"Not terrible, but the dashboard still crashed once sometimes after the fix.",Web Review,General Praise,0.5907,0,2026-09-08 03:17:34
14000,964,The dashboard redesign makes everything so much intuitive.,Mobile App,App Crash,0.0111,1,2026-08-30 06:48:34
