text,label
"Just back home from a little gathering with some old friends.. It was really fun, they're still the same. ",1
Hey @ricebunny i need a web cam!!!   (RiceBunny live > http://ustre.am/ZbT),0
only a couple more days before i have to go to faggot summer school ,0
Must admit Zac handled it well!!! ,0
It's warm and sticky but there's no sun  *Sneeze*,0
"Still at home. J still in pain & fevery.  No one will take my camping spot, including my campaholic mom. Gr.",0
watching the holiday .. relaxing ,1
he has a hoodie on cause i have the ac on lol we're camping in the living room ,1
Got a bit over excited when it came to pawing Daniel--peed on the floor. Again. Got sent outside. This brunch is a bust ,0
"Good morning!Got to work some school stuffs w/ @cjpunkedout, @gentxt today.Can't wait to have a good start this week!  Hav a good day!",1
@selemifan101 yeah.. ,0
"got the best addon for twitter, IF YOU USE FIREFOX GET TwitterFOX",1
"Home again, back to work.    ",0
once i'm done eating i'm off to visit my mommy  ,1
@dania_ali suppp sis? love u sooo much ,1
Ah alicia is making me watch saw. Im so scared. ,0
taking a walk with Momma ,1
@fairfielddesign LOL...as per agreement.  Ur funny. Hope ur having a good night ,1
having a sudden craving for soybean milk... but im alredy in bed.. ,0
"Yeah, two cancelations on the same day... ",0
@RubyRose1 pretty sure thats a solid strategy on it's own  i hope you feel better soon,1
"@EskimoJoelted yeah  and LOL at what that borat dude did to him at ze MTV awards, HAHAHAHAHAHHA so crurel",0
@Apocalyptica yes.. You wrote that  but which one is it? #nosy ^^,1
@gica_p hehe que bom ,1
my favorite video on YouTube has been deleted. bummer,0
Ohh.. I forgot I got ice cream in the fridge. Yeah. Happy face. I should take a pic... I love taking pics.. ,1
kinda sad I'm not in Boston at LeakyCon right now ,0
@DavidArchie Seriously i miss you so much  Come back to Sri KDU again please !!! I love you!,0
Omg i feel like death ,0
getting ready for school....Summer's on its way!! ,1
@JimAnning Still not sure I can make it ,0
to Utah in September and we will meet up again.  Quality people.  Barely made it home on the metro after the festivities. ,1
@TwistedMacSista The link didn't work ,0
@abell31 i tried but could not fall asleep! I was so angry! Hahaha ,1
@geremy12 The German parliament introduced a a law could be used to censor the net. Full story: http://bit.ly/mqDpJ It's bad... ,0
@Holliday10 New brakes for my car. ,0
"@WaDuRosario No really, I looked it up and it is a form of type   i wonder what it is in japanese,",1
#Austin #timewarner Internet down ,0
@JKsGirlx2  don't even worry about it. I'm just teasing. I did get desperate though and went back and re-read BT. ,1
I won the memory game! ,1
"I just found a usefully tool - www.jpginfo.com. Ah, it's free  It's displaying a lot of exif info for your pictures. Amazing ",1
"@yoggsaron Ha ha..no, it's just...um, nevermind.  What are you going to have for din-dins? :3",1
"@jordanknight I can't fall back to sleep...darn, I wish the gym was open at 6am...hmm..maybe it is?  Time to look into that. ",1
Goodmorning ,1
@Beverly__Hills good luck with the dream  @Jessicaveronica @Lisa_Veronica do rock.I bet they have very loyal fans! Afteral they r Aussie,1
@leddy2286 well ur gonna borrow it ,1
@brandydyke I know! I'm so bummed!!!!!!!! ,0
nothing to do debating if I should get my for ao I can update from it or not lol gah its freaking hot here ,0
More job training learning how to take some people down i miss david ,0
@jstreetley slightly jealous! i'm stuck at work! ,0
@davidsillen  sooooooothing.,1
swagga flu is different! ,0
Worked all day. I'm exhausted ,0
the mechanism to open the door to my gas tank broke & I'm on empty...help ,0
@katyperry Hi Katy! Any chance to you come to Brazil? We waiting for you!  Kisses,1
@LesPorter Traveling is fun! Glad ur well! Glad things will slow down 4 u soon!! ,1
@rachelguglielmo awww thanks ,1
yeah i would drop and break the bag of candies for the cupcakes ALL over the lobby while i was trying to get everything together to help ,0
i'm going to watch my fav movie called... PIRATES OF THE CARIBBEAN!!!!... byyyyyeeeee ,1
State wave titles this weekend good forecast and i wont be there ,0
Ive been told i changed 4 the worse =( i aint ive jus found better mates then u! ,1
Will be boarding Chennai today and will be there till Saturday. Limited access to emails and net ,0
@LeBeatz lol wow what a ploy on my good heart.  I'm disappointed. No luv.,0
Ended up not recording today  now of to prestons grad party then idk.....,0
I'm not feeling well ,0
"@neilhimself how cryptic  well, congratulations!",1
"I'm off to BFD in Mountain View - all day show with 35 bands on 4 stages!  The Offspring, 311, Anberlin, Rebelution... sweet! ",1
@skyejaden let me clarify it was like Robot Chicken's version of Land of the Lost but not as funny as that would be. ,1
"long day, gym then working at the restaurant til late... but seacrets afterward!  have a great day, cant wait til august 9th ",1
"Damn, after half an hour of tossing and turning like a salad, i still can't fall asleep. ",0
@paulbazinet  Added you back; have fun up there; I've got to suffer 2 days of reading tweets before I get to sample anything ,1
@heavensgame believe me I tried..apparently I'm important lol seriously how can I enjoy work knowing I'm missing #rugby ,0
@mileycyrus uhm voting polls closed 4 days ago retard ugh justins making you rele stupid  dipshit oh sorry for not kissing your ass!,0
@DetroitSkye Sounds like an awesome plan to me!!! ,1
"@zoid_ ""when it's done"" ",1
@NatalieGolding ohmygosh. isnt she !!!  xx,1
@MsCandy718 aww had the kid stop his search too ,0
@mbsingleton lol where did u adventure off to? And glad i could help haha ,1
@audreylish No  It was just 2 back-to-back. I looooove SVU. It's the best Law & Order. Period.,0
"getting ready, dance recital at four, you should come! ",1
I hope she goes through ,1
having trouble with the concept of sleep,0
Going to bed. I forgot about my sweet tea  now it's all watered down :/,0
wishes i was going to bamboozle tomorrow ,0
@shannenharte least you get to sing the beatles ,0
I can't sleep... so I'm cleaning out some unwanted clutter from my computer & phone. ,1
@rubberdollemma Yes! Ans what sucks even more is that I've done it now and it still doesn't work!!!! Fuckin shit ,0
one full week of school left and then done (plus exams). can't get it off my mind ,1
is really tired today after fest but has to go film a movie scene then go to work. Another full day with no time for anything else. ,0
you are The best for me...........i trust in your self ,1
@Derfdogdreams Well thank you! That's very kind of you to say. ,1
@PlayMyShhh when did yall have GOODZ on PMS.  what are you making me ,0
"@msiimon wait im so jealous.. its crazy!!? lawl, im tired. this weather sucks man ",0
"My birthday tomorrow, the big 20. No longer a teen  I hope this doesn't mean I have to be sensible and mature",0
"@tamineedham Good thing I'm home sick today! Oh, wait... ",0
"Going to bed finally after watching the first IPL match, Chennai super kings lost their first match  http://bit.ly/kttQv",0
MTY movie a wards--so exited ,1
Tweetie for iPhone keeps crashing out whenever I attach an image. Tried reinstalling too ,0
"@ddlovato did you say NIGHTS IN RODANTHE?!?!?  God, i LOVEEEEE that movie!!!! ahhhh! ",1
@vbjb123 did you fall when you were walking up the hill? lol ,1
This is why I love Twitter. Late at night but you won't feel too sleepy 'coz it's fun. Hahaha. ,1
Just wanted to say what's up 2 @Young Natho. ,1
"says morning folks, I am going to work now  http://plurk.com/p/xu4br",0
@LadyTee193 I dooo! ,1
@IGoodall mine too now! Took ages to be able to activate it tho ,0
"Hello stressful week. Homework, projects, studying   Out of it :/",0
@carronrebekah my night was completely devoid of lips. At least lips intended for me.  You were barely alive the last time they were haha,0
"dead from run. clean room, kitchen, basement. then write thank-you notes. thrill rest of the day ",0
"@AliaAlFalah If you find a solution for that problem tell me, I gained a bit of weight and want to lose it but I love food so much ",0
@befuddle My legs are outdoors! as far as my wireless will stretch ,1
Good Morning Tweople... ,1
That lock-in was quite boring. Dot Dot Curve is where it's at: ,1
"@SapphyNo1 yeah I'm the same I have decided to sulk for a bit and then go back and try again, maybe we should have been russian ",1
@britttgriffith No viking horns...bummer ,0
@BadAstronomer Oprah's been a trending topic before.  #oprah,1
aPhone is Out Now Click This Link! http://bit.ly/ZNY8N,1
I want Left 4 Dead 2!! Looks amazing - and gory! Only for XBox or PC though  http://bit.ly/525Et,0
is f-ing exhausted. Don't think I'm gonna make this deadline ,0
"@DanWarp No! I don't want dirty teeth. Besides, I lived for 14 years without a billion dollars. ",1
Time to go to bed. tomorrow it's going to be another busy day. I have to finish some presents.  Night!,1
#jessicaveronica can marry me any day....  <3,1
"my pool is at 74*C, getting warmer ! ",1
"@marcusfoster1 Just had to say I absolutely love ""Let Me Sign"" - It's so beautiful and tragic ",1
"@ChipperChild I took a corner too quickly, got some gravel, and ended up in a ditch, then bounced out of a ditch. ",0
"garrrr, just scoffed some doretos, now i feel bad ",0
why the fart is it so hot today  i think ive melded myself onto my seat because of the heat ,0
@atessies i am here ,1
what can I do about the white spots on my sage?  #help #herb,0
@alams heheh too cute! ,1
usually my obliques look killer! Not lately tho!  Fuck,0
Not bad for time! But holy jeez I need a new battery for my BB. It keeps dying ,0
Esta noche será mia......Just got back from sara an patricks lol fun night as usual we were missin someone though ,0
has to work ,0
"@janinaz http://twitpic.com/67dl7 - haha, thats funny ",1
@kayelynsays walked off again ,0
wants all er mates back together  hate itttt!,0
Good evening morphing to bad evening whilst waiting-waiting.. ,0
"......making call backs from my website, http://www.localcheapadz.com .  Thanks to all the Twitterers who inquired to advertise with me!  ",1
@littlesunflower I take it you are sore today ,1
"@joshuanafi  Argggh!! sorry, i looked & looked for softwares tp ga ada yg bs.. i wanted to upload it kmrn2 tapi memory card aku ga",0
"Enjoying a night a watchig TV, without taking my sleeping meds. ",1
If one more person ask me what happened to my ass I'm going to cry. I miss it too ,0
@tommcfly sad sad sad face  i missed it,0
I'm going to be sick forever!  that means I'm going to cry forever! Happy tori GONE! ,0
"AP, AP, AP, Earth movie, AP, AP... ",0
2-0- it should be good in Orlando- Can't wait ,1
Perfect day with Ty! <3 off to work now! Nothing can ruin my mood! Not even my awful manager. I'm sure she'll try but it won't work! ,1
lonely at work. . . . ,0
no phone still  i miss bbm! i miss richard!,0
@bellissimatina Maybe you could compose a green tango. ,1
Just now getting in bed. I have to wake up in 4 hours and 30 minutes to go dance from8 am to 11pm...GOODY! ....  my body is mad at me..,0
juss dumped my bf...    ,0
@the_rock_show procrastination means to put something off bcoz im too lazy ,1
@Twilightish and to you too! ,1
"aahhh, a very eventful day... it ended on a good NOTE! thank the gods for twitter and all that keeps me going, goodnight, luv u bitches ",1
@tweetypie08 spicy but no Liz Hurley ,0
@gay_emo_zac and a good morning from france to my zaccie ,1
Good Morning All!  @tracy_tp @Lynchie555 @ComedyQueen,1
@Christabel_SMM is ok... a model should know all the do & donts.  - your face is your asset afterall ,1
oh Town of Hamburg police...did you really have nothing better to do? ,0
@HotMomReviews The link doesn't seem to be working. ,0
Woke up late  driving to school,0
"Just washed my hair, ready to go to the horses now! ",1
"Thunderstorms are cool and all, but not when they rob me of sleep. ",0
on cam wiff nesriin  2day was fun but got sunburns ,0
We all make mistakes and sometimes we don't deal with them well...thank God for second chances. Enjoying the new internet ,1
Looks like it's picking up  #ASOT400,1
Gotta clean my room before going to the party ,0
"@gotcoff33 yes, would you like a coffee ",1
Just converted Csharks brochure into a flipping book using page-flip's software.  Looks really great  thanks page-flip and @thetechlabs,1
clumsy me!  freshly bruise just form on my hand. ouch*,0
& so it begins... ,0
@Zissy4PetTalez thanks for the #followfriday! ,1
@SteveChaiGuy out lol How's it going? ,1
@Travismtv  wink wink wink,1
Greetings world! Welcome to the iPhone Lite stream ,1
not sure if I get this but I guess I have to get used to it ,1
Family Matters makes me laugh. ,1
"@smudge_julius mmmmm, i LOVE anthony bourdain... [drool] ",1
LVATT is already number 3 on iTunes. WOW  http://bit.ly/haCbr,1
"Last week was brilliant! I passed 2 exams, Barca won CL and Orlando advanced to NBA finals  One month left till Open'Er YEAH!!!",1
@JorgeBeltran I don't have any half. My both parents are Filipino so yeah I'm a true Filipina. ,1
"@NEEFFRESH lol dam, i dont got a myspace, but i do have a fb tho..ohh umm if u dont mind press the ""fallow"" button on my page plz? ",1
forgot my laptop's power cord at the IGVC site ,0
@phraktyl the Tony's r my most fav award show too    u?,0
@theDebbyRyan Why dont you tweet back 2 me?  your making me sad...,0
@mlexiehayden I wish I could! ,0
Had a fab day shopping y'day.... Just a shame that it's all over and stress has taken over again! ,0
@1stLadyOfSCREW U know iKeep it TRILL ;) u been supportin my music since day 1 ,1
@sunnyX__X soooo good. had roasted banana and balsamic strawberry! well worth the line ,1
Lifes on the up boyyy!!! Haha ,1
iXiGO.com is best for travel search. ,1
It's sunny ,1
"@PaterickSchmede  She's gonna be the death of me, but she's sooo soo funny  Tennessee is rainy again today - le sigh.",1
good moods rub off on people. have fun always! ,1
@LUCKYCARMEN ok thank u and god bless u as well i will talk to u tommarrow if u like to  hope u have a wonderful night xox,1
day number 3 of drinking... oh bring on summer! ,1
@ppittman you are not old!!! You're  just comfy! Like worn in sweats! Said with all the love my sarcastic heart can muster....   ,1
It's coming  #xboxe3,1
@Raachxx omg!  what's up with it that it's not working?,0
Very very bored ,0
going home with shyme.. ,1
@oliviamunn Well now you're expecting it. So... it's gonna take a while. ,0
Going to the footy tomorrow to see Melbourne play ,1
@tashalogan i see u.. i'm here i'm here.. just have never taken the time to engage in conversation with you sorry ,0
"@EllaPaigeBabe niiice, i've never been to ibiza  people always say that there's a looot of party there ;) is it true?",0
"@LstInTheSeeThru Oh Bobbi, and what i replied to Chris was ""boy's night out huh? sounds like fun!""  crap! i encouraged them! LOL",1
@chubbystewart  yes it does! shake it   and good luck at dover tomorr,1
"Having all this week having to do coursework for chemistry, physics and biology for the IGCSE's ",0
"@petewentz yeah! do a video for what a catch, donnie! its my fav song on the new album   x",1
"Still pretty sure I don't have swine flu, but I don't like being sick ",0
@PlayboyMic im not beatin u up! (thnx girl 4 insitigatin @ms_dani_ct ) damn concious is beginning to kick in... ,0
Let's see... Need me some followers ,1
@KimKardashian  link not working ,0
"@carlyluvsunited I think, that may merely be a person with way too much time on their hands. ",1
Can you brush a dog's teeth? Because Bentley's mouth smells like the inside of a mummy's tomb. ,0
They gave me white rice. ~ 2nd borking of order. ~ No tasty brown rice. ,0
i may or may not be watching twilight. don't judge. i just wanted to see the hot evil vampire that's in Never Back Down. ,1
@sambanova Hahahah I know!  I was so sad you got stuck. ,0
@candycoca // Eraa do The night i followed the dog ! Falei dos verbos regulares .. só isso ,1
@Laura_Andrea shoot ,1
"Just want to update my twiiter account,, Hello pal.. i have a dizzy and stressful night.. ",0
been doing maths and geography all morning ,0
"Dream is Over  Susan Boyle, popularly christened 'Singing Angel', has lost to dance group Diversity...http://tinyurl.com/muq2l7",0
@jazmine_kay hmmm might put up bettrpic ofme when i fix my camera  too many kodak moments/happy snaps! We should catch up sometime! XDDDD,0
"@ChewFu - You gotta spin in Denver man, that shit would be hot! Bop is dope, now lets get some Lovegame ",1
@UzimaCollective morning lovely! i didn't even see you posted a msg 2 me- sorry ,0
@ericbolling Where's Dani Babb?  ,0
@brigwyn Heh thanks..  I forgot to bring my heating pad to Vegas with me /sigh,0
"@roobyRIOT yeah, im getting train there and coach back i think. . im gonna sort it all out on tuesday . OMG, OMG OMG ",1
@JanelleLea Our health is important too lol ,1
@TrueBirds how was your day? ,1
on way to work ,0
twitter hahaha  sittin here on twitter for the first time lol,1
....literature exam and my history exam   as she has a maths exam the day after french!,1
I am @ my freinds house. Its her bday tomorow! Say happy birthday to riverad55 aka daisy! ,1
Y Is High Skool So Fuckin Hard ,0
http://twitpic.com/7hrc9 - my legacy graphic  do you like? i like,1
"@terbear59 yes the new one, I adore both though  who doesn't love Vincent!!!",1
"Fuuuuck, the panic attack at airport strong as hell (( on pills now ",0
Got injection  hurt. Went out for hot chocolate and cake and now watching select live!,0
"haha  I could just see your little monster boogie down to ""green light"" @co3z ? http://blip.fm/~78q4q",1
@nicolewilson Not a problem. Hope you have a nice day ,1
"@gloomyrain2 Ha, it is ;D But I have no one to text with it all ",0
@mctweetaholic ooo i wanna go! but i cant  but its all good ,1
"@tommcfly plz say ""Happy Birthday Or , Roni & Mickey!"" plz plz plz ",0
First Xanax in two weeks. It came out of nowhere. Its calming down now. ,0
Yay! It's sunny today^^  Spotify is probably the best invention ever! Using it 24/7 ,1
"is so afraid to let you go. but knowing that if I don't, I will loose you forever. This is the worst feeling the whole enitre world. ",0
is now bored and can't believe the Black Eyed Pea's are Number one... good song though... bit gutted they didn't read my text out though ,0
just woke up. still feeling blah. ive had the stomach virus. ,0
@QueenRike  i feel lonley now! come back! but have fun ,0
"New hair = Short, blonde and blue, and always teased ",1
http://twitpic.com/7hmwe - Snack time ,1
I'm mad at my computer for not wanting to install the Adobe reader. Grrr. But I'm glad @seannwscott is tweeting again.  Yay!  ,1
@karinch seriously? boycotting facebook until work is done?  myself and your other fb friends are sad about it.,0
I have a bit of a headache  ready for tom's class in an hour though!,0
@Gel_6 working as an admin assistant was trying to qualify for Youth Allowance but that plans out now  off to africa in oct to cheer me up,0
"grrr, why couldnt henry be at school today, sooooo booorrreeedd and want to go out. ",0
@NosliwEiggam you going to twitpic? can't wait to see your pics ,1
"@sobonwine I agree on the exercise more part, but doing it is another thing. ",1
@mtgh I didn't go! Got work to do at the last minute! Was very disappointed ,0
@OceanMommy I'm so sorry Steph.   Praying for Ryker's family this morning. So very sad.,0
so glad my test is DONE! ,1
LMAOOOOOO funniest day everrr! GO WINGSSS ,1
@igzzie looking for a place that has good tortillas. When finished let me know how they were and the location pls ,1
Wooohoo!! The MTV MOVIE AWARDS are today!!!!!!! Can't wait ,1
i always hoped it wasn't true.,0
About to do a bad thing ,1
@ayoslang Yeah. I miss Bob Barker. The Price is Right just isn't the same anymore ,0
Lost by 2points  ref was a disgrace!!,0
I'm home from NJ ,0
@1vs100XboxLive I can't download 1 vs 100  Would this be related to the Marketplace issues?,0
@106andpark Love over money i know alot of people will disagree but i think if you have love that's all you need to make you happy ,1
well crap. i was wrong about SYTYCD being on tonite ,0
chale no puedo hacer twitpic ,0
@MadamSalami morning my chicken! my internet died last night ,0
@InvaderSil I keep wanting to plug in our PS2 and play FF7 ,1
Longest line I have ever seen at Subway. It's too bad it's the only decent sandwich place close to work. ,0
@Anzarox ahhhh cool  i need a job myself tbh :/,1
oh no i'm missing all the tweets due to a non nk fan on fb ,0
I have to go to work tomorrow. ,0
My one and only tweet for today...Goodnight everybody. That is all. ,1
@DanielleBebe I love you! And I guess that gross picture makes up for the fact of the getting ready picture ,1
"@DaisyPoppets hows the sneezin,calmed down? im not sure wether i have a cold or hayfever  if its hayfever,its the worst iv had.booohoo xx",0
@krist0ph3r one button refuses to stop getting clicked. self surgery didnt help either  also other parts are getting slow/dying,0
The Newcastle train-wreck continues ,0
"@Shinybiscuit yays, now you have time to make your videos ",1
@_Jannika just chillin. tryna move to L.A ,1
is happs my mums goin away again.. only till saturday though ,0
@hangontomato I had the same thing happen tonight.    Feel better!,0
Who will I be is such a great song ,1
Applying for this job http://is.gd/RbWK but first must break Twitter addiction *mmmph* ***MMMPH** Uh lemme get back to you on that okay? ,0
No cell service in novato  talk to yall tomorrow! Miss my baby ♡ see you soon love. xoxo,0
i got in a fight with ryan. now hes like crying and im just dead inside. sigggh ,0
@jonasismylife1 yeah i'm totally getting that black shirt. my mom said she would get it monday. ,1
@bewarethefish too true... but real question is why I'm awake at fucking 8:30am... ,0
@SeannikaRichae fairly productive. workin on my portfolio when not twittering. I actually left GA a 3 days ago & the weather does suck ,0
im brandnew; fresh out the box. & tonight your gonna be my husband ,1
Just got done with a ton of homework omg ahhh LOL we'll goodnight twitter world hope everyone had. Fantastic Monday and a great Tuesday!! ,1
Gonna go somewhere. Far. Going to bring my iPod Touhc to listen to some MCR<3 ,1
"@lipsticklori a very late, thank you. yeah picked up 2 design awards ",1
In mira mesa about to watch UP! Can't believe the 930 show was sold out! Yaayyy  soo excited!,1
I just stung my arm on stinging nettles ,0
@_misslizzie_ None of them seem to  You can look here for Japan's holidays: http://bit.ly/GlVbi,0
"@sharlynnx yeah,per usual  haha, we're so awesome",1
"Wants to talk to him,but hes not awake. ",0
Lil K is moving to Alabama at the end of Sept   You need to see his recent pix.  He's growing up so fast. Saw your comments on myspace.Thx,0
"@SEBBYWOOD I'm sorry! My headsets being technically bipolar since I got it. Doesn't pass the mic test, not muted, plugged in. I feel bad ",0
"sore, tired, nd paying bills. today is no bueno ",0
@talkabout lucky you!  Ich bleibe gespannt.,1
@nancy_martira thank you so much  She's a keeper!,1
Am making grown men sit a test  feel the power!,1
just made some b-fast  then the gym!,1
@IdolFanatic okay.. I have to go.. have a nice day.. Bye..  ttyl..,1
"@menagers If that's the case, they're giving John Cusack a bad name. ",0
omg i miss so muchie someone right nowww  wish he was here.,0
I need my night time driver!! ,0
Pantene Pro V shampoo smells like a field of happiness..... on your head ,1
"@curt_mowery Hey, it's ok. Just spoilsTwitter for me a bit, but they seem to hassle loads of people, so not just me. Yeah, we're nice ",1
@lourdestraction ARE YOU SERIOUS?  I love Betty!,0
"Listening to XM Radio, finishing up some work for my clients. Good day ahead. ",1
hahahaha rove is funny ,1
one more exam!!! then im free.. for 2 days.. then camp  </3,0
so tired... i need a good nap ,0
goodmorning Manila ...still got the cramps bt a bit better now...Pussycat Dolls will dominate Manila with a concert this Thurs...woooT ,1
Missed WeHo Pride   ,0
-sigh- what to say to him? ,0
at my friends suprise birthday party. Kinda bored though ,0
"Not only is rock band fun, but a night in playing with the family can ease a troubled soul ",1
@wethetravis http://twitpic.com/4eniz - too bad i wont be there. ,0
my wisdom teeth are coming up soooooooo sore  ,0
is in the mood for some serious shopping ,1
good morningg ,1
Another great song for another beautiful day ... even though I'm stuck indoors   Queen Bitch - David Bowie ? http://blip.fm/~7bdem,0
"@kristinky aww, jon and I thought it was a duck for a sec ",1
@kalebnation apparently Rob was hit by a taxi while running from fangirls today  he isn't hurt but still..they are dangerous.,0
"@AngelaMcLin I'm from NZ but was in LA a month ago, I remember meeting you at a bar somewhere. You're cute as. Enjoy the mexican pizza  xx",1
Not really into guys with tattoos....but maybe i can make an exception  being single is soooo much fun! xo,1
"upgraded to latest version of tweetie. ""New video Tweet"" sounds interesting ",1
"damn i want to go to school,, urggg ",0
vp rotund on my nerves.  i've outgrown this company ,0
@aimizubouken It's good that he's drinking ,1
"@JennyFlintoft Yes, yes I am!  After turning 36 last week why the devil not I say!",1
@JustMePammy Not green. Sorry. ,1
cant believe we laid in bed until 11! what a waste of time. I'm going to have to storm through the erythrocyte metabolon and lipid rafts! ,0
Just got home from a nice jaunt to the south of the country. It's cold back in Notts ,0
@SeanoAmericano aww  we agree *shakes ur hand* yeay ,1
watching the last episode off THE HILLS with LC ,0
@mileycyrus saying goodbye hurts so much because it could b 4ever ,0
@jamwheel @somefool oh dear VW haters eh?  - what's car would you buy with Golf money? @jaybee3 I love the new scirocco front personally ,1
Thank you Jesus for all my Fox Hole Friends... too many to name! ,1
@flishflash awww hun  u tired or something else?? need a big squishy hug??? only 2 months and 4 days to go!!,0
@blacksneakers she wouldn't do that to me. I'll make her fall madly in love with me. Her world would revolve around me. ,1
"Calculus it is, because, after all, i'm still human. Now to reprocess everything in existence ",0
i just got asked to shoot a funeral... unsure whether to... ,0
It's 3:15 AM and I have to be awake for work in 4 hours  Not cool,0
last night's town council meeting: the water & sewer funds are going broke and we may have to raise the rates ,0
@RescueAnimals thanks for last week's #FollowFriday mention ,1
My back hurts sooo bad ,0
@fellowcreative thanks for the retweet ,1
Its time for me to pack up at work now and have not had much time for twitter!  Thank you for any follow fridays. Be back later!,0
Tired that my hotmail search does not seem to work ,0
@DreadedKillaa What logo did you make with Skitch? Sharing is caring ,1
"@FrankieTheSats Where are Take That tonight, or are they not performing, im confused, please reply  ♥",1
It looks like Big on Bloor will be rained out  my back up plan is to spend the day reworking my website FINALLY,0
lol just watched 'Get over it'... quite good ,1
"@Matt_Tuck  glad u had an awesome day, so did i! Chinese for lunch, strongbow, sun, friends in park then an awesome gig in a local pub  x",1
"@seattlearchie ops, I'm following you, and I bet you don't know me  Sorry",0
Getting ready for work....Jason says I have to go in even if I don't feel good ,0
@autumnal_hedge How rude! That's half the Quidditch pitch gone! ,0
Is off to see amy! i've missed amy like so much too! and we get to watch twilight! what a great night! ,1
Freaking tireddd!! ,0
"Back from lunch, half the day more to go. Feeling thankful for making it this far. None of me, all from God. ",1
@ffjrocs Hahaha. That is how bloggers work  Also how Beatles fanatics work! My mom went to the matinee tho & thought it was great.,1
ever get the feeling someone's peeking while you are home alone working on the computer. I'm kinda getting it right now...  ,0
@ozazure have a ball. Hoping Owen finds his nocturnal social side ,1
I have the best daughter in the world....she let mommie sleep almost 12 HOURS ,1
@AMomToLove Do you have an ipod that plays video?  there are plenty of free cartoons you can download ,1
@verycris I hope Lana's okay  x,0
Thanks @changeseeker @KP_eezy for the shout outs. Much appreciated. ,1
"Monday morning already  Had a great weekend at the music show, seeing Steve Vai playing The Trooper with Nicko was the highlight.",0
I need to grow my bangs! ,0
@Alegna75 Morning Nookie AND Swiss cake rolls? Can we switch places for a day?? ,1
Goooooooooooooood Morning Vietnam... hoje eu acordei querendo assistir Full Metal Jacket ,1
"Summer is almost here,yet i dont want it to be.Maybe cuz the i've gotten to know the seniors so well,Or cuz biggins isnt coming back. ",0
"@tristramtaylor I know right. What's hotter than flicking thru a perfectly colated library? But, I did neither. I polished my shoes! ",0
"Why does it have to be so cold?  I think its time to get my gloves out, if I can find them!",0
Jailbreaking lol....... bored of course ,0
cant tan in clouds ,0
@jrenee9556 Can I come? ,0
Three Red Lights. ,0
OME i just died. i can't wait until november. ,1
What happened to RayRay? ,0
mad at my babymomma @justvonecia ...she was cheatin on me last nite!!! ,0
"no 3.0 yet, and i gotta leave for work. guess i'll hafta beg/borrow/steal to get internet access for my laptop when 3.0 does get outed.",0
I'm trying to patiently wait...but i want to MOVE! ,0
"having problem with twitterfon and twitterrific on my iphone.. it's like B, kinda retard, i won't apologize for being honest ",1
just got home from hanging out with my friends  6 guys honked their horns at us when we were walking down the street!,1
"The evil clowns who live in my attic are trying to make me laugh by tickling my neck with their overgrown nose hairs, but it's not funny. ",0
JUST GOT HOME AFTER A NIGHT AT BELO THEN LOS PANCHOS... AND IM SOBER  I HATE SLEEPING ALONE =( I WISH HE WAS HERE,1
"@LisaMarie110 hahaha, idk. but YAY! we're gonna be roomiess ",1
woke up from a greatt night out in florence at 1pm.  Perfect life right now,1
"@ksymmonds indeed  , that why i'm starting to run now ",1
@becki023  yea we may sell it at a reduced price!,1
got an urge to get a new watch. guess ima get one now ,0
Ina GOOOOD mood this morninqq  lalalala haha I'm physco ..,1
@JohnJamesRyan awww boo I have work way early tomorrow. By the time I got there I'd have to leave  next time!,0
"Get yesterday a new song, play  and play and playyyy it!!!! ",1
well I called all possible stores that would have LVATT and none of them are open at midnight! ,0
"@ShariSamuels Yea, I figured I need to freshen up my closet since I no longer am a college student. ",0
@GrrrlRomeo  still shy as hell though!  makes no sense! were the odd in a nerdy manner?  ,1
is at the racetrack and its raining. go away rain ,0
This year was sooooo hard. I can't believe I am alive right now. I will probably crash when I get home. haha ,1
Just landed in Puerto Rico! It's good to be back ,1
"Hey, I am on Twitter and second result in www.bing.com.au search so you can ask me directly! lol ",1
"@themaine i miss you too!and waaaat the fuck ian left the cab  hah ""he could shred like a crazy bitch"" how sad.",0
@mitchelmusso 6/2 ,1
is tryin 2 find a photo.......got none small enough 2 put up ,0
im very sad ,0
"@sparkyfirepants yes, i am a pc  haha, what are you trying to do?",0
@ddubsbostongirl me of course!!! ,1
@roxiijonas Brave girl  Ugh I hate insects with a passion :|,1
Tip of the day: Make lashes look more full by pressing dark brown shadow into the roots of your lashes using a thin angled brush ,1
Well my weekend starts today but have no plans ,0
@shireman I'm not a big fan. They've replaced mine twice and this one has been randomly resetting itself for a month. ,0
@zilla_darling Want to go to pole instead of fail exam on IR  If I finish half an hour early I will call you and meet you somewhere!,0
Goodbye Jive test server - so very sorry to have to shut you down ,0
@bimbler Oh nice!!! I wanna BBQ too... ,0
"Is it just me, or was there not too much straight up NEW STUFF (other than Natal) revealed at this E3? I miss the MEGATON announcements. ",0
@HappyDrew that is no bueno ,0
I need chocolates. Lots and lots of chocolates. Stringer Bell is dead. ,0
"not sure how i am going to do 10 hour days, sitting at a desk with a fractured coccyx ",0
getting ready to leave for my dr appt ,1
be back later ,1
Star gazing in shiloh ,1
@yokoono  I so would love to go...but i dont live in the U.S. ,0
@tylermear i hate you  i don't want to work,0
says It's a rainy Tuesday morning.  http://plurk.com/p/116ym3,0
Most improved ,1
Awesome weather today. Tomorrow will be even better ,1
@espyon orly?   aSILfhlasihflkasdhglksd  you maek me happiesss babycaekz :3  ,1
"@cindypon Thanks! Btw, my name is not really Senfaye! ",1
I miss watching meryl.  ,0
The electrician at work is stalking me.  I'm kinda scared.  ,0
At lunch with my mom. I didn't tell her I was driving 2 hours to surprise her ,1
@lasgalen I do - only takes 40 mins ,1
@goodgirlgonbad_ naah  whats wrong !?,0
Found out this morning that Dylan Moran is on stage in Stockholm tomorrow night - and I probably won't be able to go! Wah! ,0
Looks like I'm gonna gave to find a laptop repair place in Topeka becuz fan is screaming at me again ,0
Had one of those nights where I see who really gives a shit about me. Didn't go so well. My right hand's all messed up. My trigger hand ,0
is all dressed up with nowhere to go  http://plurk.com/p/x9r39,0
"@Dreamer64 Still have to finish some commissioned work, but it should be up in due time ",1
i am cooking dinner tonight and watching a movie and then i will be back online later tonight  hope everyone is having a wonderful sunday,1
@kesouthall I've a bit of work to do then I should be heading in for one or two ,1
"@LiZAmtl  her to my moms for my party thing, and she said she would try to make it. :/ she couldn't I guess ",0
@freespiritjain Good to know that....DJ Rocked  Enjoy dude,1
Trying to update my resume. I hate having to update my resume ,0
playing poker on facebook.  i wish hey monday would come to the Philippines again. ,1
@nessyfame I tried to give him your # but he was to busy doing drugs to pay attention. Pls don't leave Wash Hts  http://myloc.me/25Tm,0
"feeling poop again had a good day though, twitter on my phone costs 50p a minute ",0
@SashaRenee12 what did you think of Gran Torino? We loved it! And we pretty much hate most movies. ,1
Im painting that house this weekend.. but wow I am getting burned out doing labor all day all week ,0
10% twitter users produced 90% tweets overall. Twitter is a 1 way stream largelly ,0
http://twitpic.com/7ywp6 - downtown va beach. that's as close as i got to the ocean.  no time to hit the beach.,0
just put my son dofor a nap. Time to get beautiful for the day! ,1
i love @MariaMalkoun and @fella95! i need them. ,1
@fagerlund danmark is the future ,1
First day of externship was great!!! I learned claims and payments with a new program!!! ,1
"Okay, I must either have a really stupid comp, or just be really stupid, cause I can't get this stupid tweetdeck to work anymore. ",0
"were working at the places I hate the most today, the aurora schools ",0
@kidbritishmusic dude we thought you could pay on the door at the sugarmill thats what it said on the website so we were turned away ,0
Just watched #1 seeded Safina get beat by a poser ,0
work  sucks.,0
@Little_Ren 1968 is my favorite year. ,1
#unfollowdiddy because the bottlerockets he sold me didn't go anywhere ,0
Finally woke up and I think I may go live on u stream and create animations/draw which if I go live Ill notify all chu ,1
Grr... Woke up feeling like crap and with a fever of 100.1 ,0
Trying to control my allergies! ,0
2 rows up a newborn is screaming bloody murder while the parents just sit there stuffing their faces w/ popcorn ,0
I wish I was hanging with hasan and aj ,0
@DrJennifer Fantastic! On break btw soccer games so hanging at office w/ kids. They like b/c each have own computer  How about you??,1
"I want to go to the Metro Station Koncert in ""Köln"" ",0
very sad HM season 3 is over  im going to miss everybody so much!!,0
Join us TODAY from 3-7pm for our Community Blood Drive. It's for a GREAT cause! ,1
"apaz, lucky charms are only available on the black market in the UK! They cost like 17 quid hahaha and i have a craving right now... ",0
Diamond life...loverboy...moves through space with minimum waste...maximum joy ,1
is gonna be drugged up tonite ,0
Hi i am Jasen ,1
"@michaelalacey Laughing, talking to myself, me, never. . .my other personality says to say hi ",1
cannot sleep at all! not good considering i have to sit a maths exam in about 7 and a half hours ,0
awh! rad is super cute!  http://bit.ly/8yRYo  <3,1
"@twit_ch And I have been known to fake my own death, so... I try not to FB or MS too often. ",1
@joeyfortman -  Joeyfortman!  She's awesome.  Follow her and check out her journal at http://www.joeyfortman.com.,0
Tonight  ,0
@mileycyrus =P Loove Youu Miley..! ,1
i like to be freelance,1
"Dang Xstreet, i think they ""Lost"" my deposit ",0
I need my license. ,0
"today.....shopping, shopping, shopping and starbucks  Life is so beautiful",1
@Deroshairjtv actually the world will end at 12/12/12 @12:12am  so the movie must come out before then ,1
all classes on sundays should be banned. ,0
im going to go through the OC again. On ep 1 right now. Man i love the first season! ,1
"@DinosGoRawr 6'1"" hahah and yes old navy! i just found an old giftcard thats good there/banana republic/ the gap ",1
"says ugh!!! lower locker ""again...""  well, so far, okay na rin... MAbabaw lang nmn kaligayan ko... kaya http://plurk.com/p/t9edd",0
Fun watching the boys play softball! I have work sooooo early tomorrow ,0
I have no internet on my computer.. Love life ,0
@Adrienne_Bailon hey what about my shout out ,0
@HeatherShorter I love that song! I was starting to think I was the only one that knew that one!    #sameperson,1
@Dusty_Bullet he is recovering.. doc said 6 months physio before he can walk  hve got almost a ton of titanium inside him now...,0
it's jamming session and listening to jazz. i love jazz it's always makes me feel chill out ,1
@projblogsphere http://twitpic.com/6dlck - LO!!! So pretty  Reminds me of the time a peregrine falcon flew into a pine tree beside me  ...,1
"De term 'Ethical Hacker' wordt gebruikt  ""Banks are very much heavy users of Linux"" #usnow",1
"@jenandhearts awh I wish I was going to cobra  stupid gay mum. Im learning my physics course,my teacher is a legend but he can't teach :')",0
@lipserviceradio i miss you too  we should go see the bc at court st before 3pm the price is $8.50,0
Bad Day.... ,0
"@MichDdot Along with mine, my coffee magically disappeared tho. ",0
is cleaning music library / bran van 3000 - drinking in L.A ,1
@NathanFillion Hopefully be at Collectormania and looking forward to a certain signing ,1
a week has passed since my last drunken episode and someone came here to  tell me about my drunken behavior  guys get over it!,0
@ASKTechNetUK silverlight controls on teh conference presentations not always present. so no full screen or fastfwd/rvrse ,0
"BULLETIN -- ACTRESS FARRAH FAUCETT HAS DIED. (via @BreakingNews) Well, crap. ",0
that's the only problem with twitter you can't tell who is fake ,0
@Lynne90 i cant believe how close tuesday is ,1
"@cecilshun wow. first of all, welcome to twitterland... ",1
"#haveyouever Experienced that when your life falls into ashes and you have nothing, thats when you get the real gift; the awakining?? ",1
@joncheah good luck with the kayak! at least you'll be in the great outdoors that you love. take care. ,1
is up waaaaay too early for a Sunday. ,0
really doesnt want to do much of anything today ,0
"oh, my God. season finale of season six of That '70s Show = I ALMOST CRIED ",0
@pinojo Don't hurt my friend Ginger!!  ,1
@bry_wong A topless Lautner is always good ,1
"@fauxhemian What kinda soup, Ian? ",1
moving? no thank you ,0
"my mom said to me ""you are skinny. its kinda gross."" noooooooooo. i need a personal trainer ",0
beautiful rainbow over City Hall atm ,1
another long day at school  then a short workout,0
"@MaraBG oh dear, read ur reply, finally figured out what Gr8 means, just needed 2 b in right context! So, thx 4 that 2! lol ",1
and RIP to my best friend's dog Buster  he passed away this morning....... got into a BUFO toad ... fkn toad :/,0
@runpdx haha yes!!! Got my muscles a lil warmed up for stretching ,1
@alex_gibson http://code.google.com/chromium/ its closest you'll get so far but I hear its buggy and incomplete... ,0
"Great day!  The sun has returned,   Clearwater Beach is summoning me!!!",1
"working hard. check out my new single ""Inner Me""@ www.myspace.com/goldyboyentertainment.It has #1 written all over it ",1
@Davidakimoto hmmm i've been on food network and I did photowork for MGA toys but nothing major yet! Tv and film for me also ,1
"@laurenparadiso no, thank u for share your talent with us ",1
I'm seated at the middle column and at the first row. Directly in front of me is the teacher's table. Whatuppp witt daaaattt?? ,0
@Barreda there are some advantages to big cities.. DMV is not one of them ,1
"Your last chance to see Susan Boyle freak out -> http://tinyurl.com/ndepoh I'll take down the post, I scare she'll freak out on me.. ",1
@michaelmagical hello there ,1
@jrkgirlnla ouch  you ok?,0
So much for that.  Wow.  What a bomb. ,0
omg i can't believe i'm failing a subject ,0
@noodlez - The infected could push a generator infront of the elevator door on the NoMercy level - getting you stuck in the lift ,0
I'm soooo bored...and waiting for stuff to load... ,0
"@Karinaaaaaaaaaa I actually miss school for once cause drama, I hate being ill  ferny been shouting?",0
I really need a real bed. ,0
Just came back from the mall. Exhausted but still gonna study for a lil bit. Life's miserable at the moment. Boohoo. ,0
@kewby i really really hope so ,0
@Mz_K_ - Great pic!  I'm jealous... freezing in Sydney. ,0
jsut home from a night at the casino.... won a tenner lost a tenner ,0
"@judexmurphy Hooray! There will always be a special place in my heart for Weapons, however, I am luuuurving Bulletproof. ",1
has now got tonsilitis! wont be moving from the couch for a few days or eating either ,0
Feel like summer Santa claus-- gift giving everywhere ,1
goin to sleep even tho its still early here. just got about 5 hrs of sleep earlier. Goodnite Twitkers ,1
"Don't want to go to work today, I'm missing Strawberry Fair!  x",0
watching the notebook. lol ,0
@__earth Hehehehe ,1
@EmmeRogers Booze and geeks... oh how could I possibly resist ,1
"Hub has decided going 2 bed early is good (we're night owls). Trouble is, he's sleep as soon as his head hits the pillow & I'm wide awake ",0
"Maps are printed out. Soon, time to pick up my girlfriend for her to visit Bel Air. ",1
my dog can't move anymore. praying that he will be okay ,0
@heawood not like the good old days when posties might throw all non Labour leaflets in the bin ,0
"Close enuf 4 me!  @bradbaumn @CJHatter Aww thanks for the shout out yesterday bro, but I'm just a FRIEND to the community, not pt of it ;)",1
@SuperPastor well no NASCAR at church must go home ,0
french is the worst subject ever. ,0
"@afonin потому что БДЧ значительно дороже. из БДЧ в прокате был только Кайенн, но нуевонафик ",1
My feet hurt so bad ,0
omg why are the marshmellows in lucky charms so damn tiny now? i feel cheated. ,0
taylor swift i herd that she was on csi somebody plz tell me if that was true ,1
@metrostation are u coming back to Finland?  I HOPE SO 'cause i can't b there tonight. ,0
"i feel a sickie coming so i looked up swine flu symptoms. i have a fever, chills, a headache and fatigue. they are all on the list ",0
@drcoras http://twitpic.com/59iog - They pimped up the car ,1
@r4yfx The weekend before payday to be exact! ,0
I can't believe the show the nanny is on nick at nite... ,0
I don't wanna be single the rest of my life ,0
"@ameliasprout You ARE nuts, but you get extra mommy points for doing it anyway. ",1
@HolyShizItsNLT I LOVE YOU! ,1
@kylerichter you need to come up with a nice job title like that for yourself ,1
@sushirockstar pyschos do that  xx,1
quivering greyhound shaped wreck appeared at top of stairs just now - I am so proud of my soppy boy. He's stuck upstairs crying now ,1
"WOW, what a boring FRIDAY... and I have tomorrow off too. WTH. ",0
"That was mean, I'm stressed because of the maths gcse I have tomorrow. But its not as bad as having incommunicado on tuesday ",0
"Maggie is IN for softball!  Oh and you know she is pumped.  direct quote 'i hate softball and i hate you'  Ah, sisterly love. ",1
First day on twitter...like it so far! ,1
"@autumnkaine neon genesis evangelion. and i can't find mine, i must have left it in st pete ",0
@DwightHoward congrats n dats very normal 2 get emotional like dat after achieving sumthin real high up der dat u really wanted ,1
@Carlynhaaaa ahhhh. Thanks a lot  btw. I'm embarrased for not knowing @markhoppus (so many followers....),1
Woohooo! I did get a nice apartment! Can't wait to move in but have to wait like 1.5 month ,0
@GetKnownRadio i know ,1
"@feintnate lol thanks, thats comforting. we have to paint together ",1
That's not to say I don't appreciate my free Qld pineapples... I do very much. Thanx Jack's dad ,1
"@yadikeith same old, same old! Twittering away- LOL How 'bout you? ",1
"Finish gym abt half n hour ago, but mom is still in new york, doing facial. Anyone in midvalley right now?? Im bored ",0
"is in the Apple Store in the Florida Mall, just waiting to head off to the airport soon ",0
I'm pretty sure that gravity is just pullin me back to the ground again ,1
I'm going to miss my friends so much cuz I'm going to be away for like 3 quarters of the summer ,0
cant get the subtitiles off of my stupid tv ,0
is it 3pm yet........  ,0
@TherealNihal Scum ,1
@druey unfortunately i cannot. sorry.  #badoptus,1
finally feeling a little better... maybe it the presence of jon dempsey... he's like an amazing get well drug... ,1
@J12thomasw wat channel u watchin? Where u at? I wana c the awards but they not on yet ,0
@DomBomb86 Nig.... I ain't even going to ATL no more  I wish I could come down there this wknd!!!,0
A long work day 2 come home 2 my car hit again...Maybe 2morrow will be a better day   About 2 get ready 4 bed...Night,0
Missin my son..he went home with my monster in law last night  i can't wait to get him back this afternoon after work!,0
@yungryfunk aww! Haha i love all of youu! (as in the boys and their fabulous band!) ,1
"i'm on my april 14th comments....maaaaaaaan, i feel bad!!! i'm like 6 days late w/my reply!!!  sorry folks!!!",0
"@foodphilosophy Yeah, maybe. I thought that or lack of hydration?? It was weird. Went to lift weights and it only got worse. ",0
"@schoolgirl yup, frosh.  we were all scared talaga when the teacher told us abt it. Baka kasi nakasabay namin sa elevator! :-S or naka ...",1
i am loosing my voice ,0
@sluce17 its super creepy when ur watching it all alone with all the lights out ,0
"@Libbyextra hey no problem  Looking forward to the weekend, got an addition to the family coming home! Have a good weekend.",1
"soo a little baby bird was born in my yard a week ago?, was hopping around in the gardens yesterday & today i cant find him ",0
@sddialedin I want to meet him! ,1
ricky is so gay he is gonna move!! fuck you asshole!! ,0
"Sad Day, the broken wing butterfly I flipped over and hand fed all week has died  WYC ones have been let free now, I have pics tho",0
@DeepaPrabhu Will mark tht tweet as fav! Very true  ! Hw hv u been after a hectic saturday,1
Oh Canucks. ,0
"@willsingforfood no you wont. good luck, tell me how it goes ",1
shot with David and Lena Kaptein yesterday ,1
"Eating cereal w/ Jarren and apparently his is ""sobby""...oh to be 3 hahaha ",1
so tired ,0
@xeydna i know me too ,1
"im off to watch a movie now, Saving Private Ryan Tweet Laters Tweeters ",1
@dannygokey Hey Danny <3 ya!  You were my fave!  I am so sorry I won't get to see you in concert   I have another concert that day.<3Dolly,0
@ClaireHammond im good thanks - fighting off todays hayfever ,0
Pattern making and sewing today was so fun! ,1
@jaguarjulie yes she has ,0
"@rainstormiee aw thank you anyway, was still nice to see ",1
@mileycyrus I cant wait to hear it ,1
24: SEASON 8 IN JANUARY. OMG. SEEMS LIKE A LONG TIME.. ,0
@jordanknight can't check video's at work   send mor photos!,0
@JodehBaker YOU ARE A BULLY MISS JODIE BAKER!!!! hahahahahahahahahahahahahahaha  i do smell.. but i smell really good!!!  Xx,1
@iamdolleyes Hey Poppy!  it's Mal (malzadoll).  Sorry Twitter is being lame.    Ask if you need help!,0
thinks it's about living and being positive.  Be happy!!,1
"@TAQ7955 Anytime,anywhere by using Pocketwit. Jom!! ",1
@MelvinJames hey there.  How are you. Pleasant surprise ,1
I don't want to leave san antonio ,0
"wth?? divorce court?? haha! ) anyway, good night everyone. see yah later midnight. [in your timezone] ",1
"gonna play spymaster in twitter, dunno how to play but i'm gonna try ",1
@dinnysaurus lol. I see what you did there. ,1
@speak2kate Appreciate the sun! Its the 3rd day of winter for me - no sun to be seen ,0
I think im going to be sick forever ,0
"@oohanthony SWEATY, EH? oh you dirty person! remember, the lord! jesus saves! ",1
"@TreoBenny There *should* be a go to top option, but not one that I know of ",0
"@jamescowley well, good morning now ",1
@NarissaShanise Thank you so much. I just have to keep on pushing hard and eventually it will pay off ,1
@themillionaires what a coincidence im drunk too! Lol ,1
"oowwright,, i'm going to the brithday of abe, (sema's little brother) ",1
@evelynsaenz Thanks! That first math gnome looks like my avatar! ,1
@MikeWehner We still pay $70 for a 360 game ,0
"@EverRaven Wow, really? I didn't know it was that serious.  Well that sucks. Texas must have been chock full of asbestos.",0
@JaiTuah hahahah yes! ive had the chocolate fondueeee.  mmmrrm.,1
@therealjibbs move to NY cuz itz poppin and I'm there  lol,1
@sethu_j muhahahahahaha i don't quite get this whole thing yet ,1
feeling good. i think its gonna be a good day ,1
eye is fuzzy and can't find a way to get my lunch in my bag  is it bedtime yet?,0
"@BonnieBrown Thanks, I think so too! ",1
I miss my aunt and uncle... I never get to see them  i'll tell dad to say hey to jon today.,0
"@robynmcintyre Hello, how looooooong! How are you? What is DOYD? ",1
@magnolia57 He's just reporting it.  Don't shoot the messenger!  ,1
"I keep hearing that the economy will take a turn third quarter--21 people were laid off @ national office of NMSS, Tuesday. HURRY! ",0
Just read the saddest poem. Real life. Raw. Tragic.  Too much emotion. Too close to my heart. Crying. Feeling. Remembering ,0
@LLAbbott Thank you very much! ,1
grr. why is it sooo hot.. they pools too cold to go in ,0
Wow! Amanda Holden has Twitter!! Yayy!! She rocks so much! Love her!!!  (L),1
First #StudentLoan payment was sent today  Why am I going back to school for more debt? LOL The price of education I tell you!!,0
@P_LOCA thank you babe  What are you doin this evening?,1
"is very anxious for xc... even though there is no vaulting involved. I'm gonna rock this year, I can feel it. ",1
"is back, concert was awesome but I sure wish I could have spent more time with @tabbicat @OffTheHook77 & my new twitter pal @irishgirl75 ",0
Bored! Watchin Dragonsden and wishin I was rich ,0
someone buy me the hello kitty fender ! haha . ,1
"@JazGill I love Minnie Ripperton! So mad I missed it! UnSung is a good show, I saw the ones on the DeBarges & Phyllis Hyman, very sad ",0
Sad that the Nuggets lost ,0
why cant i just study and not be distracted like normal people?? ,0
"had a great day with his girlfriend  i love her so much, now jamming to Cradle of Filth !!!",1
I kinda miss tweets ,0
Ugh ! What to do when I want to hide from the world and I don't have my glasses to hid from the world ? FTW ,0
@danzare i think im gonna try to get it to look wavy for vacation. ,0
Your imagination is your preview of life's coming attractions. Albert Einstein ,1
Mill Valley Silver Stars: the juniors  http://twitpic.com/6g0cr,1
"On the train between Prague and Poland, making tune on a garage tip feeling anxious & excited bout putting new tunes out soon ",1
@tyrannosarahrex eclipse made me cry so much ,0
I need some relax ,0
"Listen to the lyrics , It just melts my heart  http://bit.ly/IWfv9",0
and it minimizes photoshop. its getting annoyyyyinnggg ,0
2day's been awful n I need/miss ur sweet voice...  tg 4 my girlz n I h8 u miserable hunchback.. fml,0
@throwboy Making that Flickr now ,1
so much pressure! ,0
hangovers bloww. now i have to go to work? ahhh. i want to sleep ,0
@MisterRoy thanks! We need luck and lots of it ,1
Exhausted after two poolside parties - going to Lamma Island for some seafood! I love having weekends!  Summer is here - woo hoo!,1
@lebos68  The power went out  We would have went on but the amps and the microphones were out too.,0
@Ray_keogh class nights ,1
@litebriteac lmaoo smh twitter goin nuttz lmaooo .. dnt leaveeeeeee ,0
Hey hey hey ,1
@analeigh90  thx it did make me smile.,1
Disneyland might just be me and john... Tara doesn't want to return phone calls or texts apparently. ,0
"Yep its the crap nautic path, boss has taken the only navionics chart we have for demo tomorrow        arse.",0
"@DonnaMMiller - A sprite? Not sure. Sprightly? Most likely  Tonight was Salt Lake City. I took photos, it was good.",1
@arepeejee in my head in makes sense......especially after 3 nights out on the trot.... ,1
Shoe shopping fail ,0
"@WhatAFeeelin aw, jeff im sry  i hate when that happens. lol",0
"bored. going to dinner with the fam tonight. and i must say, summer school is getting better ",1
@ctham Lucky you.  Enjoy it.,1
I'm exhausted. Time for bed...back on the grind first thing in the a.m. so goodnight ,1
"Walkin to work, sporting a lovely swollen eye - damn stye ",0
@jamie_oliver they are sweet! And they love poppy!  So adorable,1
@mehulved good job..  i've always beleived in speaking up for the right.. ,1
"WOW, Steph and John and pretty much everyone else did better on How well do you know Billy than me. ",0
"Really love that Generation Award winner, Ben Stiller. ",1
@carpesomediem I'm so right there with u! It's very frustrating ,0
finish eatin my breakfast ..yumm i made option #2  ...txtin todd until i fall asleep,1
Man o man...I'm just gonna go to bed...this is so sad n painful! Me tryna find somethin to do that aint uhe club or my man!  I'm all set!,0
Goodness gratious can my dog snore any louder hah ,1
fuckin' day ,0
Joy. My 1TB backup drive has failed   time to scrape together some funds for drobo.,0
@jasonmitchener I'm doing pretty well  starting drivers ed tomorrow wohoo!,1
just been I.D.'d tryin to buy a scratch card ,0
@twinklergirl it's not a turtle is it? ,1
writers get writers block. ... what do graphics people get ... ? ,1
i crack myself up ,1
With my wife at the hospital early stage contractions  at least shes ok,0
"Hopefully, going to Bellwoods later on YEAA ",1
Koffee With Anu (Vijay TV) - Unnikrishnan's rendition of Hava Nagila and Hotel California was sooo Mallu and Madarasi ,1
Beautiful day ,1
Back from the station & missing John ,0
ugh glamour kills got even more new stuff for the summer. this makes me want to buy everything ,0
"Ahhh, I also had a dream I didn't wanna wake up from  it was sooo amazing. But it won't ever come true  <3",0
@tyennie cause math is fun... ,1
Sumtimes u make things out to be more than they are w/ that being said goodnite ,1
@zeqox I dnt think i can  got appointments with a martial arts dude tmro at 11...dnt think i can make.can you record the movie on mob? ,1
"Multi-disciplinary Team Meeting 2day - went very well. sum tears from kp, but she's ovr it now. Heli lesson 4 me & cracked the hover ",1
Cramps wahhhhhh   i don't want to get out of bed. Bring on the mass amounts of tylenol,0
will eat dinner and try to finish zune e-book builder by tonight!! that I need to start creating a website for it but i hate html+php ,0
Hi. I would like to inform you all of my deep and passionate love for Lylah Alixxandra Nott. ,1
"@eviola Are you going to be onliiiiiine tomorrow?  I needz your PHP halp again. Or if @jemjabella is on, that'd be equally fab. Help meee!",1
@jedibassvampire ahhhhhhhhhhhhhhhhhhhhhhhhhhhhhhhhhhhhhhhhhhhhhhhhhhhhhhhhhhhhhhhhh (6) can't wait for it ;D dude its only 15:19 ,1
Still no word from my host if ATM can be restored ,0
hHhaAa....it's too refreshing! ,1
Spliff DVDs and munchies ! Yay  cosy times,1
@danlopez2012 Thank you  #followfriday,1
Tomorrow is my last regular day of schoool  but then I have review day and exams...  bcfjrepwlsxjfru bedddd,0
@simply_scorpio your late honey she is going in 9 hours.. ,0
@pharazon Ah never mind.  I'm sure you had lots of fun on the way there ,1
@blatzliquor Always happy to recommend the Blatz Cave to fellow beer lovers   And yes a scurvy it is noone has spotted me on the roof yet,1
@missflipflop U go girl...cleanse youself of the negative peeps ,1
@startonomics i saw that too. why don't they just shut the site down ,0
@kittywkk Get 100 followers a day using www.tweeteradder.com Once you add everyone you are on the train or pay vip ,1
@Ameriicaa i miss u too ,0
Eating Mexican rice and drinking koolaid. So good. About to watch the notebook ,1
Apple just brought out umbrellas for the first 14 people in line. They are loaners and there is no logo ,0
"@JustinMGaston you seen to be so sad, why? ",0
is enjoying her days off of work..but back to work tomorrow.. ,0
Chick flick weekend fm Netflix: 1st: Kate & Leopold: pretty gd! then He's Just Not That Into You: plenty of stars but very disappointing ,0
"Testing so far today = 0. Being back in the office means more ""where are we now"" meetings and less real progress  Must be done though.",0
@FantasyParade YES. I. KNOW. ,1
At an 80''S retro prom wishing HE was here to dance with!  I'm gonna miss his great dancing 2nite  but still having a blast & a few drinks,0
@fionaryann no.  it's too cold inside my room. lol!,0
Not sure what she's gouing on- weldernes has hep me from riding ,0
@WendyMaltman Boots Meal Deal ,1
@t0ns:  nou moe... stomme banken/crisis shit :S,0
"@Jenreynolds25 Very insomniac, but B grade SciFi, Yesssss... ",1
@Monaypink  mean,0
@MayGilon Everything's great  accept it's wierd that I only follow celeberities XD,1
@JoelDrapper Glad to hear and you're very welcome. ,1
@ work...feeling super sick!  http://twitpic.com/3j2d9,0
I miss my Om Necklace.  Matt lost it.,0
@taylorswift13 we did!!! we're watching it now!! ,1
somehow finds drama with people she thinks she can trust  but will make a positive out of a negative.,0
Jennifer Aniston does Pilates almost every day. Summer is coming. Look like Jennifer. Do Pilates. ,1
@24Lakers7 Yeah I did try animalstyle...4the first time.   I'll have those again but minus grilled onions. --they put a little 2much 4me.,1
"Today is a patriots shirt day, September seems so far away, roll on new NFL season. Omg why are the Yankees losing matches so badly?? ",0
@michaelluby Send me email at ingrid @ gnip.com. Let's see if we can optimize what you have. I'm a little suspicious of the dupes issue. ,1
"@VanessaVickery Mayhem Fest, August 8, Hartford, CT - Matt V & I will be there ",1
@JJWebshows i didnt see the show. what was in the package? ,1
I really wanted to go to Super Target tonight but then a bunch of people just randomly came over to our house. ,0
@1LovelyDreamer then Walmart it is ,1
aww BGT! that's it for another year. ,0
@weshotthemoon awesome thanks! just downloadingnow ,1
"Ok now they just pulled the ending of Ocean's Twelve out the producer's *Censored*. Anyway, here's to hoping thirteen is worth my time ",1
@trevoryoung I wasn't   ...sadly.  Busy writing - deadline tomorro.w,0
@teppohudson Have a nice day!  LU,1
"Ive been to st albans, potters bar, barnet, ealing, islington, knightsbridge, Mayfair, embankment, westminster, just to name a few places ",1
Hey twiieeeenndssss! I love this weather! 74 and overcast ,1
@dealbreakers Why do you have photographers? ,0
@seetheTRUTHis must be nice ,0
I am sick of sneezing  I hope this cold goes away before my flight on Thursday,0
@meriel Yepp except yung shopping budget if ever. HAY hard :| @explosivityy Oooh you did? Lemme see the pichas!  HAHAHA link!*shall stalk*,1
@john_bruno omg. Congrats. Still kinda sad tho  but very xcitng,0
i'm so tired my stomach feels sick! wth?!  Drama exam today!! D:,0
@jacob_cameron i am good! and i miss you a little too...are you not coming back next week  XXX,0
"@megs76 thanks love!  I lost a best friend over the winter, and it was my first time being back on the lake that took him.  ",0
Finally a sunnyish day! It's been raining for a week!  How good are olives by the way ? Loving them..,0
I'm home. ,1
Just saw the first Tony Awards ad on TV! So excited ,1
@maureenjohnson maureen on screen ,1
Lady Gaga supporting Take That the nights we're there - god can it get any WORSE than that ?  Oh 3 weeks today! ;),0
"@mazzlestar Cheers M, bears for a camera seems like a great idea to me. ",1
sleep; geometry regents tomorrow!  fml. *why do i love him?*,0
Shorts.. And it's not raining.. Must be physio time.. And see what she thinks about me heading to Germany.. ,0
"@flackboy  you missed out on some excellent company though, including myself....",0
What the hell is wrong with me? Everyone has a boyfriend/girlfriend except me. i want a boyfriend so bad  i want some one ,0
@nineonefour i hope it feels better soon.  and that sucks. ,0
Had some ask me to make their site rank 1st in google for the word printing... Where do people get their information? ,0
I got up early... and I don't even have to ,0
@dougboude I feel u on that 1. It's a curse I tell ya. Talk 2 @peterbell. After his #SOTR09 talk - the man knows how 2 kill scope creep. ,1
"@CynthiaY29 No - I did ""get back on the horse"" a couple of times after the fall, but had lost all confidence. Haven't ridden for 5 years ",0
bzy with midterms :'(    . . .  wish me luck ,1
"My twitter is messed up  i gotta fix it so i´m not gonna twitter for a couple of days through the web, just through txt ",0
"@jaclyn_atl oh jesus, thank god im not there to be watching that with you. its only 8 here.. im not used to the differenceee ",0
"Is feeling like Ugh!  Guess this is my body’s way of telling me I came back to work too soon. Requesting PTO for a sick day, I need it",0
woohooo...done working out finally...actually worked out 1/2 an hour less than normal  ,0
@mattpro13 I'm jealous! I'm in Asia    Come here!,0
I want it to be 5 already ,0
learning how to twitter ,1
Was there a couple of hours & still want to go back ,1
At the mountain view MINI dealership getting an oil change. I miss @EastBayMINI ,0
@amb3r23 awwwwww u jelly ? ! Don't be ! Lol you'll be cool like me one day ,1
@jbrinkman Man... I am surprised that I didn't get any at my session. It was definitely not my best performance.  Could feel eye daggers.,1
this is so nice! i love it! thanks!! thank you so much! ,1
Gudevening/goodmorning twitter people. ,1
"revising papers.  School is almost over, praise the lord. Three more days.",0
"Haha my family are having a BBQ today, IN THE RAIN ",1
@MabelKwanAiyoh bobo..jangan marah. I never get to enjoy Fridays also cause i WORK on saturdays ,0
It's raining ,0
@jonaasbrothers I WISSH I WAS THERE ,0
and just like that...my mood is deflated ,0
@CVanceismyQueen Actor Dahling ,1
@PembsDave Builders have started-home is currently a hell hole and I'm about 2 lose power in the next hour for the afternoon  Reading time,0
going to yogurtland with the boy & fluffyy ,1
@chrismclay What do you need to know. I use the damn things many times per day ,1
Im so tired!  dont want to go to school!,0
@ANDEOOOOO_XD I know right? Dude..call me. I'm still stressinnnn ,0
wants ice cream. ,0
love my sex and the city ,1
at work ,0
@rickgalan Touch Pro 2 looks better... but how long do i wait with a phone that's falling apart and often crashing. ,0
"And my controller just died, I think that is a sign to go to bed now! Everybody have a great night ",1
"Bag's packed! Off to the Spa, this girl just needs a bit of me time! ok so it's all about me me me, but hey never said I was perfect lol! ",1
Waking up and getting ready for my route. Go Portage!  J&A,1
Getting ready for another day....can't wait to hear from Mindi on what comes next with our house.  ,1
Watching kathy griffin and drinking wine ,1
@jo_2699 That's all I have for today. ,0
Im really tired. The sun got to me! I want to take a nap but thats gonna screw me up. Noooo  gah!,0
@tbajgrow help me find a good guy like that! lol u would not be driving by urself if u came with us! Hehe jk I feel bad tho ,0
http://twitpic.com/6luzu - My own logo for DW contest. Hey is that a Granny Smith?? ,1
"Wooohooo 69 followers, ",1
Just folded bottom set to a RR he showed a pair of aces! ,0
@TamyraL Ya'll be hurting my feelings! Didnt even let nobody know! ,0
"tell me why it hurts so bad, tell me why it makes me mad. offline; ",0
"@alexissantos Great preview! Just to be clear, though, Trion has $100m in funding for three games in dev - it's not all going on HoT. ",1
@Feather1228 Ugh and I hate that I don't have caple anymore ,0
can't wait to watch Ghosts of girlfriends past later.. ,1
Ah! Sunday morning blues  and stil have to see some people i cant stand to end my weekend off. Awe,0
Im sad that my bff doesn't love me anymore ,0
"The CSS was going so well, then IE arrived at the party. Background simply won't line up, have to rethink the entire page ",0
@schel You're absolutely right! ,1
I love my little cousin  XD He puke a lot but i LOVE HIM ,1
@msmonogram It's ME!! You are missing Me ,1
Wants one of those thick fashionable belts ,0
"tired, tired and sore! twitter display pic still isnt working  xo",0
"I really can't sleep, I feel kind of anxious. ",0
figuring i might actually start bio today... but only after some bejeweled blitz  x,1
"@MissxMarisa of course I said that to Zanna too at first, then she proved me wrong..LOL! ",1
Ich folge dir quasi per Google StreetView. ,1
@lovestoner what single? ,0
here it is if you haven't seen it   http://twitpic.com/6qetd,1
@piersphoto  thanks! Hoping to see online versions of full selection soon... running later than usual i think...,1
@jonpurkis he was part of a secret society that guarded the secret ,1
@AYEJILLA & @andrewEMT suck at trying to scare people but are good at killing naps.   http://myloc.me/218m,0
@MicHELLeYEAH Did you know there is a new Michael Buble cd/dvd coming out on June 16th? ,1
i need to let off some stress no drugs included....i miss mary jane ,0
@DavidArchie crying. miss yah . lol . true.(posted many times so you`ll see if you still would not notice this.. aww for that) ,0
@KarlaTerry sorry I missed the first swim of the year ,0
@LadyChef8484 that sounds so good compared to my detox crappy food. ,0
hahah ive got ginger hair nao ,1
"listening:  all my loving, ost across the universe. yeah! this song really makes me smile ",1
@rawsammi Hope you stopped crying. At least you HAVE a bank account! All mine got closed! ,0
Finally trading in my Wrangler.  Sad but has to be done.  It's going to suck not driving her...damn transmission.,0
finals today  everything is annoying me.,0
chilling at the apartment when I should be downtown. I had an allergic reaction to the antibiotic I was on and now I have hives ,0
Heading out on a much-needed run after way too much food this morning...2 hr jog sounds about right ,1
"Is going to attempt to be a patient at the community health, something doesnt feel right in my head and I should get checked out ",0
HEADACHESSSS  ,0
"Party - Demi Lovato - i really could use a party now, guys how bout end of term party ",1
"since I got my present early, there is nothing to make my B-day special ",0
"@Fablanta Birch Beer is Root Beer, done better!  I like Boylan's the best. http://bit.ly/kv1Hj",1
@mamapigeon Yup! Liked #Wolverine a lot  Don't understand negative reviews.,1
@torehtard hahahaha me too ,0
Just got more confirmation on this dreary day. I love God. 5:15 came to fast this morning   ...dinner tonight,0
@alittledizzy sure. Will be on in a bit. ,1
"@nkangel74 deep breath, turn up The Block and all will be right with the world ",1
@Accessories_UK - hope itn stays good for you guys ... here we are definitely expecting thunder storms ,0
"@huggerfood i feel the same way, really glad that i can't have most available junk foods. angel food cake was my cake of choice though ",0
oh no... i think i'm getting the flu bug  not feeling too well.. pray hard that i wont be having runny nose by.. http://bit.ly/CSYlZ,0
@tommcfly your sooo lucky..I wanna go and sunbathe on a sunny beach..for just one day lol..im stuck in the rain  xx,0
"Maggie Dell- Velazquez is going to the vet in the morning, hurt my left leg  http://apps.facebook.com/dogbook/profile/view/6312898",0
Off for my exercise burst and manipulation shortly! ,1
ugh. Technical difficulties w/ my computer. Fan-fic on hold ,0
"cars,,,,cars....cars.....I need one. ha ha. The one I found last night, that I wanted so bad! is now sold. And not to me ",0
@LisaMira so so sooo good. =D delicious om nom nom ,1
"has had a rough time, bel had chickenpox and poor honey my 9yr old bunny had to be put down. really really sad right now ",0
@noddynoddynoddy  Aww.. You attacked me on SpyMaster! (,0
I'm cold.  ,0
@AngelIbarra Im sure you're bummed bout leaving home for so long  but completely stoked for Warped at the same time haha,0
@speedyian glad to hear! Best of luck with the rest of them now! ,1
@SchofieldSarah i meant to say i did try and get some for friends but to no avail! house is pissing me off now! ,0
"@markusgiesen Yes, the escaping should work with multiple line text elements - the /* */ style comments allow specifically for it ",1
"just saw the best show on broadway HAIR!!! this production makes me want 2 be here even more, on stage, living my dream ",1
"@OliBogue Too much sport distracting me, so not very well  Ah well, at least the weather's awful so I'm not tempted to leave the house.",0
"Was going to try out my new piece, but I spent all my $ shopping and forgot to buy a slider  oh, and @S_hedy I miss your ""presents"" alredy",0
Officially procrastination!!! Moving tomorrow and not packed at all... ,0
is new to twitter ,1
Finished JavaScript debugging task  Now onto an algorithm for php - fun stuff,1
"royals just lost 1-0 with Greinke on the mound, his first loss of the season. ",0
"@CHRIS_Daughtry The video is really good, maybe y'all best one! And I think it's cool u respond to your tweets from fans ",1
@LasseStilvang Your english is exceptional! ,1
@solitaireclay07 you really know how to bring me down ,0
nothing ,1
Zane charnas sucks. I wanna see 3rd eye blind ,0
At Swanguard Stadium for the Jr Diabetes Walk fundrsiser. Volunteering at the Corp Pledge Dropoff tent. Come say hello if you're about ,1
Had vegetable rice 4 lunch which cost quite alots but still hungry.  - http://tweet.sg,0
@lisa_omar LOL im obsessed I knw! I'v alwys loved the show. But non my faves hv ever been on the Top 2. So Adam being on it is a big deal ,1
woke up feeling like balls...blah. n then I somehow bit my tongue as I was stepping out the shower!!! FML ,0
Up to 72% with raid buffs.  Om nom nom piercing shots.  ,1
"i already removed ""CNN NEWS"" in my following.. sila pumupuno sa twitter updates ko eh!! ",1
"Whole yellow tail fish, creamy mac and cheese. PassionFish. Coffee gelato-had to say no but damn that was a good taste ",0
@wakachamo 5? I have 9 left ,0
okay fine.  txt me wen ur done,0
uhhh got a reallyy bad stomach ache! mall plans canceled!! ,0
@Contendo I keep checking! ughh it should be soon  lol,0
"@brookeburke Just read your blog, Was really good  x",1
"OH, nice weather today!  YAY! #squarespace",1
@britanni10 ceejay and frank out the group now ,0
"Uploading a new video, just some random information. ",1
Now I arrived home ,1
"@Rocks4Ever ta very much, i was doing temp work anyway but it was shit, i want a stress free life ",1
"@NKAirplay That's exactly what it is...Joe issues and then, I also have Danny and Jon issues. I am a mess. ",1
in so much pain from getting my wisdom teeth out yesteday ,0
Exeter City take the lead against Lincoln! Automatic promotion is still on ,1
is snowing again! i'm moving... don't know where yet ,0
Okay that wasn't so bad! Just had to trim the yard! On my way to the vdub dealer out Waldorf! ,0
having super technical difficulties using the @mr_burnett career site. all i want to do is great work for you ,0
liked to go to the beach but we didn't ,0
@Myasis_Dragon these are street-wise house-mice! urban little shits! they are clever  traps used to work now they have got wise!,0
@bella456 You started it. ,1
about to launch my MacBook into space ,1
Come play Balloono with me  http://bit.ly/K0iEC ---- @supered86 yay don't forget to bring the staches <3,1
"@JustineAAM Hehe couldn't resist...it's so yummy! @AnneAAM Go snack on them!  Wonder if it tastes good with Milo, ran out of milk lol",1
"@Claudi82 guckst du hier interview : http://bit.ly/12o9fO  Name ist: ""This is us""!!! ",1
"@GanbareGenki that's great!  Yeah, that's what I thought, I wonder if those idiots fooled anybody yet haha ",1
Heeelllll yahhh nice comeback boys ...someeebodyysss clossaaaaaa!!  I love la,1
so i just almost fell off the bed! i went to put the laptop down and forgot i was on the edge... and went... OOOOO AIR ,0
It's Monday already?!?!?! Nnnnnnoooooooo!!!!!! ,0
studying for the rest of my life wat else is new ,0
Leaving Bangy for Good!!! Will miss this place and the friends I made here...  Keep in touch guyz!!!,1
"@kaitlynsmommy72 Knew him a little bit, friend of my brother - was at our house quite a bit, went to school with Tara too - very sad ",0
"Another one. I always feel bad when I get emails asking for cupcake lessons  For the life of me, I cant teach. And I dnt have space.",0
@ChristaGrant It was fun  At a friends house cuz you know I don't have a yard big enough for a firepit. SNIFFLE!,1
@Silverlines aaaah.. jadi tiba2 pingin butter sugar toast huhuu ,0
@jessicaheintz That's not good.   Good luck though!,0
ah i love you sweets ,1
bored much. I don't to revise  its boring,0
"@tequilasam thanks  its all good thou,im still at manchester.i think  we should paint our faces red.For Lorna the Lobster...",1
"@beannies Hey I think that's cute! And besides you don't have an accent, they do ",1
"getting ready for the cinema with my cousins, and having lunch, so bye for now. ",1
@SpringMajesty thanks 4 following ,1
"@thatgirlallison Uh, you're at the Tony's? Quit complaining! ",1
"@LadyVincira: I'm guessing he probably won't bring over ""new neighbor"" cake...neh ",0
It sucks that I miss you so much but you don't feel a thing for me anymore. I miss the way your eyes look when we kiss ,0
My throat hurts  lazying around for the night. Maybe now i'll have decent time for the sims,0
Getting some coffee before I faceplant. Guess I won't be sleeping tonight. ,1
"Even my 3"" hot boots don't make me tall enough to see the stage from back here.  I'm vertically challenged tonight.",1
"trying to finish the web, @ancaangie is the smartest part of our team and writing texts  I`m responsible of a visual part of the web ",1
Close to 1000 followers.  12 off. I love you guys.,1
@@ school...last study group sesh before i head into finals!! lets get that degreee...haha. k FOCUS! ,1
@hanwedge no  I was like 8 years old when I had it!,0
woke up early cuzz I have to learn today ,0
"@mswose hey, thanks i just know got this.. but i passed   i feel worthy now!",1
"@elanlohmann but I've only just climbed into bed, so not quite insomnia yet  laila tov!",1
I got outbid on that eBay auction ,0
@wilbossman lol yeh I saw you were playing it  Goood to hear ,1
What's everybody doing? Hope your not partying too hard  xoxo,1
"@CaliMaestro Please help me, i realny need contact with you. ",0
fucking IE 6! 2.5 hours lost making dirty patch's only for him ,0
messed up the pudding.. ewww,0
"@clover1995 So, you found me? Hehe.  I dun wanna go back to school. >.<",1
Oops! Meant to say Boston Red Sox (instead of Red Sux) and Tampa Bay Rays (instead of Devil Rays) in previous post.. Old habits ,1
@BCBerrie I am staring at my computer screen trying to look semi-awake. Its not working ,0
@mohalen haven't been.  I'll need to put it on my to-do list! ,1
hmmm at the end of the year i might be flying somewhere. who knows where it could be! more info disclosed later. maybe U.S? ,1
awww so sad about Farrah Fawcett RIP ,0
"@alanjmcgee Were we separated at birth Alan? First George Michael now Chic, I adore them too, you sir have good taste! ",1
@exotkprncss hi ,1
just went shopping with Christine ,1
I just rolled over and killed a bird...i feel absolutely horrible...i just killed someones mother! ,0
criss cross makes you jump! thnax a lot @bgouvern! ,0
"Tired, headachy, and don't wanna have a garage sale.  No use whining about it though. It has to be done.",0
@matthewkheafy That book sounds the empitome of heavy metal. Think I'm gonna have to get myself a copy. ,1
@DJEspee  awww thank u n thank u @socalvixen for the reminder good lookn out,1
At workkk. Miss you ,0
"is gunna go to bed soon, this week should be grand ",1
"@UrbanNicole hahaa, i used to have limewire, then all our comps got viruses.  so now my dad makes us pay. haha. i borrow cds.",0
"@Amberleigh_Jack One of my fave childhood books, along with The Lorax and What Do People Do All Day ",1
i cant find anything for my dad for father's day.....   ,0
@MyNC  Good Morning MyNC! ,1
happy to have wifi working again! fixed it all by meself (wow) - now i can go sit on balcony ,1
amazing party last nighttt  thanks hannahhh ,1
@tahany_h u wouldn't kno. I never wanna come with us so ull never kno ,0
Feel like shiiiiiiiiiiit ,0
... My Happiest Day Ever ... ,1
@JaydDragyn Well I think I'm going to LA and see who I can find...maybe I can I get ANL ,1
@kbmyers be around by then ,1
Fixtures out and away for 2 home matches not good ,0
@HippyDi that's sad ,0
"@justshoot Oh wow! Haha, thank you, I do have a fetish for photography and photoshoots! Love love love <3 D`you have a site? ",1
StillvSHOCKED about David Carradine ,0
i need more snapple.. ,0
"Not super important, but still wah-inducing: Where are my Akira and My Neighbor Totoro DVDs? I can't find them anywhere upstairs ",0
donuts sound like magic right about now! i need money and a car! ,0
"A guy came to fix my mininote, but it still doesn't work so he has to come back with a new part on Wednesday ",0
still no phone  x nother video comin soon x,0
out in gordon  *walks to party* haha I wish...,0
Wuz good my twiggas ,1
@annarizkalla and gehle was fuuuuun. never see you again  i'll twitter/fb you all summer haha,0
"@zownder Hahah, thanks for the Tradewinds Odyssey bump. ",1
where's tobunobuta? he promised that he'd go to LIA galaxy this afternoon and meet me but i couldn't find him ,0
"At Mill's End Cafe, enjoying the beautiful day while getting hw done. Mayan mocha is excellent. Good rec from @scribedevil's better half. ",1
"Eeee, excited for tommorrrow! Grantham here I come! Hopefully there's some nice people/familyy theree, ",1
"my journal has had quite alot of use haha, not that thats a good thing  anywaysss, finished school now, america in 3 days  yayer!",0
"@chasesterling sleep tight, I just got here to twitter and you're sleeping on me  ?",0
@jaykurtlaroa you fail  I bet they are sold out again :/,0
prank calling. ,1
"$$ <<< tried to learn some day stocks trading on Friday, but was too slow...not the best day to take a lesson.... ",0
@hay_hay88 EEEEEEEKKKKKK HP  im sooo excited when does it come out ??,1
I don't think payday is today  it would have come through at midnight right? Gah!,0
@mistynicole I miss himmmm!! ,0
All you need is love... oyeah ,1
"@killkillkill I must have missed that comment  But, I live in a strange pocket of Van Nuys now, so bag away on Sherman Oaks!",1
sat at my new desk working on new designs for cards ,1
"right, been up half an hour, hang over is not too bad. now to start my mammoth college assignment knowing that there is no beer today ",0
at work. super busy. getting a drank. upset. ,0
@bhaddad it was to die for...a Paula Deen recipe. You know how low fat that was...NOT. ,1
Caltrains late again.  Wonder if there was another suicide again?  ,0
@BabyPatches  I am tryin to get pic of her  but she is camera shy ,0
"@delta_goodrem hey delta  after moving house, a number of times, i much hate coat hangers  xxoxo",1
@ColinUdeLewis Okay that was the 2nd most original #followfriday I've seen today - thx for incl me w/lovely @miachambers who I adore ,1
oh yeah i forgot.Well we hav a chance to do it 2morrow. ,1
@namelessnicole - non-sense things .. urgh ! i'm bored ,0
Just cried myself thru 3 eps of Greys Anatomy  I'm in PMS city.,0
"Rob Pattinson back home.Good,don't want LA rubbing off on him.Hope he can walk down his streets w/o being chased.Somehow doubt it.Too bad ",0
"no swimming today, it's raining. Guess I'll get some reading done today, going to barnes and nobel for new books.",0
"Back from the vacation in lovely Budapest. Mails & chockstart at work, and on top of that I have caught a bad cold. Not my week or day ",0
Dctalk:  it doesn't work http://tinyurl.com/lde5xl,0
not another monday....  barely noticed the weekend ,0
"after watching my lip inflate of the course of 24 hours, i'm making plans to pay a visit to either an urgent care joint or walgreens... ",0
@doombox haha. Finished dinner here (we eat early hehe) So am having ice cream right now.... ,1
im still at work and really tired ,0
@ScarletLotus I know baby ,1
@treypearson happy birthday to your mother! ,1
is gonna miss james soo much ,0
@peterfacinelli Cool!  Carlisle needs to loosen up a little anyway.  ,1
I like the way you move ,1
@localohiofoods I heard a rumor that they used local products! I wasn't sure if it was true! Now I know!! ,1
@abbiOTH thank youuu  i shall <3,1
i am sooo tired and still not walking properly ,0
well i'm off from the computer! See you tomorrow. Byebye ,1
You made me stronger! ,1
@mlmsuccessplan - Thanks for the follow ,1
"I'll sleep well tonight.... If the missus doesn't kick me out for being so late home, that is ",1
"@kaeti Yep, just going to bed now. Have a good marathon! ",1
The flower on the balcony froze to death last night! Where did the spring go? The sun is shining but its frezzing cold ,0
"@penguinsfan You totally do! My mom's being ridiculous and saying no to me stay with a friend. I'll try to convince her, but I'm sad. ",0
@andreear nice ,1
"@lufii u like kiro more?? Hehe he's such a cutie and he sings in Russian!! Haha tatu  I'm glad they love Russians, I'm 100% Russian ;)",1
"If I come across a little bit distant, it's just because I am. #mercyme ",1
wait. it is my understanding that stuff is going down and i was not invited. as usual. WHY. AM I BORING OR SOMETHING? ,0
@TheAshGrove thnx for the FF love! also found @leadbellyblues thru that FF! ,1
@NikkiCyp Hey...... Have you seen how Adam is going?? Is he on the start list..hahaha I hope so ,1
My DotA ladder stats on GArena don't seem to have been updated ,0
@Ginaatl Yeah please do!! ,1
"tired but ready to go up to Laurel Ridge, and to see Brittany ",1
@catburton I didn't understand that   Try commands like 'Buy 30 #tag' or 'Sell 30 #tag',0
has just successfully ironed the dents out of the carpet ,1
Just in from Madison..laying down until work time ,0
Sore belly  But trampolineing Helps :L,0
@Shansgrl have a good nap. Sorry bout the dumby at work. ,0
happy birthday daddy  reading and then going to sleep! busy day ahead of me...more like busy week and then a busy month of may,1
@AdiWriter where's the list? I wanna see ,1
@Kaatje_68 Oh my goodness - the Netherlands.  Are you originally from there?  My mum is about 5 minutes by car away so kind of lucky ,1
"Finished designing the album of Evelien & Roy, let's hope they like it ",1
just woke up driving lesson in 20 mins ,1
@lunglock Me and Craig were the only ones deffo up for doing it ,0
"I want to test out tethering, but my iPhone has decided to die ",0
"@Rawbin I love seeing all the fun you're having!!! More, more, MORE!   The pic of you, Deb & Charles didn't come through. The rest R gr8!",1
I'm going to die. ,0
is happy...REALLY REALLY REALLY happy =D. The soap opera has ended! YAY ;) but there is no one to hug ,0
"Hooray, the weekend! Time to enjoy the sunshine ",1
Trying this again .. Ugh im not having a good night ..  .. But im so happy were safe and that my hope is home! I really missed her,0
My heart broke when I thought almighty Joe young died.. bit its ok he survived the fall off the feris wheel ,1
"@yourenotsorry aww babe, i'm so sorry ",0
@ddlovato DEMI! i have to get my wisdom teeth pulled tomorrow  i'm so scared!!,0
Tomorrow I fly again for the eighth time this year! As always I'm starting to get nervous already! ,0
"@cobslakeshore we have a problem, we bought bread on friday and we are already out  why do you make your bread oh soooo good?",0
Bit late but SAT's wern't that bad actually. ,1
"@rhitgirl I wish I could help you, I am a wiz with computers and scanners and stuff like that! ",1
@amykate I don't think I would make it in time I'm afraid ,0
I miss you babe  LexXO,0
"Called the radio station, but the person running that shift just left ",0
i havent got a myspace comment since may 29th 8:31pm ,0
"brisbane was a blast friday night,5 dj's rocking the final pharmacy @ family,,now recorvering from flu which caught in the club ",0
I am so tired. This is too early to be up ,0
@Liannalives Sweet dreams ,1
"@trevordelaney You'll be great, Trevor, just like you were here. It totally sucks for us, though. ",0
But that's probably because I loved it even before I watched it!!!! ,1
"is doing his Homework, lots to do and so little time ",0
"Working another weekend away, again ",0
"@WerewolfJacob Why thank you, Jake ",1
Has just eaten a slightly too big curry..& is about to take on a zombie infestation with his mates  Probs the best way to spend a sunday.,1
ran a 7km marathon on daccount of world envrmnt day  time has come 2tke a more serious interest &tke actn 2preserve &protect our envrmnt.,1
Im tellin jokes with my friends and just chillin. Its nice out. ,1
"After watching some James bond, taking the kids on a wagon ride, watching the lakers game and preping dinner..I could say today was good ",1
All I can say is if you have an iPhone/iPod Touch and you love #Coldplay you should definitely buy it!! I love it!!! Plus it's on sale. ,1
My sister got a lunch date and I don't,0
almost bedtime ,0
Happy Friday!  Yay for 3 day weekends ,1
Man i sure do love religious and political debates at 4 am ,1
@miumina Gladys? Cariad? That's mine for the pot. ,1
Is Excited For Mcfly On The May 8th  Manchester Apollo .x,1
"After cleaning, working on my book, I need more time in the day, or just need to figure out how to live with out a regular job ",1
@31o5 yeah I hope I can make it too.. ,1
@Phenomenality  good morning,1
@starmOneymitch they alwaysz clean it not me. i called my neighbor 2 clean it  he has a little crush on me so it worksz out,1
@SAngelloLIVE Fy fan gubben  Jävla bitches!! Tear them a new asshole!!!,0
"@esmebella Kk, I just had 888 followers like a minute ago ",1
Why do y'all tweet?  #whyITweet,1
@Spitphyre wot u plan tweetups on Saturday ,0
listening to the free coldplay album that alex sent me the link to ,1
today is going to slowly.... ,0
"Become a Beachbody Coach...get fit, get paid...ask me how! Risk-free, no experience needed! Let's talk and get started today! ",1
@Pistachio be careful! it took 2 years for my husband to get his sense of smell back ,0
@mileyraysupport hi!!   9 followers    =  no cool!!,0
Watching Open Season 2 - and so far I do not approve! They're having a RABBIT fight.. who would throw a cute little rabbit  I'm sad now,0
@wendy_uk they should do at least a couple of shows or do smaller venues - there'll be some seriously upset fans over there ,0
@MandyyJirouxx mmm yummy. Chocolate chip ,1
doesn't enjoy being in on a friday ,0
"@Kirsty_H_99 I didn't know you had a blog, what's the address? Thanks, it's a fairly mild cold, but my sinuses hurt ",0
Foot has been tended to and bandaged - time to get my ass to bed ,1
"I can't believe someone actually filled my prompt already. D And it was a good fic, too! Even better! ",1
@Shaker_ ???? ?? ???? ???? 7 ???? << ???? ???? .. ?? ?? ?? ???? ,0
@GuyKawasaki a good client...what? just a good client? ,1
It looks like I'm not going to Iluma. I dun mind abt the watch. But I mind abt  @Jonasbrothers LVATT! ,0
@ itssmarian ahaha omgg reallly? Awww you should goo it'd be such funnnn ,1
Morning and Happy Friday everyone. Very not happy about this rain! ,0
@secret_thoughts We'll have to write a list and compare when we catch up ,1
@DepuyT Thanks so much for the info. ,1
"Watching Cold Case Files, next, Frequency  I heart that movie! http://myloc.me/2jRN",1
yay released from timeout ,1
@dakotanicole_  your still going on the trip right?,0
- can someone run with me to Newport ? Don't wanna take the ride myself ,0
@glowlabs: we are out of sugar ,0
@PsychicGirlinME at this very moment ... thinking about you working over hot melted wax when you dont feel good.  blah ,0
I had so much fun last night! Need to go to Ray's more often...a lot more often lol. and I think Megatron agrees ,1
"@ wife YOULL BE OK!!!!!!!!! loves you, the boys is waitin for their mama. be calm.  Jack would prob laugh at mommy right now",1
I'm Disappointed         N BRokeN HeaRt     T_T,0
Working on a Sunday. ,0
Nothing to do outside when its sunny ,0
@MrFatFingers With any luck they checked out the website and will become geohashers too very soon! ,1
@Holly59 Good morning! ,1
gd morning everyone and the weather still doesnt look like its gonna be nice today ,0
I wish I had my Canon power shot sx10is digital camera already ,0
Waiting for ultrasn0w! I want all of my iPhone's functionally back! ,0
@asialakay LOL my day was spent doing wat i love! yay! u have a nice day though ,1
i juss wish hed talk...,0
Is gonna go & slp now. Nites world.  - http://tweet.sg,1
I'll stay positive for the most part but I'm stronger then half y'all because I can admit when I'm wrong. Emails being shot out now. ,0
going to Atlanta tomorrow   ... #300 is next! w,1
just getting up. taking camryn to the dentist. ,0
@Wil_Anderson Bahahah love it ,1
@shane_o_mac i knowzzzz  it ruins my life. for realz. i chat too much for 140 characters!,0
"@melankolyme Well, it's a combo of allergies & old age - this will be 3rd vet looking for relief ",0
"Twitter, a place for people to get into Twitting eventhough they said its stupid. HAHAH! Muahhh BABY!! ",1
The balcony gets nicer and sweeter  Tonight it's football night - Sweden vs. Denmark.,1
@pablosu Hello  It was good! Fun on saturday and sunday i didnt get out of bed LOL perfect day ;) yours?,1
we should be getting ready for another show like we were this time last fri ,0
@rawwrzoee im jealous.  your seeing all the movies i wanna see!!!,0
@HUan thanks! looks great. bugger i don't have admin rights to my Mac. ,0
@Lsweet65 aww thanks! ,1
Having a hard time taking pics today  http://sml.vg/F4b9tZ,0
@AntoineKhoury @HelpSaveBees haha! Happiness is a cheese sandwich in the right circumstances ,1
@aidalusion lame!  how bout this: http://bit.ly/mKKjT,0
@bowwow614 im mad how im tryna watch you on ustream and my screen aint comin up... ,0
Highlanders drop 1-2 to the Surge at CityCentre @ Lakehill's Highlanders Game day  http://bit.ly/jw28G,0
"@tampawinewoman Thanks so much  Oh, it's just a store label Malbec - but pretty good I have to say...",1
"@marielie Agreed. WHO says that the no. of H1N1 cases is already approaching the status of a pandemic. Scary. & its in DLSU, our school ",0
@Collin_wolfboy yea! ,1
summer here already... so fricken hot already ,0
Formal was awesome ..... drunk on a boat dancing my ass off then later at hotel wandering halls drunk...  awesome!!!!!,1
"@lucindaaxo coming out, daisie rang and woke me up  what have i been googling btw?",0
"Put up some new posts, kind of on a roll  Check it out  http://deafdogconversations.blogspot.com/",1
@beautikweem ; lol yu juss made me feel dumb ,0
"30 degree weather, wanting to just escape from school ",0
well..im here eating super late lunch!haha..i think its already merienda.. ,1
Is sat in his garden all on his own  but enjoying the sun shine,0
I just deleted my animal crossing town because I hadn't checked it in 5 months  but I made a new one!,0
http://bit.ly/b2zNR  thanks vid & ramble  pls rate comment and sub,1
@natalievass oh oh what's happening there?? i'm heading there in few hours to see my friends ,1
coming back when the live feed starts peeps  need to finish a remix now!! #asot400,1
i can't add my photo... ,0
@mileycyrus won YAAAAAAAAY  and I voted for her.. like the million fans also did.. whatever ,1
iM HUNGRY... i DiD WHAT ANY MOTHER SHOULD DO.. i MADE SURE MY SON ATE... BUT NOW WHAT AM i GOiNG TO EAT??? ,0
"@mileycyrus 	 ""Love without passion is sad; passion without love is horrific  ",1
@vishwaskasat congrats ,1
is not so happy ,0
@Midgley so wot r u workin on @ th mo - wot can we c u in nxt? i luved u in cutting it - katie x ,1
Going to see Little Boots today   ,1
@Belle_Harmony Liberty City ,1
@Hankdiggs thank you ,1
and it was a great song too ,0
@gabirapuano i'm so happy you answered!! Can't blip now b/c I'm camping!! I really miss it! I'll blip tomorrow again  Obrigada btw!,1
is up at 2am cleaning..... why?  coz there are no children in the way.  I'll sleep when I'm dead ,1
"@kymalicious hey, looking forward to tweeting with you - I love ancient Egypt too!  [and migraine awareness is a very good thing]",1
@egairns I never took motion shots of you! My photo project fails ,0
@Nauticusss haha  yeah~,1
This is one of my favorite movie scene ever  http://bit.ly/waJv5,1
@bigdaverocks  Happy birthday!!!  Hope you have an awesome day!  Eat some cake!!!!  ,1
@dchinchay congrats Daniel!! I am really proud of you!! ,1
But it was well good! Alarm clock is set to wake me up in 5 hours.. this exam is not going to go well ,0
okay football match now ,0
@kellynewsome sounds like heaven.  ,1
"Grrrr, internet is messed up at home.  Working on it but No net = Sad Holly   -hb",0
Just bought some sleek looking USB speakers by LaCie for my office  http://bit.ly/4vJ9Kv,1
hahahahaahah  2 daysssssss tillll schooooooooooooool outt! woooooooooooooooot! )))) biggg bearrr thiss weeekeendd <333 yayyyy! ))),1
date tonight  (L) be back late!,1
thats stories btw! ,1
@lemondsh I know  It's suppose to be summer!,0
"@Aescleah Thanks for follow.. French Berber, am I right?  ",1
"Sending 'em now as I tweet this! Can't wait to see how this thing turns out! I'm VERY curious, well I guess I'll join @ahmier in TokBox! ",1
I love my girlfriend @NOT_JUNE  It's been a while since we've been on a movie date! http://twitpic.com/68kvw,1
"@rogerlund Happy ""birthday"" Maizie! And congratulations to the 3 of you. ",1
@petewentz You guys are doing amazing on the Today Show!! ,1
@louster_02 thank you  yeah me too especially from a fine ass doctor,1
"@KojoComedian Think you did mate, I did too ",0
last concert of the season tomorrow ,0
pissed off!! ,0
backe backe... MUFFINS!!! ,1
i have personally confirmed that my favorite flower shop closes waaaay too early on Saturdays.   4 o'clock!!??!!  Really??,0
@sudhamshu  most of them are really good. Keep up!,1
@AmericanTweets @StefanW your welcome ,1
@alyssalovesm yea bad accident with tooth today bad dentist. Have 2 go again to cosmetics to get fixed  but ;) to cosmetic surg. Loves it!,0
@monalisa62003 oh noooo!!  enjoy it while it lasts!! Ive not read any spoilers.. i hope its not Phil.. how vile!!,0
@therebecca Me too. Now its just... nothing? ,0
My daughter is washing my car instead of restriction   Got to get ready for the family BBQ tonight!  Everyone coming to my place..Yeah!,1
Down for it tonight  ...again,1
"@tommcfly yes tom, you are a bad man ",0
I kinda wish I had Jenny Lewis tickets for tonight. ,0
"I have to study portuguese, but I dont want   oh gosh, bye bye twitters",0
Headed to the flower shop with Mom. ,1
@AnnaLizette_H anywhereeeeee ,1
"oke there, now is 2mei.. we have  Tonight show on Darmint Cafe-Tebet in Central Jakarta... we hope you come to support us.. See ya ",1
Going to bed now...good night tweeters ,1
@ashleyarminio gahh I knows! We should still hangout sometime soon spatman! I miss you ,0
@rcjohnso Informal q&a was a hit tonight; heard several people say how it's even better seeing it the 2nd time; I wholeheartedly agree! ,1
"wish i cou at rock im park.... but it´s alright, taubertal-festival will come ",1
just smiled coz of her tweeet!!! ,1
@AmandaKFed:  Thats right DONT GIVE UP!! ,1
My iphone is dead  not johnson,0
In starbucks. Damn the wifi doesn't work. ,0
boom boom - fire power ,1
I don't think twitterberry is working right ,0
@katsketch I'd vote for AC/DC anytime they are awesome ,1
What a rainy weekend its been. Hubby is not well either  poor bugger.,0
Exams suck. Bigtime. Sore stomach ,0
@kat0716 I say. cut it off lol  ,1
I am devastated... I didn't believe him but I guess it was true... ,0
@thorborg Perhaps you should divide production into bits so you don't burn out. Just a thought... ,1
"@JenaIsle @yatotchronicles - Thanks for the retweet, guys. Love ya! Ahahaha. I'm so happy I'm online again. Lost internet conn. last nyt. ",0
@vipvirtualsols hope you enjoyed bowling. We did it a few weeks ago for my daughter's 7th birthday and my arm ached for days afterwards ,1
is dealing with a tummy ache right now.  - http://tweet.sg,0
"@ladymaryann yeah, kinda a  slideshow, not really live webcam ",1
"Facebook virtually trying to do a twitter,now update your facebook status messages from your phone!.. ",1
"@speccygeekgrrl On the exchange fic? I'd been planning on commenting, I just forgot  *hug*",1
I like my latest tryst with the newspaper! ,1
@missusP it's nice to see you pop up on Twitter now and again. Don't be a stranger  will I get to see you out and about this summer?,1
"coraline was scary yesterday, didn't puke luckily.  ahaa. 1 week & 1 day till i'm 14 baby",1
The lake is like a ghost town. No fishies. ,0
last day of vacation. ,0
@drogue_couture I know all too well how that is. ,0
And now He is in my house lurking in the corners... ,0
@ewaniesciuszko  i am so sad i wont see you! I miss you already. and yeah! that's perfect; i come back the 18th!,0
@Marcie74 Magic vs. Nuggets in the finals ,1
@BeckyBuckwild Sorry for not having what you wanted and too tired to get it. ,0
@TerrenceJ106 how's the fam? Well I hope. ,1
time for nighty night... GMA Week keeps one up late. ,1
"@Dannymcfly hey, just saw that crazy interview that u were...on tv..lol..with that ""pretty fan"" .lol..they are very crazy, comedy show.. ",1
"ejecting huge spiders from the room. That's a dad-thing to do, right? ",1
@snappingturtle  i also want chocolate!,0
Hmm..heard tht Hoboken wuz a good time. Didn't knw there were so many spots out there 2 get dwn @ tho.. Good timez were hadd ,1
. im still not really better . hopefully this sick would repeal my last sin . ,1
http://twitpic.com/2y887 - I miss this! ,0
omg long supposedly kelly isn't on 'til 8:45 ,0
Back from London  Now just catching up on all the tv and sleeping all day!,0
@eplefro okay then  But bbq is always good! ,0
@TylerAlyse SAC won't offer fundamentals of math 2 for teachers in summer one  booo. I miss SAC!,0
"@b0oRadley Ah yes, those were the days.  When one didn't have to wipe ones own bum. ",1
Y do curls always drop out of my hair  x,0
@DavidArchie HUM DO U KNOW WHAT WOULD MAKE ME THE HAPPIEST GIRLS EVER? IF U JUST MARRY ME BUT..I MEAN IN THE PLAYING WAY ,1
What a beautiful day to daydream! ,1
I Miss The Performing Arts Center So Much   Its Like Theres A Place Inside Of Me Lost. ://// I Need To Be On Stage,0
"@sunky You are a man after my own heart. I was a Donnie Wahlberg girl. I was hardcored, liked my bad boys ",1
@MorgaineSwann just checking ,1
"@chris511, I'd love it if you haven't had any takers yet ",1
@mileycyrus Turn that frown upside down ,1
It has been a long day. My feet kill and my allergies and not kind. Get to do it all over again tomorrow. ,1
Douche bag is two words. Not one. Sorry ,0
I have too go to school ,0
@Jaye3207 see i really dont know what to do... !!!  an i been at princeton all my life,0
I think our presentation is pretty good...? I HOPE so! Last Yearbook mtg. today too until 4pm...then skipping the sports banquet ,1
just jammed my finger in the door ,0
seems many think its ok to expose kids to swearing??? its beyond me if we have stooped that low ,0
"had biology exam,. it was pips (Y) x lol chemistry and phis to go  not so good at those coz quite frankly i aint interested in them XD",0
New stuff coming soon ,1
"@greyworld Andrew,how odd. I sent you an email this afternoon, and looking at #bigart came across your recent post. Small World ",1
i ran out of white chocolate. ,0
@peterfacinelli Hanging out in Australia - I wont get to hear you! ,0
hmmm..finish doing my movie.. ,1
@karinb_za in my humble opinion ,1
"ok, i'll see if i can enter from my laptop, i don't have warcraft here , soooo i'll see if i can find u ",1
@alanrenouf I'm working from home today... life sucks doesn;t it ,1
"@davidkersting I was curious as to whether you were one of ""those"" Kerstings ;) I was in Nick's class, and Hubs is still bff with Josh! ",1
@Seradox I'll be really happy if you stay veggie. ,1
Goodmorning. My sunburn is killing me. And what have I got to do today? Clean? Oh man ,0
wants a signed copy of knives. fuck britain ,0
@Jencheer16 I applied!!! Cross your fingers for me!!! I hope I get picked ,1
"@TheDannyNoriega Oh My God...it's you! , Loved your rendition of 'Tained Love'. Lots of adoration from Ireland  (I know this is late...)",1
i keep reading contracts as cataracts... Someone should bring me panera ,0
"oh no  according to laineygossip, taylena is OVER!  bc of his fame?! gosh poor @selenagomez two heartbreaks in a row :-/",0
@AMM31 you wanna crank that souljah boy  LOL do the stinky leg in stead LOL  http://bit.ly/lsJSg,1
early bedtime in williamsburg... tomorrow is my last day...   ,0
twitter in the morning... twitter in the evening... twitter at supper time! if i had my way it would be twitter all the time! ,1
"@SparklingClient I think so, but I need to check the tape to make sure ",1
@Nololos yikes sorry to hear that ,0
im sorry if i ever moaned about  my job. restaurant is way worse.my feet kill ,0
@applejacks bite me. ,1
#FirstRecord HIStory - Michael Jackson......Drove My Family Crazy Listenin and DANCIN to it haha still got it aswel ,1
@IrvdaRealdeal: I will press that ignore button ,1
"@Thioneal awweeee you're adorable & nice & cute& an awesome person! (:, aweee i would love to go drink an iced tea with you (L) ",1
"@NOTGIJANE Not worth seeing, i look like someone swatting a fly while on roller skates ",1
@frankjestein show me please! ,1
"@Qu3sTCr3w_23 niiice, why thank you!!!   Hope you're enjoying...",1
"I do not like the stretching process, my ears hurt like a bitch ",0
http://twitpic.com/4eb0z - ? her so MUCH!? she's so AWESOME.. LOL.. ,1
"&^&^* by the time my software fingered $TAST and I spent a few minutes looking at stock, it had already shot up ",0
ill so i cant go to the cinema!! ,0
"@f1r3f1ght3r Oh, if only you knew!!!!      http://twitter.com/jrnygirl/statuses/1548620954",1
@Rawrrgasmic Thats a great site for backgrounds. ,1
@nickkkjonas im going all doctor phill on msn lmfao ,1
"music, music all over, omg im so bored  ",0
Just went to see UP with the family it is truely amazing ,1
Still got major allergies but I just wanna crawl back into my bed & go 2 sleep.  Someone come tuck me in!,0
the library is kinda stinky right now ,0
@rhysatwork I think I can safely say say no Aus Moot this year  I am working on another secret project with info to come soon though.,0
On Wartin crag with @jujumoomoo enjoying the sunshine ,1
@ColinCurtisKS Haha not so much but I do enjoy going to places like Radinas or Starbucks and I get alt stuff. We should go sometime ,1
@mattimago He did actually hav a very cool voice. & i liked the brain in the jar ,1
thanks  @ShaFunnyXL,1
The alarm is set for 5 hours and 56 minutes from now. - mooi ,0
"@NileyLoveStory Thats Kind Of Rude,I Support Miley 100% Not Matter What Or Who Shes Dates So If She Like Justin Then I Like Justin ",1
i can feel it.im going to get bruises on my knees ,0
@rfwine I was in le plane with les red arrows once. Ooh la la they flipped and I got le sick ,0
is at sbux waitin for the ferry to go back home ,0
"http://twitpic.com/6glu6 - Oh Jason Vena, I miss you SO SO SO much ",0
Vin Diesel plays dnd! I'm going to be the dragon. ,1
@FrankieTheSats sounds like you had a amazing time ,1
@LucyPalmer you're wearing more than jeans and a vest? Crikey I've been in underwear for the past hour haha. Sorry to hear you're in pain ,0
Got rained out  this sucks!,0
@uniquelysteph ARGH...the cruelty.   But my manuscript was requested! #GHfinals,0
"Ok, i've eaten some food and now bored to death in my room. Seriously, there is nothing to do. Guitar been taken to the venue! ",0
"@TomBrevoort Re:Yamato,I agree.But the animation itself wasn't so bad.It was the overly-cheesy music that left a bad taste in my mouth.  ",1
Tickets going like sooo quick really want them ,0
"driving through midrand now... ah, the memories! ",1
@flyicarus lol i do not like jon gosselin ,0
is stuck in traffic ,0
WOOOOO was just something on music channel and flava is loving JLS video ;) there goin through what music channels like ,1
aww i saw my buddy @SirK88 and finally met @Aaltima03 see yall today or somethin...  and watched @MrLdavis do shows,1
"Waiting for Rat City Rollergirls bout to start.  kick ass, girls! http://twitpic.com/6sj6r",1
"@WirelessRage ""Why pay retail for cases?"" yeah but the sad thing is that you can;t get the incase frame anywhere for less than $30 ",0
blah... my window won't roll up. time to win a poker tourney ,0
"hey where's my freak-ish, borderline bipolar mood swings go? I kinda miss it ",0
New York was wet.  Lovely but wet. It rained the whole time we were there ,1
Enjoyed nice weather today and fixed some signed url issues ,1
watching King of the Hill.............. ,1
didn't want today to come ,0
Want's to go out but no1 is out ,0
@watsoncomedian hey any chance theres any tickets spare for the 24hr show? i only just got in and they're all gone ,0
"is wondering what to do, chill out watching One Tree Hill or see if there are any hidden treasures on the T.V, listen to music or read!  x",1
been almost 2 months and no Drink ,0
Youngin wants to 'redesign' our backyard so I'm helping her take measurements; not sure where this is going.  ,1
handling a 7 hour class with only 3 hours of sleep. ,0
I can't go to sleep. Thinking about too much stuff.,0
"Argh! Worst one-arm farmer tan ever! And to top it off, I'm never even outdoors!  #squarespace",0
forgot about my old twitter account please follow itsjeff i will stop this account soon...i prefer the address that doesnt have my age ,1
"hack, cough, sneeze, wheeze, i am very allergic to a lot of things around here  ",0
@combustiblesong LOL that update just started making me laugh XDD i think it was this =====> |  that smiley cheers me up ,1
"wishes, one of an upcoming beautiful days, for me and the zorels, asma, mj and yan to watch movie together  and seludup masuk pringles!LOL",1
Wow i think my heart stopped for a second ,1
@epastore ha! Which one this time? You're gonna get sick of me ,0
"@shawncamfield I just heard ""we're a bunch of douchebags"" for the first time  bug digs it",1
"@ShashiTharoor -  Technology will kill all the fun,next would be bowling machine instead of bowlers then ",1
poor nadal  sucks hes not going to win the french open again,0
"Decided to try at running with Kortnie for a week and see how it goes, 3.5 miles yesterday and 4.5 killer ones today ",0
miss my baby dog. ,0
"@FuZv1 Alright cheif , you enjoy a good titter too ? ",1
Just got out of the shower. Leaving the clothes off for a nice long while ,1
"@DanSealana Ja, and she's persistent, too... she just keeps coming back ",0
sat at college got nowt to do ,0
"@jodifur I can't find it either now, but I'm sure I read about it online earlier.  Did you see any of the nominees when you were in NYC?",0
thinken ÆV.. my holliedays are over 4 now .. but have some more from the 16.. and then its off. to Lolland  Nice ...,1
@ManyStyles LOL!  Yes I am!  ,1
is finding Firefox 3.0.10 to be pretty unstable ,0
Eating at Tijuana Flats then taking Jim to the airport. ,0
@jamieism *hugs* sorry to hear about your bike being nicked   Don't suppose you had it insured against theft?,0
@The_Rooster No... they actually put a whole three ring circus including what looks like a refugee camp on the neighbourhood cable box. ,1
@officialnjonas We won't!..i'll be watching it later on youtube..cuz' i don't have disney channel! ,0
"do you come back to me when everyone else has failed you? well too bad, i wont ever take you back again ",1
"@fofomazuzu Keyquest sucks, it lags like hell and keeps skipping my turn even when I roll the dice. ",0
@flickaddi wooooo! (and omg! you so signed out just as i was about to talk to you  ),0
Had a nightmare about zombies last night ,0
"@SpanglySi  Harrumpf... lucky you, it's raining up this way!! No fair. ",0
A great Queen song for a Sunday  ? http://blip.fm/~4l3d0,1
the curse of being too engrossed with troubleshooting: cold coffee. bleah. ,0
ready for summer!,1
come see closing day of Realm!! 2:00 and 8:00. Final UArts show ,0
Woooo! Saw @amykathleen for the first time in YEARS! It's so good to be a wedding guest tonight with @chriskernutt! ,1
says it's hard to look for a theme.  http://plurk.com/p/x9o3k,0
@MangoCarey have you seen them on their new tour?  I made a feeble attempt to stalk them at work last night but couldn't find them ,0
Chicago here i come! ,1
@rairaiaday No one in the world is watching ,0
Baking a thomas the train cake ,1
drags himself out of bed and the house to get milk... not really interested in using the milk in the fridge that expired 1st June ,0
Looking at the computer 4 awhile hurts! ,0
#myweakness  A hot blonde girl that isnt shallow and likes me ,1
@freeman1993 ME TOO ME TOO! Wait i go find the names later than tell you? ,1
@SFBAPESTA Sorry to hear that ,0
"Even got home before the thunder ad lightning started. Parents, sister, nephews and niece all veery happy. And so am I. ",1
"It's so beautiful outside that I have no inclination to go inside and shower. (I kind of have to, but don't wanna  )",0
"@ciaoamalfi yes, it's supposed to be rainy tomorrow in tuscany as well and the joust in arezzo is tomorrow night!  hoping for the best tho",0
"nose is stuffy can't breathe, making my lips and throat very dry  bad headache.",0
@steviespin LOL I remember your twitpics. You already got the hotness. It's the clothes you need! ,1
@chelsiahart you were sooooo awesome on BB. james was an idiot. ,1
"is worried about her hubby.  [get well soon, luv.] http://plurk.com/p/rrcsg",0
"@aka_tk yeah, but she eats sand.  hence her name, SANDY. where the hell have you been for the past 4 years? lol this is common knowledge! ",1
"i don't even know what's going on, mayyyybe with taylor? today sucked ",0
Next sunday is gonna be one of the greatest days ever. ,1
"@basedmagazine Yeah, i thought you were playing!!! LOL You know you didn't believe Ashanti was my real name either...lol!!! ",1
@adil320 sending you hugs and encouragment today.  We have had to do it several times over the many years and it sucks. ,0
@theaudioprof I thought you were going to watch a horse race? ,1
"GOod Morning, Twitties ",1
"If I have the whole world, but have not loved ones- then what am I? THANKS ALL FOR COMING tonight, you made my day!  I LUVASS YOUS!",1
AWESOMETASTIC GIRL IS BETTER!!!! TIME TO SAVE THE WORLD AND KICK SOME VILLAIN BUTT! ,1
@gailbarsky  great quote and dis of Annie!!!! how perfect  is that quote ,1
@freckledmenace hahaha. He DID ask him to do it. But it was funny how he hopped the fence and dissapeared.  I had lots of fun!! Woo!,1
Ridin' the Air Forces once again to school ,1
@BeautyByBrooke its feeling okay lol thanks.  How are you today?,1
WOD:  move 46 4x6 rubber flooring matts 218 miles for time.  Target = 4 hours:35 minutes.  Result 329 miles in 7hours: 7minutes ,0
Right now I'm texting with my BFFL and taking a break from dancing with my little brother. ,1
Forums at GallifreyOne closing July 31st.  Now where am I going to lurk and get my Who news from?,0
trying to organise a BBQ but no-one wants to come ,0
@chandrakumar for more on CRM & Social Media you need to follow #scrm & my other profile @prem_k ,1
have to go to school today for maths revision  but hey its the last time i will ever be going to school for revision!!! leaving in 20 mins,0
@heartshis =-0! oh no  it'll be online soon dont worry,0
nighty-night! sleeping...zzzzz...new tweets tomorrow! ,1
@FOOLYWANG Lol well thanks ,1
the hyper mood is fading ,0
@AnnaSaccone sounds like an amazing time! i wish we had their line here ,0
"@voyagerfan5761 I'm not quite *that* slow, but I need to type at least as fast as I think, if not faster ",1
@prettyeyescarri fine. have a case of scratchy throat though. been coughing for like 15 mins. ,0
@brunais_cukurs so you went to the party ? ,1
"@iChelz lmfao! omg. I wish like shyt. That would make my day. My crush is fading away, only cuz I know it has to. ",0
@106andpark In response to your earlier question.. I would definately rather have 10 million dollars ,1
@dvanidanger Do ANYTHING to me as long as I keep you happy ,1
"sorry guys, i can't follow you all for the moment cause i hit the limit ",0
Oh marco  haha. going to sleep now. one day!! <3,1
"oooh i need to do my english essay forr tomorrow ahaha, ohh well, i'll do it at lunch ",1
i?C.B+T.H|| Please dont let the TH shirts be sold out ,0
"Looking at lenses online, kinda wanna buy one...not so smart about lenses ",0
@ItszEmJay  hehehe... mine's like something outta a nightmare or somethin! ,1
@OkayRay  no the girls backed out,0
Late Night Heresay: Was just told Baraza is closing on June 27th   Many an enjoyable night spent within those confines,0
can't stop yawning all thanks to the pills i took & having test soon! ,0
I hate this time of year :| No more Tv series to look out forrr. :|:| How Saaaaad. ,0
@kdritchie77 I just tried to go back and the police blocked off the whole neighborhood.  they're evacuating the building now,0
Is extremely bored... oh look nickalodeon is on the TV YAY JIMMY NEUTRON... Wtf  im soo bored,0
i jus finished readin twilight saga..all 4 of em..happily eva afta  PS: ma fav person iz garrett haha ,1
Oh and...why hasent she called me  ha knowing her ass she's probley sleep,0
"@erinfitzsimmons hahah, at least you tried. and no worries, i have already taken care of both ",1
@lemonsareyellow good luck ,1
"i wish i could go for a run right now,but i cant ",0
is hoping she is @p00ky the right Pooky ,1
"Aww, I love my daddy! He works 7 days a week almost all day and still tries to go to SF with all of us ",1
@catjaagnstoft I love Voldemort too! ,1
@gfalcone601 whaaat?! ,0
"@FatsCatone sorry, but this is only a fan of hers, she doesn't have a twitted yet, but those were very kind words and shed appreciate it ",1
I have a headache  stupid hot weather!,0
The most sad thing in hols is to get up early in the morning when u dont really want to  ..........,0
"i hate pathmark, it is evil ",0
Kaila and caaaade sittin in a tree... ,1
i miss my boyfriend   i need his cuddles,0
@hollieleanne im just like mary poppins. practically perfect in every way  my mum only ever speaks the truth. and shes says im perfect,1
"Time to make that rhubarb torte and some Polish sausage for Mikey's birthday. Happy birthday to my baby boy, a few days early. ",1
@markevans First iPhone app purchase: I'm honored. You must have a whole stack of free ones.. ,1
Anyone know of a great Father's Day Craft for grade 4 students - one that hasn't been done before??? ,1
@TESKELLY its not here ,0
Ok everyone... It was nice to tweet again. It's now 1am and I gotta work tomorrow.  ,0
"@seasea26 awww, that is AWESOME!! I glad it went well, except the rain.   Thanks for filling me in! So cool!! ",0
Got a parking ticket yesterday   The roof is being fixed. A neighbor called in and complained. Going to try to get out of it later today.,0
@Zeavy Checked and added hehe ,1
"When I finally feel tired enough 2go2 sleep, I look up at the TV and see scenes from a horror movie... Looks like i'm not going to sleep ",0
@DonnieWahlberg Me and @lizbedard have been waiting 20 years for a pic like this http://twitpic.com/7g1aq THANK YOU! See u in Irvine!  ,1
@MsTeenaMarie If we all aimed to be the best we could be the world would be a better place. God Bless You ,1
@FionaKyle I thought it was pretty funny. ,1
shud be sleeping but cant! im guna be so fucked and grumpy for this 6am flight!  but hey... im going on holiday so good times!,0
@ladyofsalzburg And I don't doubt that you'll hear even more of it this season - hopefully for Jenson and not certan other subjects ,1
i think im done making graphics for tonight. unless someone wants me to make them something. let me know ,1
@seankingston Why don't you reply Kingston? You're evil man ,0
@joeypage I bet you doubled your score when you put it on the paper . CHEATER ;) haha jk. get your butt on myspace & talk to me ,1
@kcost21   Fields of Dreams was a great movie ,1
15 more fans to go!  http://plurk.com/p/yt54s,1
I feel like a slow ass. I still want the pictures off my LG ,0
@internetakias second one is miammm! ,1
My netflix video was cracked ,0
@TonesAssande write it.  how liberal can I get with designs?,1
i made a twitter  i feel special WOOHOOOO,1
"Last Night = Worst Night Of The Year,,,unbelievable  ",0
"A three day week! Oh, if every working week was three days! ",1
Someone of my neighbors has a great music taste - listening for free now ,1
"@RealWizKhalifa i think i love you  bahaha, im finding you hook ups in toronto STAT!",0
@JeSsFaNdAnI Aww  That sucks.,0
"Gettin ready to go to Utah, leavin very soon ",1
I'm hoping Mine That Bird wins ,1
"With Mother's Day looming, I am missing my momma more than usual.      What I'd give to have her here for just one day!  <3",0
@danecook you're hot. Just letting you know in case all the slut sufi girls and crazed teens haven't told you yet. ,1
Thank dog for McDonalds coffee. Would have dozed off in stead of working without it. Just chilling for 10 at McD's Northampton then home ,1
Going to try a learn about DNA and listen to Jam at same time  xx,1
"@storagebod Ba-dum-tish  Looks like with the Rackable guys at the helm, they might be selling into regular biz data centres (for once)",1
one month ago i was the most happiest person.. n now.. ijustwannadie ,0
@rilmarie heeeey! wussup??!! ,1
@emilybennnett HUNNIEEEE! thank you sooooo sooooo much! YOU are AWESOME  ily xxx,1
@ddlovato Loves pretty addictive isnt it? it hurts when its taken away ,0
Working is fun today!  loads of hot guys. Well at least two! ;),1
"Looking into a Job Offer out of town.. hmmm.. its funny how just a couple of days ago I couldnt bare to leave, & now I could consider! ",0
Haven't seen that smile for such a long time.   ? http://blip.fm/~7dchi,1
Have fun watching the game!  @Perspectivas,1
Jury duty  hope its at least a good case!,0
I always try to be the best dj that I can be but it doesn't matter cuz I always go home sad and alone  time for a new job,0
"@sophdea you can name our new black one, new white one, or one of the rescue ex-battery hens when they arrive. Take your pick! ",1
@Tad1977 Nice! Intoxicated huh? LOL. U still making it to work tomorrow? I want to see the new glasses! I can't sleep and I'm bored. ,0
want to go to Macau ,0
@LF_IG64 Oh I loved Quantum Leap.  Haven't seen Dollhouse yet. I wonder if it will be coming to the UK.,1
@sharper865 Happy to oblige! Have him follow all of us as well. ,1
@riverbend we were very happy to have you   See you at the next NEJUG!,1
@Rafael__ i havent had my moms home cooking in over a year ,0
Is like ARGH! I hate when you make a purchase that comes back to haunt you. Got double charged & over paid. Very PO’ed ,0
Should be at the concert in Dallas  I will be so happy when I don't have to work weekends anymore!!!!,0
@Rob_Cohn Good Morning! ,1
"@JChillin Unfortunatelly, God is green  Will you stay next year to the team? Are you sure that Coach Giannakis wants you in the team?",0
@AidaMRodriguez told you ,1
"tiny little bit bored. miss my sisters and best friend... haven't seen best friend for about a year, sister1 for half a year  booo",0
"@tomasbreffitt @gtrichey and it's getting a bit annoying, with quite a few days to go in the promo. People tagging randomly now. ",0
"@ladydisdain I know. I lived in it in Mexico, applied it constantly, and still burned. ",0
"@nicolesusan I think it's a year's expiry, yeah? And I'd love one, but the second the credit ran out I couldn't afford one, which is lame ",0
"Nothin like a lil mos def ""sex, love and money"" to set the mood for my afternoon  http://myloc.me/2IKo",1
I hope it doesnt rain tomorrow. ,0
@tommcfly omg thought u actually lost her i was like :O but then i kept reading n was like phew  xx,1
is proud to announce that Feather is now a mummy ,1
Full day workout.  Good times. ,1
bored.tlkin 2 @christinaox on msn  x,1
@twilight_jbgirl @OfficialTL @peterfacinelli @DakotaFanning9 i don't know about the others! ,0
"Morning! Today in Exeter with the team. Willing to share thoughts, explore new ideas and learn new things ",1
http://twitpic.com/6txgm - Breakfast in bed at @hiltonmesa... last day ,0
@DrZackAddy Just pull the blanket over your head and the laptop and you'll be alright ,1
@SashaKane  We have similar thoughts. Sleep well.,1
"@humboldt_hunny oho,,,thats bad ",0
This GAR keeps going out - 3rd relight ,0
rearry rip. Youd never guess what i ate.. ,1
@djseduce I think that ModLife thing is pretty cool.  I like the live concert streams.  Miguel quit drinking that hatroade!  ,1
"This dance station is playing that Milkshake song, haven't heard it in years. I'm going to probably be singing it in the morning. ",0
Eeek! bad weather headed this way ,0
"spend the day with the dog, when to the dog park  had a good day.. missin my man!",1
Ouch shit.. I forgot to cut my fingernails yesterday and the bitch just broke off... It's soooo annoying now! ,0
@seth_svp Good to see you back Agent Seth ,1
@hold_fast_hope np  you could also check out the home screen of your Bold. Pretty sure the date and time are listed there,1
says DAMN IT! Walang mga prof! Sayang ang get up!  sobrang pinaghandaan ko pa naman ang 1st day!! (tears)... http://plurk.com/p/11tb3c,0
"@azzurri_94 Not my birthday, but one day, I'll be going alone though ",0
@moesfalafel no  I wish. I really want to go but have no time.,0
@commonluxuryo hey there!! im glad you enjoyed it  we live in edmonton,1
First twit frm perth. It got dark at 5.30pm. It's x yet 9pm but body feels like it 11.30pm  Sleeping with Adam tonight *wink*,0
feeling sorry for myself  all stuffed up with a horrible cold!,0
@schonefeld ur up early for that technology ,1
Wondering what is going to be on 106.5 KWOD after 9:00am tomorrow ,0
Nothing yet  It sucks being patient! Anyway saw Conan last night yup still funny!,0
http://jayvalsblog.blogspot.com/  My favorite dolls right now ,1
Listening to the new Manson CD. Still loving the new Tori Amos I got last week. Be kind to your professors ...they'll steal you stuff ,1
I love chillin with MeMe ,1
@TateDance tate.. you can do whatever you want.. its all about being honest with yourselfffffffffffffff  im very honest with me!,1
"besst compliment ive EVER got ""damn u pretty as hell but ur beauty aint got shit on ur personality, u cook as fuck!"" aww tht mks me smile ",1
Good morning beautiful people!  How is everyone today?,1
Meetings  how refreshing..!! http://myloc.me/40WL,1
My watch stopped ticking. ,0
"I thought it was a joke, not an actual ""rumor"" weird... what happened to my happy days of KBell and Zach rumors?  those were great",0
running errands with the padre ,1
No team building activity today at work   At least I have MECO starwars playing  http://bit.ly/7TtOx,0
@Marta_CG They're so cute. I don't understand how people can eat them. ,0
"@steadytherue  Love their technology, but hate their cheap design.  All their plastic breaks. ",0
"It is bad to suppress laughter; it goes back down and spreads to your hips. You wouldn't want laughing hips, would you? ",1
My onkel died today... .and I'm gonna Bulgaria tomorrow ,0
@englishmum I have chocolate and peanut brownies with coffee ,1
@CharryBouv i'm sorry hunni  i wish i could call for you,0
"Sick Night..Happy B'Day @kaitRogers..""your just jealous cause in this car WE'RE HAVING A SOMBRERO!"" Gnight Twitter! ",1
@WritingAddict : I'm just great. I've just been so darn busy lately. ,0
@joeymcintyre Whena re you coming back to Minneapolis?? We aren't on your summer tour ,0
I want more money to get the True blood dvd. ,0
@lilyroseallen happy to be at the #Southside? It rains ,0
Good Morning Everyone ,1
@ToTheNthDegree awwr ,0
@deanoshoes that was me yes! it went off on a tangent but i can't remember where....you called me torch king or something! ,1
on the phonee to joel. ,1
stupid rain. it's gonna ruin all my plans today ,0
Should be working instead of watching New Moon Trailer...I can't help myself ,1
"Yeah, my internet is gone. ",0
ive got my whole life ahead of me to mess it up ,1
Pursuit of happiness: im up to where they were just kicked out and had to sleep in a bathroom. sad. ,0
Wristcutters and Half Nelson are on Sundance Free Movies on Demand! There goes my afternoon ,0
@tonydavidwood My weekend was good.. Had friends over on Saturday and we got lambed  see you enjoyed your shows ,1
"@missgiggly thank you! I instantly ""fell in love"" with it ",1
"@DynamicShock ah, that sucks ",0
@dogzero thanks ,1
just saw Wolverine & it was AWESOME!! can't wait to watch it again ,1
"@mrsam Any place in your bags left, always wanted to find Nessie.. ",1
"@Songo72 name is Dennis, nice to know you si... Rod ",1
"got the kalimba hooked up with wah wah pedal and distortion, ohh ",1
NOOOOOOOOOOOO Nadal withdrew from wimbledon! ,0
It would appear @bitchinmona is taking an extra long lunch break (shopping @ Arsenal Mall?)  just to make me starve. ,0
@dougbradbury nice! Do you have someone recording it? I'd love to hear it  good luck!,1
@troykids Tho I really don't know who the button person is...but it's fun. ,1
"@MupNorth isn't that so funny?? i said to my mom, when you visit we can workout together!!! she said are you crazy!  thanks it's so much",1
Going to the doctors tomorrow!! My knee hurts so much!!  I hope I don't have to have surgery!!! That would SUCK!!! Harmonys b-day soon!!!!,0
@kstilger It's an addition to XBOX 360 which makes Nintendo Wii look very poor ,1
I'm home. Buzzed. Hubby dislocated his knee paying rock band. Power stance my ass. I blame mexicore ,1
Work and stuff. ,0
@lightsresolve I'm so mad I cant go to that...you're like an hour away from me. ,0
"@Dippersuk Aww, you were not able to do the birthday song?  ",0
no work again today. hopefully tomorrow. off to boston pizza then maybe a board game night? I hope so! XD,0
lounging aroung with the family ,1
Eating some brownies ,1
with @sway_sway_baby A.K.A. bec  we got 'the middle' pumping fool volume!  woooh ,1
Last night. After 3 years and many miles. My kurama tengu keychain took his freedom. Like a thief in the night. ,0
"@DonnieWahlberg You dropped the L bomb  This makes me kinda forgive you A LIL' BIT.Still want you in NC,NC,and yeah did I mention,f'kin NC",1
"just *LOVES* domain based networking.  ""domain controller not found...""",0
@localxcelebrity I want a cuddle buddy  FED EX ME ONE !!! lmao,0
"@tikigeeki I've also heard the adjective ""chewy"" used to describe Russian vodka. I'll stick with my rum, gin and whiskey. ",1
i have a whole day planned for my mom today that i know she will love!  ,1
ready for this month of recuperation. ,1
@Jenzzyuk Thank you very much ,1
so im giving up on twitter for now cuz it takes too long for me to update (since my computer sucks) gonna go read some stories on mibba. ,1
Kickkinnn it wihh Madisonnn ,1
@latrellk ALWAYS! No fun without u! ,1
Dammit! I forgot my ipod and headphones. ,0
"@merihn I'm sorry you're sick  Yay for tea and toast! And vegemite, I suppose. I've never had it, and I'm kind of scared from the rumors;)",0
I'm just thrilled today is Friday.  Nothing planned but the fact that it's the end of the week is good enough for me. ,1
@lifterbaron I think we all should be doing it ,1
@MedBotJinx @Fire_flybot I made brownies! =D *holds out hot tray of brownies* Stay on the side of good now? ,1
y was i brought to this world ,0
@booshtukka Stuck in the office here but such a lovely day out side ,1
"@Clarissa326 no, it makes it Friday evening ",1
is going to be all alone  haha,0
"going to trade muffins at a muffin party!  ...but first, a nap may be in order.",1
Why do so many bad things happen to grown ups ,0
front tooth hurts soo bad!!! ,0
Out in lufra. Feel hella out of place ,0
@laplacefrostop No  my wife is gonna stop by the cell store whileshe's in Laplace to see if they can reactivate it for me.,0
"@graceandmanners That's fathers day sunday  I'd be there but it's a bad day.Damn, & I could ask for a +1 on this too.When's the next show?",0
@corduroy Ahhh.. thanks  ,1
"@mneylon not really sorted. DiCaprio, WInslet and the director were shamed into donating $10K each. barely pocket change for them. ",0
@LttleSnowflakes oh....they weren't all scratched.....so sad ,0
@redwoodred  Sorry had to scoot to help get the kids in bed - didn't see you on the way out!  Lemme know when you're in @BardCoffee again!,0
"@Meeshellmabelle hey girl, we're following the London gig!! lots of tweets from the girls who are there, it's fab ",1
"@nikkeexox haha  my videos wont load, youtube doesnt like them ",0
@AlieB34 I am too very much ,1
I think I'm coming down w/ a cold. ,0
"Saddest Beetle Bailey EVER, honestly the more I read it the sadder I get.  http://joshreads.com/?p=3400#comments",0
@annaoverseas I liked your 'framing' comment on that feministe thread. Made me smile when my teeth were grit hard. ,1
can see clearly ,1
"Just waking up, hate this weather ",0
flossing. i always dread this time of the evening. ,0
I'm hungry but don't know what to eat. ,0
Think I'll go enjoy the sun's rays again...I LOVE being off work ,1
I am now suffering from homeworksssss. GAAAAD! ,0
feeling sooo blessed and thankful to God for all the love ,1
@LisaTalia it's for Kofi Annan-we have to pitch an idea for sustainability in Africa and present it to rep's from the UN... ,1
@djrivetkitten I wish I COULD grow veggies! Not enough sun ,0
"working on new items, prepping for the photoshoot on saturday. my newest veil style reminds me of a ghost from pacman ",1
Okay....Good night. Sweetest of dreams to you!  ,1
"@mattcampagna Yer it was abit, still think they should of had it as a 15. Still dont know who is cooler The Illuminti or The Templars? ",1
MTV movie awardss ,1
can someone buy me adrink? Faaa real!!!!!,0
@XKirstyxo LOL i went during SYG and before that too and hung with Vinny stealing stickers lol ,1
I always seem to miss the fun stuff on ontd  #gokeyisadouche,0
"do you reckon race will go ahead or will they all take a stance and not run on Sunday? God I so hope not, wld b sad end 2 Silverstone  #f1",0
"@leslie_nassar Hey, I didn't say I would eat them  aren't they like an inside-out pizza? Will my local Coles stock them? Important Q's.",1
You always miss a best friend. ,0
@stricyo love you like a mom yoli ! hahaha ,1
bad day (( ugh!! ,0
Off fishing [Insert sarcastic Whoopie] ,0
starting to fire on all six cylinders now... yes! ,1
@Jamerichin Hmmm... I like the new picture ,1
I love Juan Carlos Huerta Jr.  and I always will.,0
@markpollard @ianlyons Too funny!!  ,1
Popping bubbles ,1
@jbo2231 sweet dreams to u too. Great talking to u tonight. Talk to u tomorrow ,1
but flight landed safely after 2 Hrs fly ,1
@exohbellaaaaa  word  2DAYS!,1
@briandragoo ouch.  but good image to communicate your point ,1
@nat4thamedia no. I wish  I'm a southern boy.,0
"Lmao. ""Just blow it alll in her face tho, she love that"" lmaoooo ",0
Seriouslyyy.. why is Shane McCutcheon fictional ,0
"Today will be busy. Helping set up for Kevin's grad party, going into philly for lunch, and then grad party. Should be fun ",1
's knee hurts... and had. Why must invisible objects always trip me and only me?? ,0
It's sad that I'm tweeting when I don't have any friends on here... ,0
2 more items to list shortly then headed out for a run and sunshine ,1
@bigfug drinking snake really gets your yang up ,1
"Waking up, poopin, goin to the beach ",1
I'm grounded til tomorrow. Sorry to anyone I made plans with.  It'll have to be tomorrow. (annoyed) http://plurk.com/p/x332r,0
A/C in my car doesn't work very well. Really want a new car but can't afford the note right now ,0
form development con jquery ,1
OMGOMG Chainsaw in L4D2! Welcome back to Doom  http://bit.ly/crdnm,1
Poor Valk has anxiety about the swine flu.  She just asked for hand sanitizer.  Tough times to be a kid. ,0
@avthedemon http://twitpic.com/6gid1 - hmm yum yum!! happy birthday to u..  ,1
wants to play the piano really bad right now but it's half past 3 in the morning  off to bed to resist temptation.. g'night twitterville!,0
Drivers Ed Tomorrow  Goodnight ,1
@spr33 You & me both mate - I HATE all peas  yuk ,0
"@draconian_rain wow it's ridiculous  every time I get used to stupid mangabullet they change and not for the better, I still can't log in",0
just wanted a good night out... ,0
Working on the sabbath ,0
I wanna watch Transformers 2 so so SOOO badly. ,0
"@Artytypes yeh its ok! i dont like the feature of when you follow someone it doesnt show up on the main page, so they can follow back. ",0
is sooooo sad right now! Someone tried to still the truck! Walk out the bowling alley and can't even start the car!  God please help!,0
so now im not goin 2 download n goin 2 sonisphere instead. i may not go n see killing joke tho cuz i dont like them. sorry dude ,0
@clairemcs i dunno if he saw it  happy birthday girl!,0
It takes courage to grow up and turn out to be who you really are ,1
@franka91 Thanks for the shout out ,1
"@brinalovesjoe Thanks! I don't think I'll ever see them again, i get this feeling next month won't work out ",0
"Thoughts to Great Ape Trust who lost their bonobo, Nathan. ",0
Not having much programming luck this weekend ,0
I miss @flymattyfly and our love child  ,0
@msibathadiva im lookin 4 entertainment as of now.. bcz the hubbie is hard @ wrk ,0
@NEKLORMAS don't smoke but support legalization of it  ..,1
@ktsummer  pix don't work for me either,0
@joeymcintyre how come I never get a shout out ? ,0
"@zarias Just add it to your rider...right next to ""No Green M&M's."" ",1
@shoeluva u went to the mall without me ,0
Oh no! I need to stop looking at these Year One reviews on Twitter! Ahh people are saying its not good!!  It will be! I know it!,0
Tweetie: Can you mark tweets as read? Can you change the refresh rate? Can you make full screen? Is there a notification sound? Answer-No ,0
going camping ,1
"@GrwNsxy82 Oh, just nibbles - nothing to fear!  #goodsex",1
"@trent_reznor hates the filth the internet brings. Poor guy, if only he could ignore the crap and gimme more music ",0
Checking out all the awesome costumes while waiting for the merch room to open ,1
@AgentSullivan *hug* I understand. Maybe someday... ,1
@iricochet what were the materials for the second day? ,1
Am soooooooo bored ,0
@GreenNinja89 after we pissed you off ,1
@Jaynecollinsmac Hey do you know  what happend to the photos that got taken at the veet promotion? Still haven't been emailed them ,0
Why isn't the car's stereo system plugged in? ,0
I made a really big mistake... ,0
"london, here i come. ",1
(@sanye) Note to self: camerabatterij opladen ,1
"wow, I've been neglecting my twitter, everywhere seem to have  wi-fi, but Its not for the public   PEOPLE DONT BE MEAN WITH YOUR  WIFI!!",0
"Just got our new Whirlpool diswasher from Best Buy store in NJ, after 1 week, steam is coming out of the unit, already in bad shape ",0
Someone PLEASE record the Larry King. I don't have it here ,0
@tweetie Authentication fails if password includes special chars. ,0
"im hungry ya'll, dinner wont b ready till around 6 tho ",0
Just laying outside looking up at the stars. It started raining ,0
@CgsMika it diddnt come true ,0
@Greenspeak Can you run out on stage and show Half-Life 2: Episode 3 please  (If any),1
having one of those days  going to work until 8am. 5 days left with my little brothers ,0
@youngcardi lol fuck u. i aint yo friend no more. dat hurt my feelinqs ,0
@NKAirplay thanks ,1
family FUN day! ,1
leaving...for Paris...tomorrow.......... AAAAAAAAAAAHHHHHHHHHHHHHHH !!!!!!!!!!!!!!!!!!!!!!!!!!!!!!!  ,1
@kevinlove21 Nice background  I love it <3,1
@clicktokill Is it on TouchFLO? Most HTC phones have that interface. ,1
@tedfu http://twitpic.com/7g4ct - cool pic Ted! ,1
Goodmorning ,1
"@iDesk ""This video is not available in your country due to copyright restrictions. "" ",0
@MrTeagan hope this passes .. no flu !!!  ,0
No Roy & HG call of the Origin this year? ,0
@tvsoaps : No way! I really enjoy watching Primeval! ,0
"@tommcfly I saw Derren Brown Live Saturday, I never in a million years expected that! It was soo good!  xxx",1
the last part of that was... i know i like him ,1
i have de worst  headache ever!!! ,0
aggh can't sleep ,0
exams starting tomorrow... ,0
@MsAnastasia2u i'm bs-ing in the chat ,1
D'oh! Why do I always have to have the best ideas for new videos and the oomph to do them when I have no time?! ,0
@WoodysProduce lmfao mroe liek gfmdgjknfjkgndrjk smdh; u need soem sleep sweetie! and yeah i was at a ball qame earlier ,1
Adventure log: it's so fucking hot today. ,0
@KeithBarzano yeah I knew what you meant ,1
gettin pied for childrens miracle network ,1
"auuughh biggest, scariest hornet ",0
My dog chewed up my fav brown sandals w a pink polka dot design.  I was gonna sport them in Hawaii. Bad doggie!,0
oh by the way twitter i left my headsets in stupid aliciaz car  now i wont get them bak! & i cant talk on thee telli fone!,0
"@MissSomething Seriously? Hell, sorry to hear that. Hope you're not on what we'd call the dole queue for long ",0
HOMEWORK  BORRIING,0
Exam today. Yay! Then 3 weeks off nothing ,1
i think it's obvious that the uk fans are the best people in the whole world. who agrees?  @tommcfly @dougiemcfly @dannymcfly @mcflyharry,1
i'm listening to NFG(coming home) for a week or two now. literally. i miss my old friends. ,0
Four more. Then a parade!!  WooHoo!!!!,1
@bmoneyrocks WHAT?!?! U guys get cake??? And im working outside next to a dead bird!! ,0
wishes she could spend time with her friends.  Boo opening,0
"@rubbertexcooper soon i will visit, but soon also id like you to visit   ive a whol week of in june  right after CF",1
"@Raquel_Soto Good for you. Things like that are always an adventure. And I'm sure you can turn lemons into lemonade, sweets ",1
@Shadez Ooooh Evu is such a cute name! I'm dreading the day Nemo goes to school. I will be a universal aunty for all kids ,0
"@DarkAeon Alas, the best I can offer is a small pony and a rowing boat ",0
Went to be early last night so I'm well rested today. Getting up this early is rough but it's better when you got more sleep than usual ,1
"http://twitpic.com/3lomy - My ""I'm writing an essay"" mess. Yes, i use my shoes as paper weights....don't judge ",0
Ugh! I have some form of evil cold ,0
MM LUAU !!!! who has an extra ticket i can buy offaa them  i dont wanna pay 12 bucks at the door. manman. stupid ID card. call meee !,1
Not a beach day   Maybe tomorrow...  Call me if anyone's at the Jersey shore.,0
"@nutzy2468 yea, I guess that they didn't dry enough... now there are new people in the old house! I don't like them. It's my house. ",0
I want YOU. ,0
@ddlovato I think it would help if I knew what wasabi was  haha.,1
is watching family guy with ryan ,1
Nothing like getting to work and hitting the ground running.. What A crazy hour and a half this has been ,1
Another week at The Desk ,1
I love lucy is the best show ever ,1
@mommy_wins I was totally hating on both. ,1
has a headache ,0
@roxiijonas its new-ish ,1
Love my gold fingernails and aqua blue toenails!  - http://tweet.sg,1
"@Redfrettchen @tatze it's hard tho... hardly anything you can eat that isn't tainted, somehow. even chocolate ",0
"@hugh_jackman I found the ending a little sad, because your character forgot about his love interest. ",0
your face ,1
@brookeschwab haaaa!  I'm actually laughing out loud on that one!  ,1
"i really neeeeeeeeeeeed to go to bed! i tried to earlier, but got sucked back in by twittah - how does this happen?! ",1
"@rvailleux : woot please post a pic, I won't recognize you without it ",1
@chefali How do I find out how to donate my magazines? We have way too many. I was going to give them to the rest home but they closed ,0
"I'm so close, I can almost taste the adventure ",1
"Goodmorning Tweeters!. hope everyone is having a good day  -Peace,Love& Sneaks <3",1
Why does @ButtercupD not reply to me? ,0
we already have a block directory! and it's not even june. ,1
"Qdoba in Aspen, CO! Wish I could ski ",1
"I watched ""Hot Rod"" with @isla_fisher last night and wow, she has got to be the most beautiful woman in hollywood! I really mean that! ",1
i misss my friends i want school back ,0
No eye candy on this car.. ,0
@MCbutterflyfan omg im so so sos so so so sos so sorry!!!! u still there?!?!? ,0
I am soo happy! Thank you baby for the best 1095 days of my life ,1
GUUUUUUYYYYYYYSSSSSS I dont wanna be frankie ,0
@kflosworld missed you  we're sorry @montanatucker loves u - her fone died.,0
Good night friends. Thanks for keeping me company while I got a few things done.  Off to meet the sandman...,1
@Luluwasi ugh. help ,0
just saw the hangover... amazing!! word to the wise: don't fight over twitter ,1
no work today due to rain  bittersweet because i need the $$$$$ haha,0
"argh, I missed all the fun guys!! That's what I get for trying to be productive today. ",0
@ElizaPatricia I miss the masturbating bear though ,1
Mcfly + Jonas Brothers= now i can die happy  lol,1
Happy moms day to everyone. ,1
i love not having to go to school ,1
Whitening my teeth burns ,0
"@laurencowart sadly i just learned the whole ""reply"" thing...lol i have to reply to like 4 days ago...haha..but me n moms could hang!! ",1
"@twanathen that is anutha one of my all time fav's ""my all ",1
oh so tired up all night with sicko Bri ,0
@Katpoynter     ahah the add new contact thing hasnt  come up bad times!!  ,0
ok twitterville...I am off to bed work in the am ,0
@crissangel miss the long hair and the blonde!  ,0
the pretzel bread at muvico was fire...glad that i got some to go ,1
"@n8sant praying with and for you & your family, friend. bittersweet, i know. life btw the Now & the Not Yet is hard. ",0
Tonight is going to be good ,1
Got home from an increaible night in Austin and my AC is out along with some other electrical issues.  THIS is gonna be expensive. ,0
now NanoIPPBX works with a remote monitoring tool written in perl ,1
Girlfriend had to leave already.  Probably going to bed soon! I love you Lindsay Addison Rich. 2-28-09 <3,0
@chrismevans looks like England will be in the semis. Too bad India is out.    PS: what happened to Part III and IV of the review?,0
@AngelinaHayes thanks for the follow look forward o your tweets ,1
@jrgibson1 ok i am buying it ,1
"@GeezusHaberdash what ??? Christina is my homie , I LOVE her . Leona just hasn't caught my attention ",0
i wanna dance to calm and repose so bad tonight. ,0
@MrWize come on boo ,1
Home in LDN after seeing Grents for the wknd which was v good  - http://bkite.com/08gP9,1
@NickyMcB I didn't  can u send me the link,0
I'm stoked about @ddlovato's new album its gonna rock nd if I have space I'm gonna make a playlist with the songs on my phone ,1
"Home from school and in a very very very bad mood, I hate some people!! ",0
"help, thinking what domain to buy for a new blog  http://plurk.com/p/xec6h",0
Quarter til midnight. spring break is nearing its end ,0
Hi guys  im bored xD and im reading the book: before i die. Ilikeit<3,1
@Nickman611 the yummy kind ,1
sunburn on my back. ouch.  <3 shoes. bought new ones this weekend ,1
@IndywoodFILMS Okay...count me in!  Don't let it be said that www.filmsnobbery.com doesn't support indie ,1
@Fudge44 You're welcome ,1
"ok basically just emptied my bank account at the VIP party, will make a video shortly on it! ",1
call the cops i just murdered the dance floor  pulling an all nighter sweeeeet,1
http://twitpic.com/6q7g6 - I love Posties. ,1
"@andreakremer  Yeah, I don't like having BOYS at my gym.  ",1
"@AliAdler but admit it,  your President is already turning out to be a dissapointment ",0
preparing exam ,0
@kangel_05 that's one of the things on my Bucket List. - learn one musical instrument ,1
"@yulianasari have fun studying  yeah we just eat dinner with our family,and now my dad,mom,sister and bro went all see my brothers fotbal",1
my mom out a restraining order between me and the toaster ,0
"@rosegpz who are you referring to, rose? do you mind? ",1
"Ugh, My dr's office didn't document my last TD booster shot, and I need it for the University... SIGH, Shots are not my friend ",0
"didn't go on the transfer bus, nannies coming to pick me up feeling sick ",0
this is it. Im making a doctors apointment... I just cant shake this crazy dizzy junk  ,0
@SavageMike You planning a trip to Mexico to do some wrestling? ,1
Okay country music makes me relize why I hated staying for the dance party. I never have a partner  http://myloc.me/2KIB,0
sorryyyyyyy...but me comp. was dead;-) yehaaaaa this weekend was great...too much alcohol  now i'm gonna make piiiizza!,0
"@beregulina Ð¿Ð¾Ð¿ÑÐ¾Ð±ÑÐ¹. Ð³Ð¾Ð²Ð¾ÑÑ?Ñ - ÑÐ´Ð¾Ð±Ð½Ð¾  Ð¾Ð½Ð¾ Ð¿Ð¾Ð´ Ð½Ð¾ÐºÐ¸Ñ, Ð¼Ð½Ðµ Ð½Ðµ Ð¿Ð¾Ð´ÑÐ¾Ð´Ð¸Ñ - ÑÐ°Ðº ÑÑÐ¾ Ð½Ðµ Ð·Ð½Ð°Ñ",1
@emmalove still no luck with the odeon ,0
@pukecakes heck yeah she said shell cut mines sometime this weekend! ,1
All the kids and I are sick... sigh... no good. ,0
"@princessofworld: hey, i've tried to look at the night ranger pics and they aren't coming up. ",0
dang I haven't twittered in awhile! brothers grad party tonight ,1
@Babyamzie ily and imy more ,1
[Benny Goodman � Please Be Kind] it's time to say goodnight... thanks for listening  see you later!  ? http://blip.fm/~7baol,1
"@MaggieStar967 try their dinners, favorite here little italian...linguine, garlic olio, shrimp and brocolli...I just eat salad these days ",0
"I guess no home theater today, ",0
school tomorrow...not looking forward to it  but got to go.,0
@TheAngelsAnna hopefully you can get some sleep tonight and that will help make ur head ache go away ,1
at friendly's with my baby. yummmy! ,1
@Collin_wolfboy i would go if i could though  i'm tempted to lasso england and drag it all the way to canada,0
trying to con mum in getting takeaway ,1
I wanta go home i didnt wannt to come here in the first place ,0
dont feel very well ,0
"Morning all! Lots to do today  My eyes still hurt from yesterday, it's not looking good.",0
@PanNORA hello peaches  how are you this evening,1
going to sleep. Up early for a run in some expectedly shitty weather. *windy* ,0
@1938media  you Tweeted something about buying me dinner at 140tc ,1
"We spend too much time on Twitter, good Morning ",1
"Airsoft FTW. 10 on 10 apparently. I have a CIA badge, @andreicrivat said that's not law enforcement ",1
ok scratch that...just saw sumthing that got me back down ,0
"The 1st meeting of the TG womens group is underway. They are eating pie, having a drink and playing Harry Potter Trivial Pursuit ",1
got to baby sit tomorrow.  *Princess*,0
@_shannon1234 ;Im good thanks.  How you doing today? This weekend was awsome!! Lol,1
I feel like dancing in the rain ,1
@katiee_93 At least it'll all pay off in the end ,1
"I probably could smoke the crap outta some weed right now, too bad I have like permanent bronchitis and have never smoked in my life ",0
@ahmednaguib Nothing new  same ole stuff different day ),1
Worried about suki. . . ,0
my fingers hurt. ,0
-at Busch Stadium watchin the Cardinals vs the Rockies. ,1
Happy anniversary babe... ,1
@FoudreNoir Outlook not so good ,0
es-ey-dee ,0
"back home! missing my roomie, Joe, my TLP and my campers badly! *sigh* ",0
@carlincomm you are right--I love a challenge ,1
"@billbeckett  WIlliaaam You�re one of my favorite singers, I LOVE YOUR VOICE, PLEASE SAY TO ME HI LAURA, OR SOMETHING ELSE, ",1
My allergies have been *killing* me all weekend. My head feels fit to explode. This is why I have a love-hate relationship with summer. ,0
@Silence86  Refresh your page.  They should be gone... ,0
I hope my pops brings me back a starfish. ,1
@thecurvature Good post.  I was hoping that what happened w/the Clinton admin. & clinic violence per this one wouldn't again.  It has. ,0
"My browser very smoothly. Pros: Password activated, no history, TOTAL PRIVACY! Cons: Basic module. ",0
"iv missed my bestfriend, glad shes back and shes not going anywere till i move.  had so much fun all laughs, even when her and david fight",1
ready to go back to sleep ,0
urgh..over capacity dw.. ,0
going home tomorrow ,0
@ExoticBella_ good afternoon/morning J-dub ,1
listening to the arctic monkeys in the sun ,1
@5912591dpinto It can be very creepy! I kinda feel bad for him though... ,0
is gonna miss maureen and caroline ,0
@MMiddleton Is that where Geekman has his secret lair? ,1
Going to see 'Waiting for Godot' in a couple of hours ,1
"Dinner - Time!! Yummy, yummy  see ya later...kiss kiss",1
"@taylorswift13 say hi to me, please. it would make my day. ",1
was very much dis-appointed  with the India's efforts IN #t20.. sad #fail ,0
"@frankdasilva - Monaco 1987, sat over the water on the finish line, Senna 1st  Piquet 2nd Albereto 3rd and Berger 4th - awesome memory ",1
Off to the art store to pick up some canvas and paint. No school = more time for art ,1
America runs on dunkin ,1
why is when it's cold out my knee aches? I hate the cold for that alone. And my legs hurt from last night... grrrrr ,0
@codylpayne: earendil! ,1
My only followers are web-cam girls   & some web-cam geek from NASA who wants me to fix his hydrogen leak...,0
I think that Shakespeare and Shelly have made me ill ,0
@Indeneus Oh!     You're a poor lonesome Colombian... snif!,0
heading to bed.  going to attempt to make money at a car boot sale so have a very early start tomorrow ,0
@edwardsheroin @mindmeddlered I missed the action! And I cant add those accounts frm my phone  Damn!,0
@KeironWaites what on earth is that? Oh and great twitpic URL btw ,1
Being a creature of the night doesn't always suit me...  ,0
"selling off a bunch of expensive designer shoes. manolo, choo, chloe, stella. size 6.5. if anyones interested. sad for me. ",0
nobody wants to hear my thoughts half a bottle of wine in ,1
? Is thinking that she wants to go home..Hate college  ?,0
A bit frustrated - have used all day to find an error in a server configuration. And it still doesn't work ,0
... I might switch from Safari ,1
What Beautiful Friday!! Happy Friday Yall! ,1
"@brandon_morton Ok, I am ready to learn your secrets for getting followers. Since You have more than me. boo who ",0
Home alone again... ,0
Any idea for a food/recipe blog name?  Jacob and I are going to start sharing our recipes w/ pretty food pictures. ,1
"I've discovered something new about myself today, and it amused me that it took me this age to just noticed it. ",1
With him calling it a movie night  long stressful day I need this!!!,1
Today sucks ,0
Yea so I've gott a GF noww ,1
@radioproducer1 @lynndorman Thank you and happy #followfriday! ,1
@iamword ,1
"just ran through a spider web while running up the stairs, freaked out, fell down, gashed my knee open and ripped my favorite jeans ",0
@cheeky_geeky hopefully you can bully them into tweeting ,1
"is once again off to school, but has a massive headache and pains in her leg ",0
@Jeefthepirate @thedeadknight I know it's sad. But back in 05 the auto industry didn't understand that iPhones would change our lives ,0
"Created a wonderful Twitter service. Every time I write there I see this: ""Hoo are you talking to?"" Perfect support  http://hootsuite.com",1
Still up watching Movies! Yay Shad isss still up wiit mii ,1
"@pratama - Yeah, sad  Oh well. MP3 playlist, huhu...",0
having withdrawal symptoms from skins :/ off to watch it all over from begining again ,1
@tommcfly Oooh  That's cool! Hopefully we'll be able to see it!  Tell Danny ... Read More: http://is.gd/JUVq,1
"watchin p.s. I love you for the millionth time...I should be sleeping, not crying! ",0
For the record twitter updates from my phone randomly from weeks ago! Sorry ,1
"aww. it's over.  i love that song. when i'm not broke, i'm gonna buy it on iTunes.",0
"So much work, so little time ",0
seems to an epidemic of hypo-cholecalciferol-imea today ,0
@Bear5895: ,1
@Jennatonic84 I have been searching for that too. No luck here either ,0
"Durn clouds. No Moon/Antares for me tonight, and likely no Arietids tomorrow, either   In fact, we're predicted for storms all week!",0
"@tweetnotpurge1 just checked, am following U. Maybe something's wrong?  Have a GR8 Day Doll!",0
@rosehwang Thanks ,1
"Ok ya girl is back, no more sad songs, ready to get this twit game on ",1
"@LABELS_ aw, thank you so much. that really means a lot. ",1
is today malware day or something?   I have dealt with 5 PC's now with this crud.   Argh..  I must be in hell.  ,1
@rbuerckner moving overseas  ,0
@fabulousbitch09 yes I'm ok  thank you,1
@DanaAK That's not true. We just talked about you yesterday when we saw your pictures in Firas's Wedding ,1
#BBXXX @YoScottie U shoulda spent less time sucking up 2 @robrominxxx. Speaking of which when did Rob add the XXX? Me no likey. 2 porno. ,1
I forgot I have lumpia and pancit in my fridge from last night! Yay ,1
@TonyPanici do it loll and while ur skating you can think about givin lessons cause I'm dyin to leanr how to skate ,1
@justmerri :o why is he leaving? ,0
@BiancaLaureano u clearly get the tweet of the day award...total downside to living solo  I feel ur pain lol,0
@twilightnewborn OME  cullen kitty,0
"@MakeOvaDiva Dang, I just saw this!!!!!  I miss you too boo! Yeah, we need to get together soon!",0
@joanncys thanks! haven't get used to the mobile world though ,1
Cleaning out the old Chevy.  ,0
@SweetMojo91 Possibly? But all the hot guys have girlfriends ,0
hmmm i think the heat has cooked my brain. Altho twitter wierd on n96 ,0
@Schofe Will u follow me plz and as a reward I will post some pics from Take That on Monday ,1
"@alpheus1 Cool, on Slovenian layout is ALT (option  + U,  tnx , tnx.",1
"@RedGummiesCrush: happy birthday to you! Hope you have a great one, have fun today!! ",1
I'm so exhausted  I want to sleep for days and days and days....,0
"Sitting on the porch steps, listening to the birds, and watching a baby play while the run drops in the sky...I like this life. ",1
"BGT final is gonna be amazing  Flawless, Shaheen, Stavros! & Julian - my god, gonna be fantastic (Y). Su-Bo better not win ",1
"@BDSM_ALT WAAAY too much spam... once a day would be fine, but for now i have to give you the boot... sorry ",0
@jbrazillian93 I know bad language ,0
"Argh 3hrs sleep again, feel physically sick with it today work tomorrow... Need to sleep tonight  http://bit.ly/vykXE",0
in colorado with family = beautiful mountains and non-stop arguing. just finished wild at heart though ,1
homework time ,1
Rain rain go away...... ,0
got a 7 hour shift ahead  dunno how i'm going to get through this one!! wouldn't be so bad if i worked somewhere i wanted to...,0
"Sucks to be YOU, but I'm headed to class  @HeartBreakV",0
@kudoz  ikea fail in belfast; fail in every other store as well up and down the east. I'm a tad specific..a corner desk would be great..*2,0
*winks* @sweetkyree ,1
what a beautiful sunny day .... ,1
going out to eat dinner ,1
@VikiCollins Fringe is scary isn't it?  I don't do scary very well.,0
watching Notorious with my big poppa! ,1
I thought a an early morning Mojito would help me fall asleep but its having the opp. effect and I need 2 b up at 6am ,0
@nattnightly   I couldn't agree more.  Total and complete awesomeness.  ,1
"Just got back  from RIVERS restaurant. mmmmmm, fabulous. I felt like a queen ",1
the surgery i performed on my pants using staples isn't working. will i have to retire my favourite jeans? ,0
This is a nice day indeed. Time for Botanic ,1
Please help me!  MzAnnieBannie see if Azurite will help out too by filing a complaint for tampering!    I need all the help I can get.,0
@vp_18 I may have to post it on my wall ,1
@HeavenLeAnn haaaaaaaaaaaaay  im kidding lol so when we gonna get drunk ???,0
can´t wait tonight !!  now i´m going to buy   jeans and trainers wii !!  ,1
afternoon everyone ,1
@Ayyebreezy814 aww sry  jeremy will be jeremy,0
"i miss this summer, where all i listened to was panic at the disco. i want them to go on tour soon ",0
@glhaze Kobe is just too strong.  I don't think the Magic will win more than 1.  A Kobe vs. Lebron matchup would have been sick.  ,0
@jessicahume Ouch ,0
Ready to go home  2 more hrs of wrk,0
I want the new palm pre !! it looks sooo freaking amazing . I need it . & ill have it by my bday . ,1
Solving the cube again.. lol. Oh boy. Man. I got paid SHIT this payday.  Going to beat @shaycarl and order 8 patties on a big mac!,0
i have to make a fruit salad laterrrr. been abandoned ,0
@pinkjody HAHAHAHAHA that was the greatest response ever!!!! ,1
"http://twitpic.com/5cjnf - My niece, Jaelah & nephew, Antwan  then . . .",1
"Bugger all. Theatre class already has assignments up. I'd best start, yeah? ",0
@therobot the rule of thirds can be mixed with other rules  (its surprising how well it works actually),1
"@iandstewart nice framework, but they forgot to include you here   http://bit.ly/n5NgM",0
"I have a headache.. don't know why I felt the need to ""Tweet"" about it, but I did. So there, now ya'll know. ",0
Can't find a hotel ,0
"Haha! just overheard on the us. 3 yrold to mom ""mom, I think I should learn to read today"" ",1
Hello sunshine ,1
Made it through the first day with the kids! Adap test tonight ,1
@officaltila not to be rude but do you have to talk so much about swag bucks  spams my twitter up xoxo,0
hate that i love you  I LOVE THAT SONG ,1
"@Irisheyz77 ok i'm going to wait like 10 more minutes and then call her again, will see you soon ",1
isPlayer Has Died! Sorry ,0
@ohthedotty meh. not going to happen any time soon  not eating choc is hard enough... where did the cookiedough go????,1
@Radio_Lady goodnight  thx u2,1
@MystiqueUnique omg! i wasn't on until after midnight!!! omg. i'm calling tomorrow from Precious's phone!!! You better answer! love you ,1
@loic Toujours en forms too ,1
"@SteveRaze I hear that, for now at least ",1
"@Alex_Jeffreys Thanks for the Follow! Nice to ""Tweet"" you ",1
@Yoogee *wave* Hi! I hope you're doing well!  ???,1
Movie night then sharis... twas a good night. Darrien leaves in two days  adam truelife in 7  who's gonna b next? Goodnight everyone!,0
@floetry gutted and angry ,0
had a really niceee dayy in york   happy birthday tom (:,1
@jannypie  Woo Hoo! Book 3 just got ordered....Now I'm out of credits though. ,0
@mmaetighe I miss you....I hope you are feeling well ,1
@letteapplejuice polar bears & penguins rarely go near eachother... They're from opposite ends of the earth ,1
@wyclef Its Haitian time! ,1
just got outta Church. gettin ready 2 go 2 breakfast with my God parents & God brother. VERY hungry & gotta headache!  ,0
wish apple would hurry up reviewing twitterena 2.4!!! they've had it for almost 2 weeks now ,0
Soo tonite I went out with a couple n others in love.. Ppl that i used to hang out with... But it was kinda depres'n ... I was alone. ,0
@PhuongLuu Len #tinhte cau cuu hay hon #twitter. ,1
@davidofyork depends how your stomach feels. I usually compromise with a BIG bowl of breakfast cereal  - possibly 2! ,1
@labyrinthine_ I never thought I would see the day when YOU would stop playing WOW.  ,1
At my Dad's house sitting around-bored. Only just discovered twitter. It's pretty cool actually.  x,1
@gantzgraf And we can wear fake mustaches and speak Spanish in American accents! ,1
"@veropperez @SaharKhan and guys, i'm not even kidding! try and see if u can come here this summer ",1
Morning!!! I want the new @pocketgod update!!! ,0
Forgot to switch of the alarm clock this morning...  woke up at 6 am ,0
@mrssmusic  morning! thanks for welcoming me...  well welcome aboard ur self.    ,1
I'm frustated at the chapter I'm working on. The technology is not as cool as I thought. Now I have to start over. ,0
@wonkybonkers. Really cool. Great colors. I can't draw. I take pictures. It's what people that can't draw do to feel like artist's ,1
Ahhh I'm engulfed in shooooes. Who told me to buy so maany damn shoes ,0
@AmyVampRadio @gilbirmingham Yes we will. We shall show the Twilight Daddies the love they deserve.  #gilbirmingham,1
mia- on nicole's twitter ,1
"@simonmcnamee onto the forth episode in a row man...SO bored! Need a friggin job, it doesn't feel right being in on a Thursday ",0
OUCHH1 yeah..im def gonna have a bruise on my butt now. ,0
Headed to bed.. Having 2 sick girls with 102 fevers isn't very fun ,0
@danielr23 id like to tell u that I'm totally datable lol have a good day ,1
mi momacita won't let me go to my bf's bball game!!! grrr!!!,0
it's been a beautiful weekend ,1
@ashlee_amazingg uggh im doing it now but im just gonna do a really shitty job on it cause i am soooooooooo effing tired ,0
Wow. I just realized it's 5 am and I still have some guitar parts I want to record  I guess I'll finish them tomorrow...,0
i really really really want cherries. ,1
@ParisCarney I would but it will melt and won't be as fresh.   ,0
@mrskutcher you saved that lady    you should be rewarded.,1
Does someone know who's the real Jennette Mccurdy ,0
Out for the weekend. Hopefully get to finally eat REAL crabs and see DOLPHINS!!! Ahhh excited! Cell it ,1
@cathybabyyy I love you  gooosh. does does thou not feel my love ,1
@bringtheend okay  @papabehr knows that I'm staying with you guys til @ezpz_sammiz gets back right?,1
@stephenfry Great review... makes me want to upgrade from my 3G iPhone immediately.. have to wait though ,0
"@torilovesbradie aww you're lucky, its was too cloudy to see the sunset here ",0
Sick again! Why meeeeee? I have to swallow pills bigger than coconuts  but my left tonsil is blocking the entry! What a weekend! ,0
diet dr. pepper tastes nothing like the real thing! ,0
i think i have strep throat ,0
@lela_chelle yea sounds like a plan  my b days ccomin up soon so you gonna have to dip in them savings a lil bit lol,1
just got an email from one of the orgs who'll supply data for my app. they said they won't be sending us data. my project might be dying. ,0
Its a beautiful day today...Wish I had a special someone to share it with..  ,0
is about to head out of the A... ,0
"""and when I do the dishes... i run the water very very very hot. And then I fill the sink to the top with bubbles of soap..."" ",1
@kaelacastelucci  that sucks...,0
"@opethestylist  Thanks for the ff! thats really sweet of you, i appreciate it ",1
"@Boogaloo1 already open really wanted a glass, first sip and feel sick!  how did the project go?",0
@mattbramanti u my dear professional friend are a Capricorn!!  That is great!  I would so have Capricorn chidren anyday!!!!!  ,1
Aww I'm so homesick right now !  ...,0
"#mummy, please let me watch #t20wc #cricket. are your daily soaps important than my happiness  ",0
@garimakohli lol yea they shud go suck balls  and man u really took the kareena kapoor thing to heart na ....lol silly girl,1
"#myweakness angelina jolie..........im not gay though, just for angie ",1
"@MikeQuinn3g pleasure my friend, spreading the twitter love ",1
Back in town now to go home and do laundry and unpack ,0
a bird flew into my bathroom last night !?! ,1
http://twitpic.com/6idyc - my other little sweetie pie of a baby!!!!!!! Tori!!!!!  i luvvv u sooo much!!!,1
@kiyoshimartinez -- 5/31 marks the end of our roommate era. And you never made wontons for me again. ,0
"Bummer out of Cyan ink so no cute hamburger baskets.  Cupcakes will be done in a few. Now, do I have it in me to roll/bake ""fries""...",0
"you are my inspiration, Susan Boyle  I'll never give up on my dreams.. well, just those that I have at least a 0.1% chance of achieving..",1
"meeting up with school friends in an hour  am surprising them, they still think  i'mi n Riyadh ;)",1
Playing mortal kombat with my kids ,1
"Shoot, I need to find a crock-pot recipe for ladies night in.  Have prior engagement right before so can't go with usual donation ",0
@Louisalytton u must be bored lol ,1
@its_ams i got one on order from ebay but mine packed in finally today and needed one immediately cos i have uni work due in ,0
@ericbuckner way to be green! Hope it didn't cost a lot of it! ,1
no computer  i think i need a new one..,0
Morning sunny twitterville  x,1
@Jonesworth18 my wonderful company to do with as you please hehe  xxx,1
"Its all good kids  got a great spot, shantasa is with me and soon CC!!!!!!! WooooooHooooooo",1
"ok. really am going to bed now. one sentence two words : BED NOW! See you early in the morning tomorrow, tweople ",1
There is a green folder on my desk.  I just tried to walk into it ,0
"Sorry girls, no pics  no luck with my camera and these buisness centers yet",0
@laurasaurusrexx Yayayayay  hopefully there's no problems extracting it or whatever >_>,1
Am bored on my lunch break! Only get 30mins aswell  http://myloc.me/2506,0
"A dark & rainy day here, I love this weather ",1
@DEW_me that's fine! ,1
@heidimontag wow. your dress was realllly pretttttttttty ,1
Omw to the train station to oceanside ,1
damn havnt been skating in so long  damn busy schedule.,0
@hlichtner  and no thats not what i wanted either.,0
Mom and daughter share a birthday Friday.  We're celebrating 90 years for Mom!  Not telling how many for daughter ,1
going back to bed for 2 hours ,1
"#flylady 1st load drying, 2nd load started, folded & put away towels dh didn't finished, making a little progress  also downloading pics",1
One more crazy night in Gainesville ,1
crying out loud.... ,0
thought that Kings of Leon and Glasvegas were actually amazing last night  too tired for school though ,0
Wants to get her party but can't till tomorrow ,0
@janalee because trouble is more fun! ,1
Way to Early to be up No morning sex   Housekeeper !,0
is hearing Pink Floyd 'Another Brick in the Wall' on muzak...ugh ,0
"@starpadilla lol so, I don't really understand Twitter quite yet! But I JUST got your reply to Chipotle. And thats cool ",1
@Willows84 I've added you back my lovely  x,1
@ykyat WHOA there's such a site??  awesome.,1
@pbacgrad Yes. If the user is stupid enough not to know better  #barcamporlando,1
no ipoo for me  Sheridans tonight then packing for powerplay tomorrow. HELL YES!,0
and goodnight.  5AM is gonna come early ,1
I'm starting to believe that 'my dog ate my homework' just doesn't sound right at postgraduate level ,0
"@HeyTammyBruce I feel your pain Tammy, know that we are all crying with you ",0
@justkatiee I'll cum over ,1
sadd  i can feel somthing bad coming on,0
"@tommcfly goodbye tom, we will miss you  COME BACK SOON! ",0
@tylerjchesher  I totally love you. you are yummy goodness. who are you and what do you do? ,1
@hernameisviola http://twitpic.com/6c04l - i like it  i know ...you've been hard working ^^,1
"http://twitpic.com/66nii - @saurette here's Emma wearing one of your beautiful designs, she LOVES the butterflies ",1
Waking up to Rooney will hopefully make this day amazing ,1
@emnorm This is going to sound strange but I'm doing something with a man. He has stopped so I'm trying to get him to do more ,1
Ugh the last disc of dexter season one is checked out. ,0
Hanging w good friends. ,1
It has been a good day!  At least for me!  Hopefully the night will follow! ,1
"@bouvier23 haha! Damn HOOOOTT! Btw, I miss you. ",0
is offf to beddd !    nighttynightt '    ?,1
@ThiaHeartsNick wow  im so happy for ya ;),1
feeling a little under the weather. still have a sore throat.   my birthday is tomorrow and i can not be sick.,0
beautiful day... and im working  leaving now so i can get some sun though,0
Nobody wants to go to movies in the park.    Mean Girls isn't cool enough to make people sit on wet grass.,0
"@AfricanABC Good morning, Graeme!!!! ",1
"Side is killing himm ugghhh, maybe some yoga will help ease the pain ",1
NCIS marathon!! I love watching det. DiNozzo all day ,1
Fenway is passed out on the couch...I just may join her ,1
Not at Katey's house anymore... ,0
@sabotek I did mine in the first... It's soooooooooooooo good!! ,1
@adlantis  Clean Me!,0
getting out of the house  shopping at the Oaks and out to lunch with ma friend!!,1
"In providence with joey, ryan, danni, matt, and tau for the night! ",1
@fulfillddestiny  Great! Thank you ,1
@petefaasse RSVP at www.mobaganda.com/operationoverlord and send me ur Email in a direct message for all the details.  Im glad ur playing.,1
Why would anyone want to kill Jimmy Carter?? I dont get it. ,0
Running late to studio. Might not knock out those 3 tracks after all ,0
Just walking to school for first day back ,0
Q: Are the crayons only in CS4? I only get color squares in CS3  #creativetechs,0
Sick again??! Or the same mystery disease...  docters later.,0
just finished going through all my watches on deviantart from the past half a year or so. gah. art overload. makes me feel inadequate ,0
Horrible storm i hate them. Power is out. Not fair. ,0
@xoxoBear hmmm wtf? Got right? I hate when u keep secrets!! ,0
I'm up at 4:00 because Scotland time still is with me.  taking @libeydawg to breakfast.,0
@vegan_mike i want one from a carnival or fair or whatever. So bad ,0
"@AussieCatDoll Im fine too thanks, now enjoying summer ;D Yeah the weekend was great with some exceptions tho. So whats new for u? ",1
The heat is on in my office ,0
"@ebony1075 not me, lol. Didn't even know there was a match  You ok? Did I miss much last night?????",1
@horrors_wench I <3 you boo. I mean you know. whatever.  come dancing next time. combichrist @glasshouse on the 16th.,0
watching tv with my man! ,1
@WelshDrew boo stuck in at lunch time its like extra work at school all over again ,0
"""Happiness isnt something to have, its something to share."" ",1
"what's up, @JesseMcCartney? ",1
at home still working on history then studying spanish and working on english paper//exams tomorrow ,0
@chestersee i love your music!please post more piano parts soon ,1
@shaundiviney WHAT CHANNEL AND WHAT TIME IS IT PLAYING???????????????????????????????????????? pleas tell i wanna watch youuu ,0
@TachaV o lol congrats tv  where's the party and will there be some lumbi?,1
"I'm reading my newest book, ""Sundays at Tiffany's"" and it's wonderful ",1
The only thing I don't like about my school holidays is that I get NO allowance... ,0
I miss my hubby! ,0
"FYI, there won't be anymore #spymaster tweets coming from me. Sorry for the spamminess ",1
@RealMrScott it is a beautiful morning  on my way to get my hair done and get waxed. Good luck on ur finals!!!,1
@TimObarski weird!!! ok ... I'll do it again ,0
i cut my foot it hurts like hell ,0
@nandita Saw your blog and loved it.  I'm a total foodie and it wowed me immediately   BTW I followed.,1
@ChrissyMBot no tetleys at the airport  I shall have to sample 'american breakfast tea'. Heaven forbid ,1
@kspidel is that ur puppy? I don't think I want to know why it's his last night with u.  I have three and the hugest heart for all pups.,0
Dang of to work again ,0
"is back from Panama, and thinking about home visits!!! Emmitt is ""needs foster"" -- doesn't like kids ",0
"Got home late, tired. hopefully going to the multi cultural fest today ",1
"just finished Fareed Zakaria's book ""The post-american World"" and I highly recommend it. Great reading for economic geeks. ",1
"@Hatz94 WHAT?!because of David?  makes me want to cry. who would do that?! you're really strong for not telling him that, he would hate it",0
@latexloverm you're there but you aren't answering my question ,0
Family Guy... new series just started :O it was hilerious. ,1
"Bored...want to annoy Bea, but she's sleeping already. Mum's not home. NOONES THERE ",0
@timpac we could make that happen.....I know a guy ,1
is ridin back home on my lovely BENZ  yall need to step yalls game up! tonight was live! next week SMH goin down,1
@LexaShmexa The question is: which Meem is which?    Enjoy your caffeine!,1
"@courtrex My last gf had a real beard, my family were overjoyed when I brought her to a family meal. I wanted to be a wrestler also ",0
is new in this thing need friendsss ,1
We have been on waitlist since my son was 18 months - waited 3 years already and have only moved 100 spots on waitlist! We are 109 now ,0
"Okay, so Opera 10 Beta has some nice touches, but it's not much different than the Alpha. The new tab previews feature isn't exciting. ",0
@the_chaser_ I don't think its that bad. Jesus in the toilet is much worse. Can I have tickets for your next show please? ,1
still not on  im bursting with news.. on that same matter.. theres still the urge that i dont believe ,0
Going out to dinner and to see Night At The Museum ,1
@fakedanudey thanks! Like yours too LOL ,1
they do because it’s to their chorus most of us wake up to. Note to self feed the birds ,1
@rajeshlalwani: Yeah would be better for you. I did it in Yahoo! as well because all of a sudden I got added to lot of spam/porn groups! ,0
@realbrookewhite had to go to borders and best buy to get michael johns cds..target doesn't have it! ,0
So very tired... It sux working thru the weekend B/c i cant ever catch up on sleep ,0
Want a hot water bottle. ,0
"Raising Skin Cancer Awareness! ""A skin cancer screening is only mortifying if you don't get one in time"".. http://budurl.com/s4tm ",1
Sorry I'm @ home bored 2....waiting 4 my baby 2 get here.... ,0
What I don't like about TweetDeck: I can't three-finger swipe to switch columns and it doesn't seem to have ping.fm integration ,0
@harryallen believe it or not i was flying over the atlantic the day that happened....just like i'll be flying over it next Sat. ,0
@hollydenise ghetto public schools in NYC   I don't even remember if we had computers...,0
@cavy624 I'm glad it arrived! ,1
"@dolcevita10 ok i dont mind, im not the best with words but i wanna know ",1
@Aakula - this is assuming it was a straightforward result  There was no sound from that area (in the TV till the final announcement).,1
@wfaaweather I wld like 2 rquest a high of 78 instead of 88 2morrow. Give a teacher a break on field day. U can pull some strings right? ,1
I might go on my trampoline  not been on it in a while!,1
"@tazzman61 Personally, i'd love to retire somewhere near the beach.. anywhere really, just as long as I'm with my family.. ",1
@compressionla @jasonemsley  but i like the music you listen to!   (via @bethisawesome) oh right. I was actually referring to Emsley. lol,0
hello there  happy #hoppusday hope it works and blink182 comes to Braziiiil *-*,1
@peeebeee quite. *sigh*. no doubt so that the locals can burn it or something. very sad story.  ,0
"@sweetcandylove i can do that while your sleeping, then i'll shave your eyebrows. ",1
Ready to start my full of appointment day ,1
"think im getting sick   trying not to think about it, mind over matter lol",0
@theindelicates Please! My inferior mind can't be expected to get ALL the references ,0
"Brazil mistook sea thrash as plane crash debris!! Till now, no trace of plane crash debris found. I feel for the families of the victims ",0
"@pyIT hint, nudge  => http://sp2.ro/8a43a6",1
@MsMarkie yah that is kinda sad. ,1
@LondonDiva Angel Just Randomly Stripped Off Her Clothes..COMPLETELY!! & Went Swimming In The Pool.. It Was Not Prettyyy ,0
is still not feeling good! ,0
@adlyman haha im doing well  im jus about to go get my report card from school. then im going to a wedding laterr! haha wbu?,1
"@RealHughJackman Susan Boyle is a GREAT singer, and a duet between the two of you would be fantastic.  You never know!!!",1
@mrgrtbarr I hope you feel better... I feel like crap as well.  ,0
@AdoreMeIfUPlz Btw..I blieeeeve its The Fray.. Jst in case u give a care.  Hearts and hugzzzz!!! Lol.,1
Great!! My RAC 80 train ticket to Pune got confirmed.  Vadodara See you after 4 weeks!!,1
uhhh. whats going on on MTV movie awards???? wth? this song is weird. but it just ended ,1
@SensationPT Sensation Ocean of White Portugal: absolutely amazing  Adoreiii!,1
Sprained my ankle..freakin hurts!!! ,0
"@jordanknight OMg is this really you, have you joined in the fun finally????? WOW come on Jordan show us what you're made of  xx",1
sutil... sigh..! here goes his race n this time inlap#1.. ,0
"@Kathrynelle I felt sorry for Massa, he was up to 3rd before his problem! He was quicker than Kimi and Hamilton aswell ",0
trying to restore ipod but cant. ,0
"My personal blog recently updated, follow me here!  http://thelifesrefuge.wordpress.com/homepage/",1
@vlai1983 new meaning for vdb. v the douche bag. jk! ,1
Ooo treated to the grand luxe then headed to the water tower ,1
@omordah We'd love for you to give us a try!  Let me know if you have any questions along the way!  Have a great weekend!  ,1
@andytweetslike aww I'm sorry! I signed as many as I could ,0
Morning! did you know that the guy who did the voice of mickey mouse has died ?  xx,0
WANTS SIMS3 BADLY ,0
So sick. Someone look after me please!!!!! ,0
Ugh the stupid pizza girl song is in this episode ,0
waved off her brother and niece at T4 LHR today ,0
"getting ready, working, out afterrr? text ",1
"@saamanthajaanee O: i can't remember. no, i think i said i dont think she's that amazing. she's alright ",1
#FollowFriday people I didn't meet at #140conf  @kir @prsarahevans @hrkovar @seamuscondron @gavinpurcell @savvyauntie,0
Possibly no longer taking trips to NYC or LA this summer. eep! ,0
@MelendezMilitia Were you saying i should have come out to SF w/ my fam? YOU should have called me while you were here. I'm sad ,0
somehow i went to bed at two and woke up without my alarm at 6:45. oh and i'm really not that tired. but my legs hurt like hell. ,1
"Primus, why does my hip hurt ",0
i just lost a follower ,0
Vote for Gi at http://bit.ly/be9nb she could be nr. 1 soon ,1
so tired. i want to sleep. got my wee brothers school show tonight. really can't be bothered ,0
@CiscoReyes Where have you been at hun.. we just moved to N. Hollywood so we are close to u now ,1
sadly...no young ladies have respnded to my open invitation. ,0
"@BlaqueSaber Yup, but I tried in Opera and still no luck ",0
@unTheist tell me about it  I know EXACTLY how you feel. I about died when Soriano struck out after 5 change ups IN A ROW!,0
@iAmTarynItUp THATS RIGHT U A MF G!  Say it again!! ,1
Trying to do my speech. ,0
"@thelmarockz wheres it gonna be at?!  OMG,i wanna see yu with yer dress ",1
yay !!! India won - making of a great team ,1
#youtube - Souljaboy - Crank that  iwie verarsche =D http://cli.gs/Se6MV1,1
"Today is a black day.  Listening White Horses, by Taylor Swift.  I fell very sad ",0
@Mizcity @justjon @bsimi Nice meeting you at the game! ,1
@xHaleyNicolex   u should deff call me so we can hang out<33 =D,1
good bday weekend ,1
it is also a very sexy black! with blue leds!! ,1
Nearing the end of the unpacking  For now...,1
@_Enigma__ Trying to get @Nelja to talk to me� She's dodging me or sumat� ,0
"Back is still killing me.  Been about a day since I stressed it, heh, ibuprofen is doing nothing. Mate drew this: http://rly.cc/qgpcP -",0
@mnrmg Thanks babe  That's one of my best friends Steve.,1
I'm off to the movies ,1
sunburnt  it hurts :/ today & night was good  lyin watchin scooby doo (i),1
@imrananwar Oh your are to funny  looking fwd to it !,1
aw..  there's no wi-fi in here.. and the internet connection is WAY slow! argh..,0
had so much fun @ the lake. miss you jake ,0
Go check it out! - http://www.GavinsTipsAndTricks.co.nr/ - I have officially updated the news/blog every day so far ,1
LOL. turns out me and @kapilb are distantly related ,1
@hannahbert ok. Thanks.  Actually...can I have it? I'll package it up nicely for you.,1
@eastcoastmp3 I got it. Don't need aproval   but I'll hit u bout the Bloggin opp.,1
oh man i miss summer  and the tennis and the beach and everything about summer. i think im gina cry,0
Missing out on a new TV series on purpose. College starts next week and I think it's best not to get hooked. ,1
"@jojoiskingswag me and @skyetunes tried #SF Sexy Friends on saturday, but seems everyone is too cool to do it.  let's c if #SS works!",0
"@jemelehill its not, reali gave it away last week admitting he uefa aired two hours after they taped the show... or ur both fired soon ",0
Okra on a Sunday ,0
@NaomiShadow So downie  I love you so much <3,0
"An ""ehhh"" climb session at planet granite after being up for 20+ hours. Very abrassive holds which makes my paw hurty. ",0
"@xFANTASTIC me toooo, lol. ",1
sitting her @ the courthouse waiting on jury duty check-in ,0
@KatzMoney thank you for your awesome advice and cool stories at UCLA Extension! check out my twitter too ,1
Cold stone! And a chick flick - good combo ,1
so tired and I gotta get up early but there's too many ppl here at my house ,0
@itsAshleyOlsen fine thanks ,1
@mileycyrus Miley I am going to miss Hannah Montana so much!! ,0
I don't want to go to work ,0
"@magician0 Oh no, that's not good   I've always had the best time at Seafood World.  Where do you think the best dim sum is?",0
@mdk63 Welcome to Twitter and you will be addicted. ,1
@randymatheson no kidding...I think the #magic fans have pushed Twitter over capacity ,1
"How would we get thousand battlegrounds  #battleground, I mean we don't even know how could we reach which number to make it trending tpc",0
@RisaRM @temptalia lolz I'll retweet it too ,1
@rkb09 ohh hahaha!! aww i wanna be there!! STUPID CAPITAL!! not winning tickets ,0
Kat again  one more song than i can get some sleep. Yes i am VERY sleep deprived lol,1
awake on a lovely sunday morning ,1
...... Alonso kicks it hard but it is saved  Boo!,0
@Franklero Why never reply all my messages! ,0
kind of pissed my recording didn't work when gabe sang knock you down ,0
@Gurlstrange oops  there goes my non-drinking buddy haha,0
Line for iPhone 3GS is 30-40 strong in Cincy right now. Sad I'm not getting one yet. ,0
having toast for breakfast before heading to work. ily vegemite! ,1
tired after my very first time softball sparing in Solo. Partha won 13-3 yeay ! ,1
My very dear friend (that I've known for 13 years) got engaged! Congrats to Mitch and Emily! ,1
@Nabaishko Yes - there's a listen live link on the right hand side of it ,1
Note to self : hangovers are not fun. ,0
"@theartoftech Darn! Well, maybe next time ",1
"@KymbaKat @sammoran  Wow~That's a big plane, and with the suites being 212cm long, they can even fit a 6'2'' banana comfortably! ",1
today was a bit of a Sunday morning musical mahem... I was hitting lots of sour notes... don't like it when that happens ,0
"Oh and by the way, I'M NOT GETTING FAT. i'm still losing ",1
Just finished watching He's Just Not That Into You.  Loved it.,1
Aw i would want you to be stationed at the same base as my husband so i'd have a friend to in shopping with ,1
"All good things must come to an edn, even a fun-filled year!!  -Still we're gna srsly make nxt yr the MOST memorable EVAH!!! *hopefully?!*",0
@yen_menthol Tell me about it. Have a goodnight ,1
"@tclick Oh man, I love Brimful of Asha! It's on some of my other playlists. Great choice. ",1
"@dhlawrencexvii I would, but I try to only add people I *actually* know (even though I've got over 500 folk). You *are* cool though... ",1
@totallyivana Ditto  it doesn't help that I'm listening to Demi's AHMAZING new single right now...sigh...what I wouldn't give to meet her!,0
@wade1993 I think I understood ya Ashley .. lol  you´re not alone :-s .. me .. struggling everyday ... lol .. just take red bull  xoxo Ela,1
"@arengolucky Oooh, wish I could! Yucky weather over here in the land of sunshine and palm trees... ",0
"@jondickinson I'm sure they extended it to 5 years, maybe even unlimited for RRoD. Phone them up its an 0800 number ",1
"@jennzahling I miss ya, too! My net connection sucked  DM me the # so I can txt ya! Sorry about earlier",0
@kedge0417 thanks for the homemade chex mix!! it is delicious! and don't worry your plant is looking good ,1
@mchampanis Sounds like an infinite loop waiting to happen ,1
Is seriously bored and has found out he has nothing to do all weekend ,0
@CrystalF  .... or yea by that too ... i shall be Mac Book Front Row,0
"@HappyCassie LOLOL very true actually. i wish there was a site for canada to see a map of sex offenders, but there isn't ",0
@gaston213  - Sad face.    Do you need me to kick someone's ass?,0
I keep forgetting how I spell my username ,0
IS tired and wants to go to sleep soon ,1
doesn't know what to believe anymore. My brain hurts ,0
. . and still more vouchers and offers uploaded including TM Lewin and Homebase - plenty for this rainy weekend! Chris ,1
@lawesome I wasn't missed? ,0
"Oh how I hate these early mornings, have to work a 12 hour shift today. ",0
le sigh  I woke up to my kitten pulling down all the sticky notes off my desk -_- damn attention seeker ,0
And this is where we tend to live.. Poor beach bums  http://ff.im/-3EHm1,1
@Sonisphere the story of anvil! I didnt get to see it at the cinema ,0
"*Hanging around, nothing to do but frown, rainy days and Mondays always get me down!* oh wait its raining and a Monday, double downer! ",0
my back hurts! I want JUNK FOOD!,0
@sherrymain I caught a glimpse of the now famous @ranjun_chauhan  ,1
@cjayphillips that is the saddest thing i've ever heard. ,0
"Is off to watch Gran Torino, Do University Exam and then Relax by the fire ",1
@LindaKazahLocke The wee brown one is a cutey ,1
Finally slept! And ready to see some submissions into Barona's video contest - $12K up for grabs! Baronavideocontest.com ,1
@disneyteddies Happy 6th Anniversary!! Wishing you MANY more my friend. ,1
@wolfidy that or they're calling me and i'm not getting it...4 voicemails and no missed calls today stupid freaking phone  i hate it,0
Cracker crumbs in my bed ,0
"@vampirefreak101 Yeah, I really hope so too... off to work for me... tweet you later, hun... BIG hugs!  x x x",1
"pretty exciting day ahead ive got a blow off day, bronco brigade meeting afterschool, and after that an applebees interview. AH! ",1
Dammit! You caved  what would fat jesus do?,0
"Kidsare now asking ""how much longer"".  ",0
Martin is making me famous ,1
@pcnlove125  Clean Me!,0
"Off work,  beautiful day,  beautiful wife ",1
"I can no longer drive and right now am trying to get up the courage to walk 50 feet next door,    I think I may be getting worse ",0
So sick of studying! Wish I had a really good memory. ,0
"@SeanDaily @clintosterholz @spiritualzen Yeah, I'm just say'n, my life was all kinds of efficient before I started a family! ",1
@taylorswift13 you belong with me is the best song ever. i listen to it religiously ,1
Why am i even trying to go to sleep. Its 28c in here. I miss the cold winter nights ,0
"just downloaded FL Studio, and i have no idea how to use it! ",0
@reedcourty Es�lytelen ,1
nothing ,1
"@make4you ????? ????! ? ????? ?? ????? ??????. ??? ???? ????? ? ??????????, ??? ????? ???????  ??? ???? ???? ",0
studying for exaaaams ,0
"@scope_phill thank you  i do model, for playboy.",1
"I woke up this morning clouded with my doubts, I wanted to hear you calling my name out ",0
Finally finished with my 10 hour day. I <3 Stella and NYC ,1
I lost 3 subscribers in the night  Gained 1,0
@weddingroadtrip: that's hilarious! ,1
Upload speed is so much faster in the US... Going home on Wednesday is going to feel like going back to the dark ages ,0
general plea to all marketing departments - can somebody give someone an advertising brief - the kids are looking malnourished atm ,0
the hills just made me cry. ,0
"@weschicklit We have a small lake here aswell, but its not allowed to swim ",0
OUT TONIGHT! WITH SOME FRIENDS ,1
"@iheartbeans Thank you hon  Did my first BP in a while yesterday, after illness. My WORD that hurt!",1
@FanofFH and I will accept ur bitching ,1
"Thank gawd work is over, but I gotta be back at 8 am ",0
"@paulagd haha nothing!nothing, I was wrong, I´m sorry ",1
"@echa_xoxo oh, hehe. Tp itu kurang bagus ",0
off to wigan today with my best friend ,1
"@eltardo Well, he wasn't ALWAYS open minded. But as I've gotten older he's become cooler ",1
my honey is finally back home ,1
@namine014 My wife works there ,1
"@PumaSwede Not Chelsea, Puma? Say it ain't so! Not Chelsea! ",0
http://twitpic.com/6sxsr - Ryan refuses to chug his scorpion bowl ,0
MALL COP!! Worst movie of 2009.. Not even a chuckle ,0
I guess 61FPS is getting subsumed into Nerve.com or something.  I wonder where it will go.,0
@pennjillette Happy birthday to your son from some strange lady who has lots of snakes.  (& Moxie sounds like a sweetheart!) ,1
@Mcpattz  J.D salinger? awww that suck ,0
@ewillett <sigh> I was so excited I spelled his name wrong. Sorry. ,0
@IsThatHer NO  .. *shy face*,0
@ThatGuyFSU_ATL Thanks for the 'Follow Friday'   Hope youi're enjoying yours and have a good weekend!,1
"@Vantrease10   Yea, well everyone else has gone to sleep.  You might as well too.  I'll just stay up and watch this awful movie.",0
is off to the big smoke for the weekend. Sad when the big smoke is Nelson ,0
All my classmates wanna pon.. ,0
Wishing the neighbors dogs would develop laryngitis - barking 3 hours straight ,0
@tricia_ZLNet We'll teach you! ,1
I hope i will find my rightful partner soon  Goodnight earth....sweet dreams!!,1
@xxpointblanqxx AHHHHH shaddup!...LeBron is STILL KING tho! ,1
"no blink-182 tickets for me, they sold out in 30 minutes. ",0
@cheth No problem at all! We just want you to be well! ,1
@madnessletter I am ashamed to say that I have yet to read it/see the movie. ,0
"...any of your concerns, if you have any. ",1
hello everyone ,1
@Renegat Ñ?ÑÐ¿ÐµÑ! Ñ?Ð¿Ð°Ñ?Ð¸Ð±Ð¾ ,1
@Garryallan tweeting you from my iphone ,1
kidz crossing  oh how i've missed my little buddies.,1
@charliwag That's the way to go! ,1
@triliho u are seriously one lucky girl. we go one day la ok. hehe ,1
"Wtf Bagel Factory, I said no tomatoes twice ",0
@ellisedrew yeah i watch them but there on at like 1 here  whar you wanting on your foot?,0
Lappy seems to be struggling with photoshop  may be time to get some more RAM.,0
"What is this fuckery, ESPM? Que demora pra sairem as notas. ",0
wish my mom was coming with me tomorrow ,0
"@her_heart and happy belated bday, sweetheart. I don't think I said it to you  *HUG* Or maybe I did! LOL",0
"@GreekBeaver You don't need to go to gym, man! I need!!! I'm fat ! ",1
@loveinvites I don't have HBO anymore  Can we hijack your TV for an hour??  LOL,0
@MissMelissa77 im hungry too  tweeting is fun though,0
waiting for a special phone call ,0
"@tristanisneat yeah, i read about that last night while in search of some protests. seems like i missed a big one in SF last weekend ",0
@div_conspiracy Yeah? I will ask! Thanks! ,1
"I hate hat HATE how ever time I come back to San Antonio, my allergies act up.  I miss being able to wake up and breath. ",0
@MichiiLopez tell me tell me something ,1
Health and math exam today ,0
@markmidwinter its all for an awesome project so i'm happy  have a muchas funnas today it's actually quite hot in the sun!,1
Success!!! Now to try the curry chicken brew with pals... Who wants to go first? ,1
Watching Armageddon for the first time in years. Forgot how good it was ,1
Flying down the freeway with the windows open and the music loud ,1
@YANICAKES nothing at all   been at the stinkin hosp for days.  Im bored outta my mind!,0
omg one week and senuors leave  im goin to cry seriously,0
"@Andy_kaxmic email is no prob: contactjh24@gmail.com  and it's cause i love 24, like the ""i love NY"" logo ",1
I'm gonna be old for a little bit and take a nap before work. I'm tired ,0
I fucking love costco  . At the Costco in Fullerton.,1
"Have a nice day, 	 Today the sun shines ",1
's 3 day weekend is slowly coming to an end ,0
@Mariellin19 no its not the swain yaaaaaaaaay its just a regular flu ,0
Excited that #digitalplanet are interested in @bbc_sos - would be really nice to do something for their programme about Save Our Sounds. ,1
"The Saturdays- Work, James Morrison- Don't Stop the Rain, BIG songs ppl! ",1
"@clappingghosts btw keegan your ""hey you learn something new everyday "" was very cheasy  just thought you should know b4 u left us 4 GT",1
@himynameislexie I LOVE THAT MOVIE  im gonna junk punch you . . . . [why] YOU KNOW WHY       ,1
night world! Really full now. Ate lots of food for dinner...too much to remember...shall rub my tummy to sleep now ,1
"@charlottemarie2 Aw poor baby.  I'm on my own tonight too, I'm so sad, I hate sleeping without Danny!",0
"@michaelnolan oooh, a #followfriday mention!  That explains the new friends.  ",1
can't fall asleep ,0
@oreoz  ill nevere beat that,0
thinks the sky looks beautiful outside. ,1
TETRIS LEVEL 9. accomplishment ,1
"@CosgroveMiranda miranda, i love icarly  you r awesome :*",1
Just watched Fireproof and my eyes r still full of tears ,1
just ended exaaams  I'M TOTALLY FREE! Tomorrow with my JS ♥,1
When life gives you a thousand reasons to cry...show life a thousand reasons to smile  so smile big!!,1
@MzLdy2U oiiee  i know that feeling all to well. Dont be that girl to sit and wait for that man u fell for to come back tho!,0
"Happy 200th Tweet! Celebrating with Kathleen, we're eating Subyway in bed with Ramirez. ",1
@daynah You made a beautiful bride   Nice scrap book,1
"@souljaboytellem heeeey, reply me ",0
watching #bsg (battlestar galactica) and #working ...missing out on #nxne gotta save my cash a bit ,0
go to @thedebbyryan 's website want to know all about her ? www.debbyryan.com CHECK IT OUT  -teamOFdebbyryan,1
@charlo_be I'm sure we can find a less radical solution than that ,1
@ninagianna Hi! So far we do not have a date for the Asian premiere for Season 2 of True Blood but once we find out we will post the info ,1
im soo excited for final destination in  3D! wooooooh!! ,1
@tangoastor No prob!  Actually we're not allowed to sell merch in the Apple Store   We'll have some in the van though ;),0
My Marist Thinkpad arrived in the mail.  Still upset I need to leave my beautiful Mac at home ,0
"good morning Twitter, Happy Sunday Tweety Bird Tweet to ya   http://www.myspace.com/38pr",1
@Rob_Vember you really ARE addicted to twitter arent you? ,1
"@Jonasbrothers LINES, VINES AND TRYING TIMES is out on the 19th of June in Australia  that's too far away. :'(",0
watching shortie st ,1
another NO ,0
Got to start reading my friend's first book today. I'm kind of nervous about it...don't know why. ,1
@miket355 oh then I will pass along your name to HK. All must be included.  ,1
On the way home after cg..feeling blessed n refreshed  n a little bit contemplative haha.. http://plurk.com/p/tsjtv,1
Oh I'm not impressed...missed the m�tro by like 5 seconds...and stupid Sunday schedule means I need to wait for 8 mins for the next! ,0
"we all dream about finding the right one, for me it's still a dream!! ",0
Last weekend I was sitting out in the garden with a beer getting a tan. Now it's pissing down and cold! bloody British weather ,0
Has an ear ache   Is hoping the medicine will work and I'll be feeling better quickly ,0
"@twoseventeen I kinda agree with you, if only I knew how to make my profile green I could join the protest  photoshop ftl",0
@fadilnet lol awww they likly will anyways! no jinx or no ,0
the black zack morris...he's baaaackkkkk!! ,1
i'm cold ,0
At Rouge grabbin a drink wit my brothers chica ,1
sitting around reading my mail. bout to take a shower n get ready to shop ,1
tall yummy glass!  umm !,1
is really upset that i didn't get too say Bye.... ,0
@decor8 I think your site is down ,0
"is still injured =( if Ravi B gets Twitter, I'm following him ",1
@JasonReizen I quit. So what? I'm a bad bodyguard! ,0
@fally87 ok going to read ,1
"@JODell_the3rd Thanks for the #followfriday, sorry it's late not a lot of internet access on the island... plus I forgot my computer ",0
"Shite night, tomorow, I get to hang out with my little brother and neice, should be sufficient enough to change my mood ",1
@cheryldsouza You were online just now. But I got distracted and didn't say 'hi'. And now I can't find you. ,0
"@saaamie i know i've seen it  shes such a great woman, shes hilarious and has awesome talent!",1
Hampstead are ready for #SoMa!?  #fb,1
@AshuGreene Yah..  im happy also!,1
@EasyLocalShopin One Hundred Years of Solitude. *Definitely this one*  Then Love in the Time of Cholera. Enjoy!,1
"Sleepover time baby  With Kirstin, Megan and Natalie; yeah boy!",1
@Queenlucia happy birthday ,1
@Ijnco you're a jerk!!!! i wish i was at the parade ,0
Eatin' my favourite patato chips  ... Mexican Chili !!!,1
@Meg_Andruschak What?! Still no baby?  I hope s/he comes before you have to leave. OR waits until you get back. haha! Excited for tom!!,0
@JankySlamsworth LOL !  I was kidding !!,0
@ninjala anytime buddy! anytime...too bad i wasn't there ,0
@henrygrey party at the lake last night ended around 7 but left kinda early. ,1
i may have teared up while watching the new harry potter movie trailer. yes. i am a dork and i am ok with it. ,1
Iam soo happy for SC Paderborn.. 2nd Bundesliga.. YES WE ARE BACK!!!!off to work now ,0
@AlexAllTimeLow your not live anymore ,0
@ReneWouters fantastisch Rene! Couldn't ask for more!!!  Weer heel erg bedankt..!,1
"Dear God, please don't let it rain on Tuesday... Please, and thank you! ",1
getting ready for school. today will be a grrrrreat day.  ,1
"@lpi It will be easy to find me, but I am not wearing my shirt as planned. 708 E. Grand River. Devon's Storage.   Starts at noon.",1
"WOW Have you seen this? http://tinyurl.com/lkqm8y I had no idea it was this bad, the Gov spin doctors must be working super overtime ",0
@alronberg  I hope the prgnosis is good ,0
Just woke up an already have written some e-mail... I've to go early at University today as I have to teach at 8:30 AM! ,0
"i feel so uncomfortable today, clothes are rubbing, tooo hot ",0
I want my prince charming...with great hair ,1
Best get back to doing some work. Tweet to you later. Toodles! xxx ,1
The future of Rho Pi looks strong and bright. Congrats to Jeannie on the win! ,1
@JonathanRKnight Enjoy every minute you can  Luv ya,1
@webgnu  it isn't defective at all is it?,0
@MaryPalmieriGai new biz twitter account is @AlkalineCleanse  check me out there too ,1
Going in for my uniform and schedule at work today I passed my Menu Test! ,1
"@fiederels Ah, those! Nah, not dangerous. Just give them a cup of beer and let them watch late night talkshows. Nice buggers... ",1
"""Dont judge a book by its cover."" ",0
"got my super duper ultra magnetic deluxe hyper fighting championship new challengers limited edition of Uplifter today, signed by 311 ",1
Ugh has nothing to do today but help my brother pack. but music is keeping me entertained. ,1
@thwindle I'll try. *yells* STOP BEING HAPPY DAMNIT!!! Did it work? ,1
Demo today! Pick one up from us 3 dollars for one ,1
having a hideous week. ,0
Because she's mom & new to Twitter. #followfriday @neg1053 Show her some love. ,1
@YourWxToday Congratulations to your friend! ,1
First Sunday Funday of the summer ,1
Really gonna miss honors nights and pizza with good friends ,1
Yay I got my hair wet in the pool!! Woohoo! There's hella heads here. Haha. Work at 530 ,0
@markbrown83 yea had an awesome sleep chick   glad your feeling better. 12 sleeps!  x x,1
"Working in these temperatures is not fun  Sure, I'm outside, but it's ABSOLUTELY boiling ",0
@ToniTierney are you in riverside co?  ,1
"@SuperDunner Np man! Hope you have a great day and gets lot of ""totally radical"" gifts ",1
"Essay one done, 2 more to go  Sooo not happening!",0
@tweetknot ,1
glad my daddy is alright  Good thing I didnt watch the fourwheeler flip on him.,0
@Kiitchy it's sunny but very windy. Just said hi to your mother today ,1
Patrick is trying to straighten up the Leaning Tower of Pisa...  http://short.to/dm05,1
@Qissm3 yep downtown LA. I want u to shoot with that team. We'll talk ,1
no more venom. no more shadow.  I miss my blue http://bit.ly/1aonFD,0
@Bubbly BUBBLY GIRL!!! ,0
@Daisyforyou I'm a text fiend. 267-243-2606 ,1
going home today *cries* I wanted to stay again ,0
i wish i were hanging out with kobe right now ,0
@GregLaswell Can't wait for the June 18th show in San Francisco!  ,1
@WAHDad There was only a couple of cornish cowboys there. No black hats ,0
"Another amazing day. Ever since I got a Twitter, I've been having great days ",1
"Wow, this is a challenging discussion today isn't it....thanks for all your responses, keep them coming ",1
Finishing my 4th load of laundry. ,1
@lakeerieartists always glad to help ,1
@Orchidflower i drown it in r win arliar  an as u  not yt bdhaving,0
"@LexaShmexa WOW! We have a new Over Lady (unless you prefer to be an Over Lord - your choice, of course. ",1
I had a wonderful time at my brother in laws wedding   we got the centerpiece: a fish!,1
Just sitting in the doctors office with mom. Being sick stinks! ,0
"if anyone needs any of them JB albums, all 5, i have them on itunes and will send them to you  lol",1
"@Jenaleesa oh ok. lol. I changed my pic 10 times already ;) So,hopefully the right one i picked shows up ",1
"Look my ram! I'm an Anatolian child.When you will ask me what am I doing, think again and again and kiss my hands my ram wooooh ",1
Thanks for a great night friends! No I have to get up ,0
@andrewdearling http://twitpic.com/6v2qy - caaa-uuuuute ,1
"I feel like something is wrong...with someone like my heart aches, but I wonder who & why? ",0
"The most difficult part of speaking to new groups of people every few weeks, is that I truly miss each one. ",0
"@SuperwomanAK Jay-Z, Chrisette and you make me write...It gets my flow going ",1
@homefry9785  yeah the post has slowed down a lot. it's sad that aaron carter makes more of a stink than this! #saveontd,0
my brain died ,0
forgot she was going to work on her global warming essay. it can wait ,1
Finally at my house.  Yay! Oh San Diego how i have i missed you,1
Taking @sdales17 to louisburg. No mem til sunday ,0
Blackstar* talib kweli n mos def 4 ignorent ppl or un educated wanna beez hip hop head yeeahhh i when their ,1
"@markreel hey hey, you have fun at the wedding?  Mr Jones is still suffering!",1
@brinshannara wanted to know if I was going to be the only montrealer there.  I'm going to the CC one. ,1
"@TraciKnoppe cool, thanks! Knew I could count on you ",1
"Ah, no one will go down to the cafeteria with me. All I want is a drink ",0
"@Crazycunt no I do not want the moon, but thank you ",1
@ShandraJade Hope you get to see The Wallflowers! ,1
"@arychadox i miss the beach, dear.. ",0
should really start her maths home work. ,0
@zpush whats that? ,1
"Water boiled. Time for some wake-me-up coffee. Ah, the nectar of the gods, as a colleague once called it. ",1
"just realised his physics is cancelled today, and so could have got up an hour later! ",0
@KiwiJax @butterflysong Thanks!!   ,1
Just found out I don't get to hear from my soldier for another week!!!,0
Good morning! Late nite last nite. Up early and back in S. Jersey. Its good when the COO asks me if I'll be driving him regularly. ,1
"Everybody Loves Little Chris  nadadadada, yeah yeah!!",1
@metaMeerkat it's a He... and you know how sensitive they are! ,1
"@MrPointyHead Sorry to hear about the cancelled flight and the abusive tweet, the bottom line is that some people are arseholes ",0
@omarjn really? monz_4_blink_182_@hotmail.com ,1
"all you imac people out there, do iMacs support wifi? i'm not sure so please answer ",1
Just had some bloodwork done. My arm hurts ,0
"@powerman5013 i have 2 go back 2 school tomorrow, at least i have Lab days tomorrow in my PS and DW classes  ",1
Cant wait for Walibi world!! ,1
@NOLAfleur I am from Golden Meadow  At my sister's for the day,1
doing textiles and listening to my taylor swift cd ,1
had a great time with my friend yesterday!  but I didn't see Finland's ice-hockey game last night.. =( and Belarus won Finland! bad times,1
Does anyone know a cure for severe writers block? Otherwise I'm never gonna finish my novel ,0
Is back to work today   I really could have used some more time off ,0
To all the new people that i met here in Twitter and you added me in FB or Multiply... please inform me so i know who you are. ,1
Bed time! Busy day ahead tomorrow! If anyone finds @xLilahhx's Music Vid on iTunes or MTV (US Only  ) let me know. Stupid ghey things. o/,0
@astaryayi Miss youuuuuuuuu ,0
"i wanna be in U.S.A   it's sooo wunderful, germany is boring  dont cha?   work on my own song and i hope i'll get it to become fameous",0
@powwelll I wanted to say: I bet it tastes better but some funny mumble came out ,1
@ohhushmusic Awesome  I love 80s movies too! Have you went and seen Star Trek yet?,1
The fricking tire light is on AGAIN! I am gonna scream! Why the heck is this happeneing to me?!?!?! ,0
i feel super sick ,0
aiswarya_h thanks aiswarya..m OK..somehow crawling ;) See ya on monday..enjoy d weekend ,1
@abcoates Thanks for the feedback! ,1
@AmandaFClark Thats rubbish! ,0
"@inkfrog So, have you guys been busy the last couple days ",1
at the rate the 2nd ave subway is moving; this is gonna be one noisy summer...jackhammers all morning.. ,0
@MandaPanda6294  that's good!,1
Dedicating my 2 goal performance tonight to @hansy_k and her amazing ankle wrapping skills!!!  Thanks Hansy ,1
@PinkMordeno yah...i like that song! ,1
@EricKupper you're right... one day at a time  How's your weekend been?,1
@yaykimo im sorry kimo i hope u dont have the swine flu  Get better! So who is pumped for honor society?,0
@jeremydigital I have not ,0
"Home from work...should I sew or workout?  Maybe I'll just clean house... Wow, a nap sounds really good about now. ",1
@Trixy98 dilute salt in plain water and gargle with it. it helps ,1
@diegochi I'm driving in the same stuff..its not bad ,1
"""Let Me Twitter Dat"" http://bit.ly/FBlgK ",1
Watching Prince on last night's Leno on DVR...  I LOVE PRINCE!!!  He's so pretty   Nighty Night Party Tweeple!,1
"@Alyssa_Milano OMG..    Only a monster can do something like that, unreal..   grrrrrrrr",0
"Speaking of games, just bought BIT.TRIP on Wii Ware  Retro awesomeness.",1
I'm dying here. Can't focus on work at all. Ear is hurting. Worried its getting infected... Can I puhleaze go home! ,0
Little bird who pecks my window has been seen w/ a handsome male goldfinch but her longing affair w her reflection in my window continues ,0
"hi, its 12:30 at night (midnight kinda) everyone in my house is asleep!  well excsepted me of course well im finishing watching chelsea la",0
Me this morning - at way-to-early-o-clock  http://tr.im/n0Cy,1
@gigglesome I never see you  tut I must be blind! It's in intensive care at the hospital! You not out tonight?,0
"why, all the sudden people walk out of your life like you mean noting to them whats wrong with people. ",0
About to go to bed school tomorrow then hanging out with my boyfriend  hopefully it will be an okay week,1
@ABeautifulMind1 have you got a picture of him you could stick on the screen and pretend ? ,1
Showed my dad the leak and he Loled. ,1
woo everyone celebrate #hoppusday ,1
So I'm in a rich as area of west co and hookahs dope but I don't know anyone!  @itsdumdun @kpexi I lovee u primosssss u should come ;)),0
Mountain gorilla caught in snare in Rwanda  saved by daring Mountain gorilla vets - check out story/photos http://bit.ly/566Fu,0
Still on set tired as fuck.. Been up since 5:30am  I need my woman and my bed..NOW!!!!,0
"@evlover0327 Oh, window shopping tank. ",1
Next in line ,1
@Fealings Monfils contre Andy Roddick ,1
@mnbingomom I hope you finally figured it out!  the trick is to squat and then stand up and lock knees at the end and hold VERY still!,1
"I'm really open to new people, and God knows how many international friends I have, but if you rank high on my wierdometer, sorry ",1
Exercise cycling done whilst watching Poirot. Coffee now & a healthy banana instead of bix or choc... it's just not the same. ,0
@ddlovato hey demi! im your biggest fan here in the philippines! ,1
@csellmybelle I AM TOTALY WITH YOU! i wish my studio had windows   i miss the sun sometimes,0
time to write paper again ,0
@mileycyrus CONGRATULATIONS Miley!!!  That song is AMAZING!  I aboslutely LOVE it!  Very Inspirational song! ,1
@chasepino http://twitpic.com/665uk - Haha cutiee! ,1
Just finished those good ol voice lessons. Grabbing a bite to eat and headed to a studio session w/Hardhead and Platinum Hands ,1
Ahhhh. . . 3ay's off having breakfast w/her boyfriend & Kelsey's @ a friend's house. It's NAP TIME!!! ,1
"The McCoy's spoiled us with ihop this morning. Syrup making me sleepy, slumping over wheel  diet cokes - 119 Carrot count - 21 On our  ...",1
@Bonedwarf it sounds like you are slowly being cooked there dude ,0
"Took Keira to the fun fair at Hazel, was nice until we returned home.  ",0
Next friday is Crown the Clown! http://crowntheclown.com is where you can reserve your tickets. All in the name of charity! ,1
"can you all see my pic because i cant, i cant remember which one is on there ",0
@halibrahim Europe sounds gr8! Will finish my exam on Teus and then we'll  talk about it ,1
@docaoimh Have a good one  How far you going today?,1
@DCMAxQueen @joelmadden never replies us !!Why? i don't know ,0
omg cant wait to get sims 3 ,1
"@munkyman223 No, I found an amazing man. ",1
Boats = FAIL...especially semi-submersible ones ,0
"And, save their clearcoat, they are done.  Will be in the mail Wed and off to Kids Need to Read to auctioned off to raise money. Woot!",1
@charlesgustav thanks for the mention ,1
@Tyrese4ReaL  i really wanted to help but i had no money.. made me sad..   keep doing your thing ,1
hates that it is cold and raining again today ,0
@Twofine5 hey! Sorry your hot and frustrated. ,0
@doplerefect yeah I got sunburned on the only places I didn't put sunscreen...ooops ,1
they on there way...missing them already ,0
Woke up late & trying to get sh*t done before work ,1
"@realin Unfortunately Ehsaan couldn't make it at MozillaCampDelhi,though yes he was present at BCD6,which u missed and I missed OSSCamp ",0
@chimoose if you can get a flight here for #levywedding I have some great food and a lot of fun waiting for you ,1
@Cleric20 Nope. Im hearing bad things. ,0
"I just gotta let you know, what it is that just won't let me go... It's your love ...  I'm sad",0
@katepickle do pbp do gift vouchers? Looking for bday pressie for sil who digi scraps ,1
okayy 7th time i didnt well up at all ,1
@PresidentMega They ODeed on the graphics!! ,0
Is doing so much better than I have been ,1
for lovely @Blippo. kisses across the waters! Hope this sunday you're relaxed and enjoying time off   ♫ http://blip.fm/~7sdm8,1
@mileycyrus I hope u & nick had a good time. I'm at the beach and haven't been able 2 catch up on my miley news as well ,0
"@KevinSpacey So have you been there long enough to develop love for Chelsea, Arsenal, Tottenham or West Ham?  Greetings from Boise, ID.",1
@leftyshields no way! ,0
@noti88 omg hilarious? hahhaa glad you enjoyed. ,1
@LindsayWolves lol... was on my phone while he was out  xx,1
"Thought I was getting half-decent at frothing the milk, but this morning's attempt was futile at best.  #baristawannabe",0
@mellowdi  Do you work out for 4 hours every Saturday? OMG! That's why you're looking all sexified! Work it girl...work it! ,1
@pinkfairy727 It breaks me every time. ,0
"What...my Zune is full  Ughhh,",0
"@thomasfiss heyy some peeps i know met you at the grove  They said you were really nice,  i said duhh he's awesomee ",1
@delacrew <!!!> ,1
twitter has gone silent on me ,0
@snufsnuf: My eyes berair...  sore eyes ke?? waahhhhhh [Jgn biar.. go seek medical attention immediately.. takut kena flu ba alif ba ya],0
"@morningsideband haha, i managed to miss this. i'll see what i can do ",1
"I am now the proud owner of Harry Potter y las Reliquias de la Muerte -- aka, Harry Potter and the Deathly Hallows. In Spanish. Sweeeet. ",1
@jennierg_ I AM going to get nick to reply to me you hear that@officialnjonas Your GOING to reply to me  haha! Tom's not very good is he!!,1
is trying to figure out this gay little site.  tee hee,1
im eating a brouwnie taste good !!! ,1
I miss having a deck off my room  http://twitpic.com/69u8k,0
I leave in an hour ,0
@mariakitano: Wow. That hit. My BFF of 20+ yrs is moving 1000 miles away tomorrow. I haven't been able to see him due to med side effects ,0
Programming Clojure just arrived in the post. More stuff to read / work through on the train. ,1
@crystalchappell have a fantastic day oh mighty queen ,1
@shaunie02 kk!! Girl I have the worse wrk schedule @ hospital this wk thurs-sun 2-10...ugh and tomorrow off this weds tho ,0
"@twandaforce It didn't sink, I am just banned from using keyboard while eating ",0
@kmowine haha yes.It was right there in my cupboard in the morning and now it is gone.Will have to make do with the reservoir dogs song. ,0
Chillin.....needing somthin to do. But I'm so happy about him right now. He makes my heart smile!!!  <---- Missing him!!,1
Feeling Lonely ��� Quien Me Quiere ??? ��Busco Oso!! Oh Well ,0
"yesterday was SO much fun. I got to hang out with my baby all day!! Leaving for vacation in 6 days, I'mma miss him ",0
mtv awards ahmazing ! vanessa and that dude are funnyy !  vanessas so beautiful ! and go AT  <3,1
@hot30 http://twitpic.com/6glx9 - PLAY THE JONAS BROTHERS ON THE RADIO ,1
has to go to work soon ,0
Ed McMahon dies at the age of 86.  RIP.   --- http://tinyurl.com/nh6oc8,0
Ooohhhhhhh Rob Pattinson got hit by taxi in NY ,0
"@elizabethcb �A bit,� @TechWraith said? Don�t trust him. He has a lot of love for analyzing data ",1
@Nathaniel_3 well im someone's bitch. I cant say no cause i feel guilty. Even though i hate it. And my arms are sore from moving fixtures ,0
"wondering why I didn't think to get lunch from The Bakery before, gorgeous warm panini ",1
Who's recording MTV Movie Awards and putting it up on youtube? Anyone..? ,1
Nine seven hours and twenty seven minutes that's right ,1
Yeaa I don't know  I feel like shit,0
"Ugh, I had the longest day ever! I can't wait to go to school tomarrow to see my love<3 I miss him ",0
@manuelferrara I hope you feel all better soon. ,0
Byeeeeeeeeeeeeeeeeeeeeeee! ,1
Sunday morning corporate animation and 6am starts ain't good. ,0
@vanessasng Next year when my current contract expires ,1
Just woke up n had 32 tweets...none Donnie  he's prolly too busy w/women ,0
@stephaniehealy Past experiences of being a redhead (eg. discrimination) or even just general info bout gingers in society! It all helps ,1
"@Khei  Aw, Khei. The Terminator movies are good! The new one has Christian Bale in it. How can you resist C. Bale? ",1
My Twitter is soo...... Night time! ,1
#sims3 just arrived! Won't be able to enjoy it til 2moro though as I have family over (who want to go see Terminator 4) & a work shift! ,0
they are not taken meaning no Zadrans exist. I cant keep my last name ,0
"writing a new story, ",1
It's rainy outside... I'm ready for a nap today. ,1
"@THEREALSWIZZZ WARS are waste of time, money, energy + life.It's unfortunate some people satisfy their ""significance needs"" with violence ",0
@oceanUP that's sad. ,0
Probably one of the best weekends of my life ,1
"@Tiuri7_Replies Na Gott sei Dank!  Aber Premutos ist gut und Dawn of the Dead, Ultimate Final Cut! ",1
is really getting into twitter ,1
wants a huggle from the star  can't wait for her to go home tomorrow.,0
@MatthewNeer  you probably shouldn't be on the computer in a lightening storm ,1
ONE MORE WEEK TO GP EXAMS  flea fly flo fun tomorrow!,0
cannot wait until @500daysofsummer comes out! ,1
"@dgaf_bitch, mehbehh. we're cleaning the whole house today soooo. ",1
@frostedcouture so jealous!  i'm dying to just get out of the office and go somewhere warm and fun!  i want to play outside ,0
@RiskyBusinessMB Must you gents always drive right through the OC without stopping for a visit? Makes me feel like you don't love us. ,0
Going to sleep. Work in the morning ,0
@karmakimmie color me jealous. totally want a 10v to hack w OS X. Instead getting painted house and updated sprinkler system.   For now.,0
@thenewbnb u can join me twola   @aravindkumar @viveksingh,1
is literally staring at the moon and the stars on this warm cummer night wishing he had someone to share it with.   ,0
"Fully awake.  Where's my dinner, ma?  I'm tooo spoiled ",0
Last dose in 4 minutes. Im going to miss you test drug ,0
@anca_foster well ive pulled an all nighter so im hopin' to sleep eventually ;) sorry ur knee hurts  im sending get well kisses at ya ,1
@wdr1 'before' is a good guy who happens to be an engineering manager. 'after' is a good guy who happens to be a UFC fighter. Both good ,1
@Kevthejedi i enjoy watching it  its like a horror movie and i panic when the tank comes LOL,1
FOLLOW ME. SEND A DIRECT MSG. IT WILL GO TO MY PHONE & I CAN AUTOMATICALLY REPLY FROM MY PHONE!!!  xo,1
"@alifinneran lol yeah I saw it! It was so funny, I love him. Oh and his beard is so not becoming. ",0
@myrtlebeachblog  Business or family?,1
oh how I wish I could just stay in bed and sleep tonight  off to work in an hour,0
my guitar just cut up my hand and arm. fucking thing. ow. ,0
"@chrisgarrett I could see that being pretty cool. Unfollow anyone who says ""tons of followers"" more than twice ",1
"Hey #glee fans, brand new preview for Fall! http://bit.ly/z3tA3 ",1
brain freeze!!!!!! now how about a heart freeze? ,0
16 days is a really REALLY long time to be away from my best friend! ,0
"@jen004 If only blip.fm had ""it's not easy being green"" ",0
http://xkcd.com/571/ Genius. Back to lectures now ,0
wants to watch Transformers 2. But I don't have someone to go with me.  and I don't have the time to. http://plurk.com/p/13stq6,0
#seb-day ,1
"@JohnnyDrama28 you've got plenty of time, trust me ",1
@lesley007 Hey huni. How's u hope uv had a gr8 day ,1
I need to go to the A Day To Remember concert.  ,0
its rainin.  getting my license in 6 days!,0
@MailOurMilitary oh that is so cool. And think I used to be part of this at one time   I do miss it but life has been busy.,1
"shares http://tinyurl.com/qsqtgv banban, prince paolo, i know you'll love this  http://plurk.com/p/z1r9z",1
@evaisEPIC Who was involved? ,0
@mileycyrus awwww miley its ok. I don't get to see my mom until june and the last I saw her was november.      be happy girlie,0
why do i have to be inside on such a nice day? ,0
"@KatieRigby It's a short film contest. Folks have 48 hours to write scripts, film, edit, etc. http://revivalpictures.com/i48.html ",1
all my followers should check out @TownHallSteps1 do it!! ya know ya wanna  x,1
@halina1979 check u sneaky... love it tho. We are soooo overlooked! ,1
@McCordAnnalynne I love the show  Is it true that Shanae is horrible to everyone on set cos i read that on the internet? ly xx,1
W00T ! - closer to the WSOP Main event  http://twitpic.com/6u73v @kongy_dell and @SANPenguin will have to cover my work shifts ;-),1
@MacaAmpuero yes I'm better but Im sick yet..     Tomorrow I wont go 2 school...   ,0
enjoying a quiet house- even if I have to get up before 6 to do it.    Just finished a cup of coffee and I have started the laundry...,1
Didn't Tweet in a while. Was sick; feeling a lil better now though  Anything new while I was gone?,1
@IanDSeggie Tell me about it... ,0
"@snuffleupagous You are right.  Considering I am only following you and my favorite Ghost Hunters people, I need to get more friends ",0
Jake took a shit in my room ,0
@iwalterr meh i rather b outside in the night ,1
@peachcherub @ninjapixie83 Wish i could be there but im working 7am-3pm today    Your race must be over now. How did you do?,0
@twinfraser I'm sorry that I'm not on! I have to study all night! ,0
"@Taytaytnk awww , thats cute, i feel so bad ",0
@ohhhbabyyy Haha  I Love You Too.,1
ew i'm mad my fastest was 57. ,0
I can't believe we go back to school tomorrow. The week has gone so quich and this weekend was wasted with drama ,0
So loving mondays ,1
@iLLBLvnDW4Evr32 no no no I really wanna be EVIL & not knowing is a very bad thing ,0
Make me your Michelle and put your Barack in me! ,1
@BBRRIITTTTYY i can't do it. 'cause you'll leave me on my own!  Xx,0
@tata4u2c oh i see. i feel like that @ carnival. im well though. im at school studying.  thanks for asking! hows summer so far?,1
Is it true? Has Patrick Swayze died? ,0
"is tired, but had a good day ",1
So much for me showing off saying I've never had a night......lmao ,0
going to bed. just realized that it was 2am...   5am is going to come quite quickly.  ZZZZZ,0
@bestdaeever def gotcha locked in...this summer is going to be one worth storing in your memory!!!! ,1
"@jakspack aha, fair enough  yeah me too - I need to buy it for my mum she loves it!",1
"dyed my hair, it's like blacky-red, love it but may dye it again soon - typical me... if i don't stop dying it i'll be bold soon ",0
has a very packed week with dancing and teaching... and its watching week ahhhhhhhhhhhhhh ,0
mornin twitties... up making ringers lol.. till its time to get ready for church ,1
about to do my english exam ,1
Lunch with Rex and Clint. Then shopping my homegirl! ,1
thank you to everyone who showed concern after my doctor's appt. this afternoon!  update is here: http://bit.ly/W9AVv,1
"@stuygurl no wonder, I was like oh she don't wanna talk to me hmph  lol wa u doing tonight?",0
@ILikeBubbles I keep trying to think up something for your #FlowchartFriday but my mind is stubbornly blanking ,0
@MCG2000 Definitely not mainstream media fodder ,1
I want 2 go home. ,0
Going shopping with my daddy then going golfing. Don't tell garret but he's gonna carry my clubs  HA,1
Looks I will be reading lots of css3 articles at work today ,1
?????????????? ????????? @lungkao ???????? ???????????????? office ??? ???????????????????? ,1
@jhedai888 doesnt seem to be ,0
what's the diffenents between the people you follow and those who're following you? I don't get that ,0
Sad.  has to be at work till 1030 -Dottie<3,0
"@ladybug27 OK No worries. - Yes, sum things cn b rlly funny. &, no matter the English, we're not always ""saying"" the same things. I know. ",1
at a creative moment with @katii19 ! thinkin' about a name for our creative work ,1
"This has been such a horrible summer so far, I'm so disappointed. ",0
"got damn, twitter going down? ",0
I think that the rainy weather (again it rains) makes you feel a bit sleepy... at least we had sunny weather on weekend ,1
Trying to go to sleep..I hate when my head hurts so bad I can't think  Gnightt,0
@aidengigteam Hiya Bev!  I saw you at Angel with Adele aha  You gonna be at the Manchester gig in June? xoxo,1
Ten people in line now including one way too young to buy a phone...   #prelaunch,1
"cecilia wrote ""tengo sueño"" on her notebook, how weird!!!! haha i'm gunna miss all my friends ",0
@coy0te no orange sweetie x nice that your happy ,1
@TKfan27 Maybe... if you ever get the fuck over here. I'm just kidding...no I'm not kidding. ,1
downloaded the sunshine soundtrack ,1
@Mar_sha LOL no she is what they call a fag hag.  I wish she had one .,1
@maialideth wait -- that's what they're doing. . .  #squarespace maybe they ARE dnd!,1
@PurseBlog shite . . . reception is on a rooftop ,0
@postsecret Thank you for doing what you do. I always look forward to Sunday mornings now ,1
loves this city ,1
The trending topics are kind of lame tonight...someone make up a new one please. ,0
@bellysbride they are super expensive  only want it for Hollys room so want to keep it cheap,0
@iiiiiihaaaaaa   where are you? when I need you...,0
[Wrong!] Michelle leann if your readin this i love u and your the bomb  http://tinyurl.com/ocwtoj,1
@jeff_lamarche @luciuskwok you guys are confusing me!  I'm at Moscone now (need the wifi) not sure if I have to go back or start shopping?,1
@izzatiarchuleta hey!! yeah I know u  I saw u on DA.com haha!,1
Sitting in ICT doing nothing! ,0
@adamn_w  I'm sure you will work your magic ,1
"@eddieizzard Glasgow was gorgeous earlier but now starting to cloud over... Still hot though, not good school show set-building weather! ",0
"post show depressions is the worst  and no ones here to cheer me up *ipod on, head down*",0
awe im sry  not good either.,0
@BeesCreations   that is sad....,0
Hey @x17online really no red carpet for the Twilight cast   no fair  (X17Live live > http://ustre.am/39qb),0
http://twitpic.com/80aca - ...no more! ,0
It's such a pity they parted ways...  ♫ http://blip.fm/~8ltmn,0
@jasnazorn how are you? ,1
@bigkennytv and @johnrich for some odd reason this silly thing won't let me follow ya'll.  sadness now consumes me. ,0
@QueenArielDeNey Lmao! Po lil tink-tink! Smh ,1
@teemwilliams OH no - yeah they need a good dose of dysentary and scurvy - remember scurvy from history class   hope that made ya laugh ,1
"@bobwin Oh, well then I don't know her. lol Well I'm sorry it didn't work out. Better luck next time? ",1
"Still cloudy out, but I got a lot done at work   Going home now, I'm hungry.",1
"@AddieBef Lol  I was wrong then ahah, you were supposed to wrap it up in that nasty goo thing.",0
"@anrre, que poco twitteas ",1
@WeeShannon THE FIRST GUESS WAS RIITTEEEE ,1
@Lady_Twitster have you put all your friends into different categories? favourites etc!! ,1
i'm so boredd! listening to music alone ,0
1 HOUR..until i go to work. oh fun.  I dont wanna go.,0
@officialnjonas: I don't have Disney Channel  I'm so sad...,0
Supernatural was good as  Loved it.,1
"@Yazz_xD hehe yeah, its not the whole song though  x",0
Watching hairspray with gma. ,1
@Shadez @Asfaq @artagnon @wanderblah ohh i so much missed this 1... had lot of work ,0
@chamillionaire Wish I could go. Gotta work. ,0
& the bf of course ,1
@TheFrenchNomad BTW that is a sweet a$$ lens man!! I miss it so much after giving it back to my dad  I don't have 1800$ to my name to buy!,0
is home from school early ,1
super sick bleh doesnt feel like im gonna get better any time soon ,0
@kyleduke I for one am sad  I've watch pretty much every episode since it's come out,0
"@RachelMcAdams_ you know we expect a photo of the finished masterpiece, right?    although i may eat my computer at that point... ",1
I wanna crawl under a rock and stay there ,0
@Zounja ka son! aku disuruh tidur kmrn. i was waiting for ur reply for several minutes but theres no answer  HAHA bikin rendang susah!,0
"I'm very confused right now :S 'bout several things :S and feeling a little bit sad, i don't know why :S ",0
@emmaawatsonn is my gorgeous friends  she showed me all the pictures of her photoshoots and such. BEAUTIFUL ,1
shower shower ,1
lmao I can't believe @mr_gl just did a table top strip show for me & @lady_leo510!!! lmfao (we were too broke to tip sorry) ,0
Watching House durring lunch at work- don't want to go back ,0
Thanks 4 #followfriday  @Pamela_Jones: ! @Themelis_Cuiper @denyseduhaime @QueensOnly ,1
@davetran that made me feel a whole lot better ,1
@sc_mu  tnxs Scotty. just 4 hrs in london  .Konami sucks.luckily you flight! I'd never been able 2catch a flight 2 be & come back in 6hrs!,0
@fran_yeah e esse fórum aí é bom? i do miss PL.  aushaushuas,0
@chicalibre DOH slocama = tomorrow?  i'll be in cupertino for the day  oh well next month!,0
"@pradeepto I am trying to download updated OpenOffice 3.x for Fedora/Linux on my Core2 Duo, 2 GB RAM, 160 GB Thinkpad, over a 1 mbps link ",0
watched the last episode of the game! i wish it wasnt canceled tho ,0
Hmm for some reason I am obnoxiously motivated & happy for a Monday? I like it ,1
Dropped the ball on Blink 182 in T.O tickets ,0
brrr cold today weather ism't everything. Weather was nice yesterday nice and sunny now too much clouds ,0
"Event Search on ABC: SA, All Region, All Categories, Family, In the Future.... No results could be found to match your criteria. ",0
"hey, where'd my background go???? I uploaded new one and not visible now ",0
I wanna go home ,0
@Mark_Sanchez Neat!  Am hearing about his visit to NYC on the news in Boston area now!   Becky (@Smee81),1
"Just got home from erie, had a wonderful time, and am seriously looking forward to not going to work for the next 3 months... ",1
"@djsteen Yeah, it's called a brain.  (ducks and runs)",1
@adamagee & @jordanmesser hmm...good q...maybe write something focused around ya'lls fav bible verses. but anything by you 2 is amazing ,1
"@GlamourFrog I can't do his toes, he's wrapped up too well in the quilt. ",0
Please tell your friends to follow @peterfacinelli and if you haven't done so yet follow him as well  thanks.,1
@lucylemon thank you so much for the rt ,1
"Well, that plan didn't work out: That was only a ten minute shower.  i have a feeling that i will be doing some ""anxious cleaning"".",0
aw shit. I double tweeted. ,0
Just watched mcfly!! on T4 ..  am now watching wolverine origins T4 special HUGH JACKMAN! sadness haha,1
@OneJon85 - gross. ,0
"quality sunday with family, life's good ",1
Figuring out what else to do... Sunday! Chillin' ,1
@chantelleeeee OMG !!! R u serious x U r gonna hav soo much fun x ,1
"@ruch I agree! Jack Nicholson's One Flew Over The Cuckoo�s Nest is a classic. And Salman-Kareena's Kyun Ki is the ""shameless"" remake! ",1
this punchout banner im workin on is turning out great so far ,1
"Doing Art stuff, it's not even drawing it's just writing up stuff! ",0
I saw @paigejavier at Mary Grace! ,1
Was doing well with the recovery from my surgery. But after the shower I took the pain is bad. ,0
@thetruthwillout I can't follow you because you have a NOT SAFE FOR WORK avatar. ,0
"@sdmcbee I saw the mohawk dude crying too, sissy. And UFC fighters cannot play tennis either ",1
Cullen brought home an art project.  I'm really diggin' it.   http://yfrog.com/5d8xmj,1
@ddlovato Wish i could!  All the way in Australia. ,0
@adamwc Sounds good to me!  I'll see you then...,1
Bom dia twitters ,1
Wow I need to go see a chiropractor..my back hurts so bad..maybe tyler can help*wink wink* haha..but I get to see momma today  finally,1
gud bye laptop!! damn!!my mom will confiscate my laptop on june 23!!( soo saadd!!,0
http://twitpic.com/6txqq - the painting has begun......yeah!  not my favorite hobby....,0
"off shopping, mum's treating me yass for Primark ",1
"!@markuss ah, right  well, you guys definitely have an awesome xoco culture. fantastic!",1
"@sthrnfairytale works a lot like tweetdeck, columns etc. Colors are better too. ",1
@ILUVNKOTB Cool! You had a way better Saturday than me. I drank until I made an ass out of myself in front of my family... ,0
Days off seem so much better when your actually in work ,0
I do not like the Cone of Shame. ,0
@XanDH ga on the hat.  We been takin under geared ppl to Hc uld though as the first boss is easy. ,0
cant pay my bills cause all my moneys spent ,0
Needs a function room in the Center of Newcastle   why is all the dates I want booked,0
Traffic as usual... ,0
"God, i feel like getting on stickam, but no-ones on. ",0
FOUND MY PERFECT WEDDING DRESS TODAY. LOOK LIKE A TOTAL PRINCESS IN IT  OUT AND ABOUT NOW,1
looks like no one wants to join my party  I promise to listen and won't feather my nest with tax payers money ,0
I wanna go home! ,0
@chitagirl god damn you Chita! I would have pushed miley so hard and ran for Hugh Jackman. ,0
Band did very melodic dark metal cover of 'The Rainbow Connection'. Awesome. ,1
whew! long day-just got back from son's high school grad ceremony and party. exhausted but good day. God blessed him. ,1
congratulations @patgeee for being MVP / mythical 5 / champion  so proud of you!!!!,1
@sea_holly best I've ever had for sure.  I can't wait to go back.  I wish there was one close to me ,0
still bitter about the cavs loss....but the hills cheer'd me up ,1
@AshyJonas yeahh i know! well i didnt find the other part ,0
im with my grandma and my dogs   http://twitpic.com/6t1ip,1
@DooneyStudio me and the remaining web developer have plans to keep the company afloat ,1
@WendyGYoung Wendy!  Happy Happy Birthday!  Hope it is absolutely fantastico!  ,1
@addictedtoNkotb hey sis. Glad to hear u r much more cheerful. ,1
"@shelikespurple Hmm, that's kind of the same hand. ",1
My prediction was correct...Feeling pretty awefull right now ,0
lazy to do my hair this morning. i'll do it at work ,1
@MrPeterAndre my husband and I love u Pete are thoughts and prayers are with you ,1
"Can't decide what I want and I am all out of bread, so I'm skipping breakfast. Bad idea. ",0
"is going to Guildford and then Woking in a bit just to finish my prom shopping, and I've probably spent too much anyway! ",0
I would LOVE to find a computer and/or a phone that could keep up with me! That's all I want!  ,0
is excited for Short Stack's Decmeber tour! And is watching a movie ,1
"@JaaviGomez u should go, take a risk and u may find something bigger&better   (no idea what ur talking abouttt but pete&me love yaaa)",1
@jamiepotter A classic stone cottage in the middle of nowhere with veg gardensolar panels&a media server you can access from every room ,1
Sprinkles may not make everything better but they do make me smile ,1
"i may be 23, but thunderstorms still scare me!!! ",0
@olafsearson Im good ta -damn thats an early start you have there lol. I am just about to head off to work!  has to be done tho xx,0
"@Tamtara its taken me ages to actually get it done, if i wasnt such an airhead i culd ahve finished it ages ago! i miss u tooo ",0
"hey everyone wanted to stop in to say good morning, again I have to be at work really early eatting and then on my way out ",1
p.s watch my dance live tonight at 7 at victorychurch.tv ,1
@MzNitra THERE YOU ARE! I was soooo extremely bored w/o you ,0
"@mc_orion aw well, same here mate.. it even hit the surrounding areas but not us ",0
@pcdmelodyt http://bit.ly/INT9b    Watcha think about that Melodyyy ?  ♥,1
I must learn ,0
@beccaRAR they still sell poptarts? I haven't had one in AGES! I'm craving now ,0
@cullenbell hey i am back sorry ,0
"@therainisfallen firstly, shut up. you're amazing. secondly, how AKWARD was sat night? poor salbal ",0
My head is sprouting nubbies LOL I haven't shaved my bollah head in 3 days grrr I'm starting 2 hate it ,0
@DottiBoinksalot Rosemary Balsamic Chicken.  It's ready - come on over!  ,1
zac efron has better eyebrows than I do ,0
cayden boyd is absolutely gorgeous...  NEW CELEB OBSESSION!!!! ))),1
This summer I want to work in a coffee shop. I think that would be wonderful.  http://tumblr.com/xwy220abf,1
"tomorrow is the big day! do you know why?  be safe, not sorry  http://tinyurl.com/c437jf",1
@KateUNE Thanks ,1
@ria12k4 thanzz  ,1
@Pattib0i that shit is so valley girl ,1
"Should I im brian, or shouldn't I? God so indecisive. His SO hates me. ",0
@jamesmachan haha kk sucks without my boys ,0
"@feblub I don't know about everyone else, but I am good ",1
Blaaah I'm so jealous I want the Xenon ,0
I have a pet butterfly hanging out in my room. his name is Philbert ,1
@NilajaKai I just feel like puking! Idk why tho  but at least I'm not at work anymore ,0
cant say im happy im going to school soon cause teachers awful. and no cinema bizarre 4 me ,0
Tonight Show with Conan O'Brien. ,1
@suzeannasaurus I know! I never see you! ,0
La im officially addicted to twitter!!!!!!!! ,1
"Need my brain to shut off.  Also, I miss TWoP of 2006.  ",0
@steveluong ditto ,0
AP: Gunfire at Iranian rally kills one ,0
"I have found a treasure trove of stuff under my bed room sofa, including socks, money, more socks and my CAPO! ",1
i think Tuesdays are bearable now. i can breathe already ,1
Your a jerkk   damm who ever knew jerking was so fun?,1
@ddlovato is the prettiest guurrrl out!!! wish i could be as gawgus as she is!!1 ,0
@courtneyhyder Do you have a dog?  ,1
Watching some movie and playin on my computer. ,1
@RapCoalition Hi Wendy! Hope all is well ,1
wna play acoustic but bust my high E string yesterday ,0
@celdee they're making my cabinet their home ,0
"mum, where r u? your beloved children r hungry and starving at home  @superfluidstate",0
"@Benin Ha, I feel you on the spoilers front. U aren't part of the 90% of ATL that doesn't show up 4 games, r u? ",1
"@djdeliver tell me about it... I always eat a meatless breakfast @ ihop, waffle house, dennys  no turkey or chicken sausage",0
"http://twitpic.com/84xqa - online journalism today. So true, it hurts ",0
out to eat with my family and husband. ,1
ab gehts drehen! i hate remake ,0
@josianna have you been talking to my ex ,0
i.am.so.tired. i shouldn't have stayed up for that silly short french open finals. bluegggh. now i.am.gonna suffer the whole day ,0
"I miss @misstake_13 too, but the gym still sucks when she's here or not  love you brittany!",0
Dave looks so cute in the dark ,1
TTYL! I feel like playing with my dog. ,1
happy Mother's Day to all the moms out there ,1
@BigEish I tried to get a phone tonight but I guess I'll try again tomorrow ,0
@ddlovato album is coming out on my birthday...im not sure how i feel about that...dont really wanna share my day ,0
@Moni7dSHEGETDOE thats because i'm the only one that understands you  ,1
my boyf wants to charge me for the internet ,0
heh beach boys on radio1! ,1
Hurrah! Status update sync across multiple Social Network accounts! ,1
@rogersmcgazza Can empathise - my little girl had her 3rd set of imms this afternoon ,0
weather in Cochrane for Saturday is 90% chance of rain/snow mix with a high of 7... I just hope the roads stay ok...,0
Have to trash all the carpet that was put in 1.5 years ago ,0
Work experience was good. Free coffees and hot chocolates! ,1
@raffale are you in Seattle tomorrow?  If so let me know and I will book you an appointment with Lancer ,1
@DukeDumont Mind over muscle ,1
Glad back to my twitter ,1
"So, got my netbook (it's TINY and AWESOME) - but ofc, I forgot I would need to charge the battery before it can be played with ",0
@babygirlparis  Well said Paris!! All the best to you ,1
@molliesunshine Yeah I'm loving it! After the kidney fiasco I changed my tune a bit lol ,1
grrrr... im not goin shoppin  x,0
@Creans leuke site ,1
@chrishalluk yeah im sure... im still super exhausted tho.. n I gotta work in the am ,0
"i am not going to cape town this year. a bit sad, but that's fine. ",0
Going to eat a birthday dinner with her friends then party! Woo!!! I wish I was in Dallas though. ,0
@niquejonas yay hokio hotel lactic acid whoo no way ha poor justi. u have no life mall cop=great movie. i wanna see HS too  well c ya soon,0
I want to move now...I hate waiting...I can't be patient. ,0
@ebassman Can I get a hug on June 18th at Mohegan Sun?  my friend and I will be wearing these shirts: http://www.twitpic.com/6s8mt <3,1
@sageeb we'll all support you from the tweetup  good luck #RADVISION #3 #fb,1
"loving saturdays?! the only problem is, they have to end... ",0
Yay  totally gonna love next week got it all planned out with @tatix3jonasduh gonna meet my two idols,1
@brendonuriesays DONT CATCH SWINE FLU!  just sayin. btw lots of people will be devastated incase you didnt know.,1
am SOOO jelouse of all the people goin to see the Jonas Brothers in 13 days at wembely ,0
"@rishh i know, its just something thats puzzled me a bit, lol. Hows your study going? gl on your exams bb ",1
At the office. This causes frown face.   ,0
Work tomorrow  I'm thinking abt cleaning out my closet tomorrow�out w the old! I wonder if @kyddange wants to help?,0
enjoying the sunday night line up on fox ,1
@digitalps Canon is dominating the 'Most popular cameras' list on Dpreview and 'Popular cameras on Flickr' . And that's from a Nikonian ,0
come on... drop by 1  95. blogratings.com,0
"@adyota @donasyafrina @audreyzefangya @bening @lollygloria mumpun gue di jkt, cmon let's hv sum photo hunt togetherrrr ",1
"@PatricAllen wow! i got the confirmation already. You rock. ""bounce!bounce!shine!"" ",1
@julianmuerto thank you! ,1
"greek, jamaican ",1
@lancearmstrong You're more adict than me with the iPhone on my bike ) - suggesting Trek to build Madone with Blackberry? ,1
Going for my first swim in months. How many laps will I do? I'm thinking 10 tops ,0
wallhanging project: some new progress - embroidery finished  http://bit.ly/qlxyU,1
"@Reinaluna awwww well i don't think a new job will cheer you up all that much, unless you're unemployed ",0
@bigyahu No! not sure whether to be relieved or offended!  Have a gr8 wkend,1
@mojosanjay Shucks. Get well soon. I'm under the weather even without being ill. Burned out to bits ,1
"Where the hell did my picture go to? I uploaded it and whaaaaaaa, its vanished.. Hmm... Lovely weather today ",1
http://twitpic.com/5eyzw - Wailua falls...do i have to leave tomorrow? ,0
Awwww thats kewl but when will it be my ture #squarespace    #####ssssqqqquuuuuaaarrrreeeeesssssppppppaaaaacccccceeeee,0
kinda looking forward to Big Brother tonight ,1
@joshgard yeah...I post my own pics to avoid stepping on other people's toes...thanks for the compliment ,1
"@mitchelmusso OMG I finished from see your video ""Hey"" is amazing  is very funny!!! I like it so much!!!!!! ",1
@JayJayLive haha...funny funny. my job..hmm..has its ups and downs..but overall I do enjoy it  I am an events & campaigns co-ordinator ,1
"I'm hungry now. But I won't rice, I'm craving for soto ayam  ",0
@green_eyedboi I'm here stuck at training for work with pains in my appendix  lol,1
Ana wil be 13 when the new WTA rankings come out. ,0
@sangitashres ok.. i need to by it then ,0
"@colezz hahaa, im looking forward to the end of exams so i can watch tv again without feeling bad  but lol, i guess i should read too :S",1
I'm so bored tonight ,0
Got her hair cut! No more ponytails!! ,1
"@chewysun you'll be proud, i'm keeping up! latest chapter of IPHRL now reviewed by ME  ?",1
OMG I have to get a whooping cough booster shot... :'( I hate needles! ,0
Watching a spider wing its web around a firefly in its web. The firefly is blinking its last blinks. Sad. ,0
@jessicfor Saw your tweet and had to open iTunes and listen  I love that movie!,1
"listening to ""we all know"" by short stack  ",1
"@wethedan I'm pulling an allnighter, I'll set my alarm for 12 to have a a minutes dance. ",1
@fancypance I am so mad at myself for falling asleep before it started...  I had been looking forward to it all week!!,0
@ranajune Glad to hear you weren't back visiting for the day.  Sad stuff.  ,0
@loopsnhoops Haha actually I was running some errands around Orchard ... just random snapping ,1
Nobody's following me...  I'm sad,0
@lopps_1999 Just eat bacon and drink vodka - why do you have to mix the two? ,1
"@furious__rose What are you doing today?  Uber cleaning?  I'm depressed, its cloudy and I have no interesting plans ",0
"@MatthewSison I love that song, man ",1
working 1 til 9  then going for a curry with the girlies .,0
@TheSims3 my sims 3 game run's slow ,0
I shouldn't have watched all that porn as a teenager   http://bit.ly/164Bgm #fb,0
@iheartrachael WHAT ARE YU SERIOUSE FUCK THEM!  gr!,0
"Champagne brunch with Dad at 10, then off to the beach.  This is going to be a good day ",1
@4BiddenPlastic Awwwww.... I Effing Love That Movie... Why U Watching It Alone ,0
Can't watch scary movies alone anymore ,0
@BritRick09 too late! I already won ,1
SWEET! Jeopardy just started!   ,1
@punchdouble just came out of my mid-year evaluation.  Everything is ALL GOOD!  ,1
@macNC40 I'll ask right now ,1
My 'donut fish' sandwich has been discontinued. ,0
Can I tell y'all a secret? I kinda miss LHCF. ,0
My profile picture won't show up..... I'm still not sleepy ,0
"Jenny and l are at a bar in Atlanta and they're doing karaoke.  Someone is singing Walk by Pantera.  l appreciate it, but it's ",0
"says oh i did not sleep well last night, woke up hugging my pillow  http://plurk.com/p/x5m2x",0
@NickHodge Bought the Repo Man soundtrack in the 80s - Pablo Picasso was never called an asshole ,1
"Once again, the burger king grants me with more chicken tenders than i ordered  ",1
just woke up...san diego might be a go...i should prob get serious about doing the stuff my parents said to do ,1
@rurunavira Whats that? ,1
@samflyfan where are you going to c them? ,1
@manuelchao il still be in crutches in September! ,0
I Want A Brew ,1
@lucy_lilly aww poor thing!! bad times  xx,0
"@reedsies haha, sure. I dont know who's worth following ",0
no one is signing up to come talk?  the lighting on this webcam sucks anyway...http://bit.ly/CZHD8,0
"Day 2 of the jackhammers working across the street.  Oh, joy! ",0
"@hank_honker Oops just picked up your message, busy with new i phone. Baltacha lost 1st set 5-7 after being 3-1 up. ",0
@blipfish Re: Current Jam. @foxvox you nerd ,1
@professor12 gray! .... i so feel neglected ,0
"@alexandrastack i like fantasy movies, bout fairytale, pricesses, or movies bout teenage life ",1
@sharpener Good number ,1
nobody ever replys to my tweets. lmaoo; i guess i must be borinng ,1
Morris/Carico rehersal went well. Sweet prayers to all my family and friends. And praying my yucky pleiricy goes away I don't feel good ,0
"@JamesAbb5 having to leave it  till the morn anyway, mum took so long complaining it got too late to do it",0
http://twitpic.com/7wovs - I miss the SEC walk. I miss Ateneo. I miss everything about college.  (Photo taken after batch pic taking),0
Tiredddd.  Went on a morning walk and !MAN! the sun just kills you! lol,0
@yyoyoma a pretty delicious sounding one  lol,1
@tommcfly : Hope you had fun guys.  now you know the european fans! ;D go on and visit Germany please. <3,1
Ps I look great tonight   http://twitpic.com/50s3v,1
"just returned from Leeds Met. fine art show, deffinitely a cast range of work, painting in particular was excellent ",1
@mishacollins OK it finally worked and I voted for you... ahem... and Jim ,1
It really does hun. I may not even get on the internet ,0
@yvonnert don't know  - I would suggest US$ -the site itself is registered in europe somewhere - but is not EU$ - so US$ would be my guess,0
@hanghazi my Aariz had fever. He's back to himself now. Ceria & chatty. Thanks ya   How is Matt's baby? Hope nuthin serious...,1
It is no longer 'early 2009'. I would like more Exes and Ohs please ,0
"@paulwallbaby I sure will, thank you 4hittin me back  I hope you digg my idea.btw I hope u changed ur album rel/party 4m spiros cme2Dallas",1
Good night...sleeping early today ,1
Its weekends like this one that I wish I was still a student...I don't wanna go wrk 2morrow if the weather is good ,0
is drinking Smirnoff Ice Green Apple Bite while munching on crunchy Cheetos ,1
checking out wht sherri has been up lol fun ,1
@Nachhi thank you for the soft support  u are always good to me ,1
@Luigi51896 Thats cool man! Sounds like fun!! ,1
"Cooking tea. Pizza, wedges and beans. Eating outside this evening, too nice to be indoors ",1
OK MY BEST FRIEND IS THE BESTEST EVER! I LOVE YOU MORE EVERYTHING MRS T ELLO UR AWESOME! I MISSED YOU SO MUCH ,0
"@billyraycyrus Hello, Do You Answare Fans? i have been told miley cyrus dont :/  bad for me   i rlly wanna chat her -.-",0
@nickjonas you were really great at the MMVA's.you inspire me so much and teach me lots of lessons.i wish you a good tour MyTicket=stolen ,0
@SMjosh lol he must have felt like one of those guys in Outbreak.  Glad to hear he's ok now tho ,1
Baby sitting my 3 year old brother who will not go to sleep ,0
"@lantarian Winter=June, July, August. Spring=September, October, November, Summer=December, January, February, Autumn=March, April, May. ",1
"4 days till paramore  know the new songs by heart. ""Ignorance is your new best friend"". #paramore",1
i H8T the dentis!! my teeth really hurt  i H8t braces,0
@alydenisof http://twitpic.com/4cz3s - Awww. Loving the new haircut. You and Felicia look like you're having a good time also. ,1
it's getting closer AND louder not enjoying this ,0
"If i were a boy,i will play soccer everyday. and if i were a girl, i will going shopping a day long. ",1
@Schofe Good morning Phillip.Starting to think you had overslept! ,1
@lcohen Latest Ctrl+Alt+Del Sims 3 comic is up  http://bit.ly/AOZ9k  Maybe that's what @bthomson should do when he comes home tomorrow!,1
seriously. best weekend ever. so sad i had to leave! ,0
R.I.P Kathleen Veronica Beard 1921-2000. ,0
@gaylondon I know.Everyone does need a superhero.This one is mine thou! ,1
"wow, you really had me fooled. SO FREAKING DONEEEEEEE ",0
My dog is sick. ,0
@AntonetteArco tell me about it. ,0
Got the new incubus CD ,1
"@Ms_SMooth @thatIheartDgirl Thx! Sorry u guys r working.  All I know is it's way too hot 2 be doing anything outside 2day. C, u okay?",0
"@BuzzEdition Hi Susan, please update me on the status of the logo? My DM's not working this morning ",0
@Jbaker82000 he is 36 and has a 10 yr okd daughter which he shares 50/50 custody ,1
@RobPattinson_  hey there! just wanted to say im a HUGE  fan! keep up the great work  xoxo,1
"@UltraBeast22 really im so surprised being that it is a bigger city!! shoot even ""SmallBany"" has job openings, smh sorry to hear that ",0
@t_isfortammy Sorry for the random attack on your character. Im a bit grumpy. No hot water at home today ,0
"@rodet yea  hanging out in Munich. 2night H-Moll-Messe  cheers, Gerrit",1
"@iFel My creative corner, like Joe's ",0
Done with haircuts... Home to kiss the boif and take a nap... Work at the 2nd job in about 45 til close. But life really is too good ,1
"My big girl just im'd me. She's in birmingham al, she says that She's at a dump trying to get something to eat. She's so uncomfortable ",0
How did i get stuck watchin over everything Smh Damn n im hungry  didn't have ne breakfast,0
@Rob_Hoffman yeah!  dodgers all the way,1
hating revision ,0
@AmazinglyMeInt hmm i was considering it. dunno what her prob is. overtired? one cheek is super red ,0
"@UppityBlack how did u watch the sounders over the weekend?  I don't get that channel, I have directv ",0
"@lilymoments girl i love you too. who is my bestie,huh? ",1
"@frogbot ..if your chicken, say your chicken.  ""We're Chicken!""  183 miles is a long trip to hunt and get a possible       Maybe, soon...",0
"@sygee  Until @twitter brings back our #EVERYONEbutton, access PT @ http://twitter.com/public_timeline or link in btm of Settings.  ",1
Keali`i Reichel - Mele A Ka Pu`uwai (part of song only)   ♫ http://blip.fm/~7jm88,0
@AdaPeck click the link on ecr's twitter. lots of nice places in thanet...but not qing  must do s/thing about that.,0
@ReneeDeLuca be prepared for little other than weather reports ,0
@Exoticbella_ lol I just read what I typed. I'm a little tipsy just got home from the clubl. ,1
Andy Samberg needs his own show. I wish Awesometown got picked up! ,0
this chair hurts my ass ,0
"@MoodMooks It is already, no? ",1
is not liking the online livebox right now. Internet is dead. ,0
"I just searched my brother's name on facebook, just to see what would come up. He came up. He had a facey and didn't want to be my friend ",0
@shawnjackett lol  no problem....that happens to me sometimes too!! ,1
feeling neglected ,0
I really sad.  The Gucci Spring/Summer sale starts today and I am broke.      www.gucci.com,0
You take so long to write back!!!  What on earth are you doing?   ,0
(@chriscuzzy) http://twitpic.com/6cnpq - Sun burn  Note to self. Wear sun cream when in sun.,0
@dexteraddict aw... If i were there i would give you super beeg hugs my friend. ,0
"Titan went to the babysitters today, for two week i dont get to see my pup ",0
@erinnxily It's 11:12 now ,0
Bootleg bus pass didn't work this time around ,0
I challenge YOU to have something really fun to talk about when I come back from dinner! ,1
"after the tonight show with Conan, time to look up E3 2009 ",1
picked up my wedding invitations today ,1
"@startingover09 Love that new avatar pix, Patti--beautiful!! ",1
@PatriciaSmiley I pulled up the last few minutes of the show. Works fine on my Linux laptop! It's SO nice to be able to grab the podcast! ,1
Sat at the studio for 2hrs yesterday having an intervetion with Billy and Ciara's band...I'm starting to understand guys now. ,1
@RICHARDnick oooooo heck no Richard ...once yU go black yU never go back ,1
ALWAYS take extra time to be rude & ask questions you already know the answers to. employees love that. it really makes their day ,1
"time to start planning my glastonbury rain outfit, already have a few boss ideas ",1
@grantrobin I did. But thank you anyway. ,1
daddy gee is annoyed I never got him a top ,0
Eating one of my biscuts that I made ,1
i reallyyyy want to pass add maths. please don't let me fail. please don't let me fail ,0
"@lesley_m_ OMG, I <3 you 4 life now!  I know you're bomb diggity at it too, so ULTIMATE SCORE!!!  ",1
Loading pics......WODNB in Toronto @ Circa nightclub>   Visit me on myspace  user name D&B Girl,1
feels useless! itching to live. ,0
"@toosweet4rnr about hope & LedZep. True, but they have now become legend & memory to those who got that to see them all live. Not me tho ",0
@ladyfeetz i did it ! yay !! this makes my brain hurt ,0
@xodrealovexo oh...I forgot to mention that I was looking for a new room mate for when I move in July ,1
@amyshell so do i ,1
"@ENews i LOVE The Jonas Brothers!, i'm going to see them in wembly on 15th June!  we get so excited when we hear their in England!",1
"@xo_mcflyandjb hah thanks, i bet you are confused ",1
"Oh, Spock... I wish you were the you that is comfortable with all facets of yourself. Seeing you troubled makes me sad... ",0
"Was great to get out for a walk, but a BIG mistake. My head is completely congested now  How can I NOT be out on a day like this???",0
@heresmyhello92 Alright...I'm out. Nighty Asia. TTYl ,1
debating the Taste of Forsyth activity.  Rain is predicted for all afternoon. ,0
@JLSOfficial I love you Marvin! We just bombarded the website and made sure you got as many votes as possible!! Have fun tomorrow  xx,1
"@TaceD Sat 4 over 2 hrs past my appointment time b4 getting seen  but a good start made, outline work @ the mo, at least another 3 visits",0
My crickets arrived! . Many are dead.   http://twitpic.com/7mozw,0
"@Glowpinkstah Thanks... Btw, you look cute in your pink star tank ",1
is out doing sales  i used to hate this but now im enjoying it  ,1
"@DENISE_RICHARDS been your number fans since ""starship troopers 1!  have a good day! ",1
"@daldisco great game, i have it on my iphone but it keeps crashing after  some time ",0
i hate that i dont have a computer i can only use my phone n sitting here 4 someone to reply  not cool,0
@MmmBaileys See ya later have fun! ,1
@Dog_Crazy I've been having to block the n a s t i e s last week for a couple of days - but so far this weekend I've been free of them. ,1
@Evoke I hope you found a green soy-based spray foam insulation product and/or SPF company ,1
i have three hours to do my hair. and it STILL won't be straight ,0
"Its taken me a while to get into it, but I'm really enjoying the new Fightstar album now. Cheeky drumming! ",1
@davehillman SORRY!!! LOL I've got a bit of a headache ,1
@gale_x What's wrong? ,0
I need something to do....I'm sooooooo bored ,0
Sleep is for the weak plus im not tired enough to pass out got up at 4pm yesterday so im good for another few hours  also missing the gf,1
Bumped into a hoodie-wearing @stuartgh on the way to the pics. He tried to mug me at blog-point but I lived to tweet again! ,1
...almost fforgot.... Twitter me bi-otch! (sounds dirty) ,1
@lulazoid Ta.  We had these regularly in Maastricht. I can't make it to this one because I'll be in Canada in June.,1
Rib-eye!!!!!!! I love my brothers ,1
@nikski i have so much footage like what he was talking about from when i was studying and pretty much a tomato freak - never used it ,0
is going away bye all ,1
"I've never seen an editor that could even come *close* to the awesomeness of ""e"" (http://e-texteditor.com). A pity I'm on OSX ",0
@leannenufc PS: I tried 2 listen 2 Mariah on my phone last nite but it wouldn't work  Will do as soon as I'm back on my laptop. Can't wait,0
@Iblduafollowing Thanks for the mention ,1
"im going to the cinema today, watching a turkish movie  Oh noo scool starts tomorrow =(",1
@paultelner I bet it was did you by chance get it on film? the best moments are always missed heh ,1
Is the biggest hobo of all time ,0
"@DP_Daily He played like 5 songs... but he was the best, by far. ",1
Thank you for the love back ,1
@strawberrycola to bad i forgot it ,0
@kirstiealley Depression is not a fun thing is it? ,0
@yellowcrayola thank you! ,1
I KNEW I SHOULD'VE BOUGHT TICKETS TO YESTERDAY'S CUBS GAME.    Epic fail on my part.,0
I'm taking a field trip to go put putting!  My school is better than yours,1
@parkavepirate Chris Pine (Captain Kirk) ,1
@heidimontag my friend and i keep arguing over if the Hills scripted or reality?? i looveee the show but i was jw so i can tell her!  xo,1
"hmmm Fig had a bit of a moment and regressed he cowered to the ""here"" command  he is getting less traumatized though, just takes time.",0
@MPWastingMorn would be the best beer getter ever.    I <3 beer.,1
#iremember when my old laptop used to work well so I COULD talk 'til the early weekend mornings on MSN with @phoebegeorgina & @AnnabelHOE ,0
I love my Zwinky. She's so cute. I'm so fascinated ,1
@angelk oh and i saw birbigs do his off-broadway show when i was in nyc last week.. funny stuff!  got a souvenir that you and E can share ,1
grandparents house todayy. maybe more GH:WT 2v2s with witwix. we're 44-0. no one can beat us ,1
"Diversity were amazing, but I am sad Susan Boyle didn't win it - not sure why BGT ",0
@pantherpaws02 sad panda  i just woke up. see you in like 30 min!,0
@aniskywalker I've been a fan since the first album and heard such great reviews of their concerts. Hopefully I'll get the chance again.. ,0
@AmyElizabeth26 Jealousy ,0
"@JustinTodd Dude, that twitpic is so stupid ",1
Yah georgia. Thats what im talking about. ,1
"Oh-em-gee!!Just finished reading ""My sisters keeper"" & is beyond sadd!!!  and now everything makes sense!! Can't wait to see the movie!",0
Going to woodland hills  gna swim and drink. Makin the best of a good day. Yee,1
waiting for TNT factor tommorow ,1
is about to start Gore Marathon Part 3  http://plurk.com/p/yst8v,1
"all live, time - work, when time for love, friends meeting party or hreat hardcore concerts ",0
@floraisadora I'm on my way over.  ,1
@jonasbrothers http://twitpic.com/5j3uq - Joe i love your sandals xD you look so cute and funny  Thankz for coming to peru!!!,1
I'm so bored I guess I'll go up here and get ready for bed  so not the move. It's on tomorrow!!!,0
"Bank holiday Monday today. An extended weekend, just so happens I like working early weekends ",1
"seriously, I should not be this tired. I need deep sleep, not this pissy tossing and turning  moan moan moan!",0
@Lauren_lolly_ lol! I couldn't keep up! Thought there was at least 4 ,1
@NYsFeDDiBuiLDeR Now you're here! Forever!!  - Kimberly,1
"Great news, I'm sure there will be more good news soon  ...I ""copied"" your tonyrobbins contact and now I am following him too",1
@TracyAnn_W Thanks my sweet!! slowly but surely....being more active and healthy!! ,1
I am overwhelmed today  taking a moment to eat and pray!!!!,0
Weather have made us go and touch hell! What a crap! Cant even work properly! AC too is not able to control the situations ! ,0
@ImInLoveWithMJ lol I can't stick to one icon  but I'm trying to keep this icon and background for at least 2 weeks LOL,0
"I'll let you stay with me if you surrender. So, PLEASE, surrender ",1
Hanging out at caitlynns.  bored!,1
@tushsharma  can't give u tickets but could share pictures and info when it happen,1
Is on his way back to sheffield ,1
"I have used 2 PC's today. 1 is my laptop at home, the other is a desktop PC at work. Both have broke ",0
@sebattical ouch! Have a listen to spiritualized 'songs in a & e' to calm yr nerves ,1
"Is Trying to put my Picture on Twitter, and i can't there is always a Problem ",0
"@nagayalk damn 6 times faster than US,   http://www.speedtest.net/result/499148769.png",0
Yet another late night with way too little sleep. ,0
Omg I have to stop doing these 1200 nights I'm dyin here and coffee not workin ,0
Just got back from WW  too much buffet and red meat this week got some work to do this week!!,0
"@littlebitlil I forgots, help me with your vid, lol! I dnnoe what clips to do to the lyrics ",0
@Josie_McFly aw thanks  I do ^^,1
@seogus not but you cant go wrong with Ritchie Blackmore and Rainbow ,1
I missed BB tonight ,0
@kikixkeelax LOVE YOUR PICTURE ,1
Playing Saints 2 in co-op ,1
"@wensies lol... i see your point, but food is something you just dont mess around with. I LOVE food ",1
Cougars game called due to weather.  No baseball tonight.  ,0
@KoalaLynny but I dont want to share my your heart with anyone!  You are my sissy..,1
ohh s**t... drop by 1  73. kcbtours.com,0
lady gaga has a donkey dick... http://tinyurl.com/cuel3t  and i want to suck on it ,1
"coursework/revision today me thinks  hmm,, maybe go out later , football sounds gurd ;D     ",0
@cal_el_uk tell me about it. I wanna go back to bed - curse you for making me get up ,0
@ImUrFavoriteGrl I'm soo excited! @FliBoogie365 Get Ready.. New & Improved CuZoS will be partying for the 1st time. ,1
@Dannymcfly Hey Danny  whereabouts in Uganda did you guys go? Im going in July and was wondering if its the same place  please reply! xx,1
@iFod Boa tarde ,1
@krissheppard it just can't be said any sweeter than that. ,1
i really miss pushing daisies  how dare they cancel it! what bums.,0
@jayboduke Dude I really cant afford it. I am pretty gutted mate ,0
"@ramaro17  i am so upset,sad and pissed! Can u believe that?",0
Missing the shotgun match because I was guilted into going to the store with the wife. ,0
Sighs. Work is so uneventful  - http://tweet.sg,0
Parts of Airfrance 447 found near the coast of Senegal.,0
Anybody know a secret voodoo trick to rid poison ivy?? Apparently nothing in stores or the Hospital can help me.... ,0
is going to russell peters tomorrow!! yaaay ,1
@GodivaGirlCov let me know if you here anything ,1
"Sometimes... i just feel like a ghost, i honistly don't think anyone know's i'm alive, i think people just walk right through me... ",0
@justhitstatic <3333333 noted and noted!  this is going to be fun!,1
My gpa just got some choco/peanut butter fudge and its very good ,1
"@ChristineMoo94 omg! thats a bummer!  and i'm sure they are nice! also, me you and hollie don't dance anyway cos we arn't in it. ;)",0
@VanceStudios I could easily be a crazy cat lady but the better half  won't have it ,1
@andriavega i don't hate you. Nor am i mad. You already know how i am when i wake up. I'm just glad you guys are okay. ,1
@Mimi_JG ohhh  hope they weren't too hard on ya ... i alwys thought they lke to wait for U to get comfy B4 they bombard U wth work!!,0
@DMFoto Haha luckily im not burnt now. Im more tanned! dont think u will burn today tho..its getting dullish. ,0
@CateP36 I have to admit I can be directed to do a lot of things with a #timtam or 2. ,1
"@shadowhelm Don't mess with the bull my friend, you just might get the horns. ",1
It's not about walking to work in the rain ,0
@mega_zoi  Hello to you too  from NB Frankfurt ,1
"@jbarks Hey joshua, we'll be emailing you directly  Thanks!",1
@Shontelle_Layne Ooh ooh. Purple's cool. Or maybe blue. ,1
Three martini playdate! Looks excellent. ,1
"Denverrrr. Long walk to my gate, but I only used the escalater once! Now it's time to om nom on my lee's sandwich ",1
no lake today.  how sad. graduation tomorrow... picking out paint colors on Monday!!! ,1
@DiiLee hate paper work ..  alla e3eeenich 7abooba ,1
@nikkidreams Sorry I never made it down there.  Ended up stuck at home without a car ,0
@InsideGaming K thanks. ,1
14 hours until i see Adam again. Haven't seen him all week ,0
my revision is taking over my entire life  booooo,0
@putmynamehere aww! that's so cute.  my other crush too. my cousin's thought he's my bf! coz his my partner on our prom. and were very ...,1
@ncm lol that last tweet about Agile sounded like a Viz top tip ,1
I found out my youth centre's been broken into. All 4 macs recording equipment & HDTV gone :o ,0
"After reading those messages, I'm feeling rather mischievous. Excellent. YOUTUBE: Uh oh. TONY: You know it. YOUTUBE: We'll ban you. TONY: ",0
Damn he has a girl friend. ,0
90210 is the bomb  i looove this show ,1
"@ThePaulDaniels my aunt Mary Perkins used to take your wife to school - Mary, her husband Ron and son Dean were neighbours of the McGees ",1
"If you are wondering, we have only received the presentation materials/links from 9 of the 23 speakers.  #DoDNN",0
is tired. Still. But the charity show was good fun  And we raised about �700 for Help for Heroes.,1
@chillybreck OMG that's a long day  Will wave to you later as I take son to cinema. Will stop off & stock up (cinema way too expensive),0
"tlc plays some good documentaries.. like, those abnormally strange ones. Tree man, tallest children, etc. ",1
"@FionaGratzer  bone dry! I barely escaped it,it was just beginning to drizzle on me.fab start to a 'summer' eh!",1
Anyone else want to see Paris 36 tonight @filmstreams with @nerdytwerd and me? It's at 6:45 and free for students. ,1
@ninjapixie83 i didn't make it either. ,0
on the laptop for a bit...video later today  does anybody else think when it rains god is pissing on us?,1
Is wondering how many minutes of my life I spend waiting for the Outlook BLOATWARE..... ,0
"Had smoked salmon & rocket penne for dinner, unfortunately didn't taste as good as it sounds ",0
last day in firenzeee ,0
@elenaaaaaaa oh thanks ,0
@sabrinablanks It does. Its still not working  I'm gonna call the company,0
Less than 7 hours until take-off. All-nighters aren't as fun when you were already dragging from from earlier in the day. ,0
Woah! I never REALLY miss people but i totally miss my favourites and my big sister!  hmmf! Nothing can bring to my face. Rave tonight ;),0
and came back when I moved all my stuff back inside ,0
@spindeezy Oh I remember U shouting it out on the Rosie O'Donell show (U know how long ago that was). LOL ,1
@broski499  it takes a lot of skill and patience. ,1
"@zacwhite I'd pay $50 for HD picture and sound out. It's overpriced and includes something you don't need, but ugh Std Def ",0
got the flip flops off showing off the FRESH champagne pedure ,1
no trip to nyc for jak.  but we'll see when the beach trip lands now. stay tuned for schedule updates.,0
I think I wanna get the sims 3. I'm a big sucker for video games. I want them all! ,1
Going to bed starving like the children in Rwanda ,0
"@KDX125 most def....I'm on the couch gettin ready to ""on demand"" a movie and had pizza delivered earlier...the best rainy Fri plan ",1
@AntGotSteeZ its so gross lol i hate any kind of asian food.  im the only one who doesnt eat sushi ,0
@janemoo nothing.... ,0
is a member of PET and had a good day ,1
Dont forget that Saturday is #underapound day  http://140characters.co.uk/,1
@MCRsavedmylife Im not Okay jk Im OK thxs and how did ur day hun??? ,1
@lauraily  Thats not good to hear. Got nothing to cheer urself up with/others to cheer u up?,0
"@devinewilliam haha i just want to live in melbourne, not study there. noo i didn't even get myself any krispy kremes ",0
@jvuuuzy I told you hop on that leaaan ,1
Watching Ramsay's Kitchen Nightmares now  Ew cockroaches |:,1
@hot4dannywood  that is terrible! What if u take 3-4 benedryl?  NyQuill is good 2!,0
M1 finally over ,1
last show tonight! sadness ,0
has just cut the grass in preparation for a wet week-end ,0
Very sad that I cannot join in on all the Wizard World festivities ,0
My mom maybe getting me a new phone !! Bt she's stil considering . ,0
@carrie2th9 nope nt a thing  my life is soo boring sumtimes lol wat bout u?,0
@BrookerHooker hello?! Whole foods! I practically LIVE there... In fact I'm on my way to get a snacky poo right now ,1
I been out all night  and I have to work today.... But not untill 2PM foo...,1
@Bettyispretty yes this sat night LOL woohoo ,1
is wondering why @tommcfly @dougiemcfly @dannymcfly @mcflyharry and @mcflymusic are not replying to my tweets! ,0
"Great! #mrTweet has added a ""lastupdate"" field! Finally ",1
Now I am trying to delete popeater and having no luck ,0
"am i the only one annoyed by the deluge of fathers day advertisements? its like they are rubbing it in, not all of us still have dads ",0
@MSHYMAINTENANCE smh@u u aint show me no luv on friday ,0
"@mindicherry If anyone ever asks my opinion on attendees, I'll keep you in mind ",1
@NathanFillion ... all donate $10 to KNTR and ask for your recommendation for our first book. Wanna raise some money for a good cause? ,1
had a thoroughly enjoyable night lastnight ,1
my head ,0
Feels like passing the funk out. Ugh  Taking back sunday was Fucking awesome though!,0
this light is lame taking forever to turn green ,0
Flamenco tonight as Riccardo shuts the bull down at Cuerno.  #atlanta #atl,0
"@xomalese i'm watching the episode of icarly that you're in, you amazing person you ",1
Currently running OS 3.0. It certainly was not a straight-forward update. Many little issues cropping up post-installation too ,0
@mileycyrus please reply me miley plzzzz plzzzzz plzzz i beg you plzzz ,0
I learnt how to do a breakdance move  wooo,1
Got three more days of work in a row! But I luv it ,1
"away for a shooooer, be ten minutes then for a smokeandapancake.  HAHAHAHAHAHAHA",1
@bcullenhawkins welcome to the club ,0
@Bing great picture on www.bing.com today --- I know I am late ,1
No Rafa  Summer officially over. Wedding tomorrow - fully accessorised in coral.,0
Loving the weather! Sunburn hurts though ,0
"""Updating Maven Dependencies"" I know this is a good thing, but would be better if it happened when I was asleep ",0
@dana_burgess because they like your goods ,1
Last day at the beautiful beach ,0
"@TheAnand There's one on the 20th in Mumbai. I should be there for that, hopefully ",1
I am now using TweetDeck application  Check it out ! http://bit.ly/qNsoH,1
missed uncle bryn in the audience lastnight! ,0
Now they're playing a Beatles medley and it's making me miss my Dad ,0
My throat Is swollen sux u guys ,0
would wish @lorraineleong a happy mothers day...but she isnt following me on twitter  i'm only following her....i feel the love,0
have finished tiling image for an easter egg version of my web site - havent yet finished the damned main site. Priorities fail. ,0
"hell you lot tweet0a lot at the weekend, i cant scroll back that for on the mob so i will have to lose out ",0
@JonesBeach_1988 I wish I could be home still in my pj's ,0
"Bought some Glowsticks (50)...  I'll bring 20 to the next Party and whatever, if it Kandi, I'll Likwid!  PLUR!  ",1
big shut out to @Tashaco!  Welcome aboard girl!,1
OH NOO! i just pulled my soaking wet i pod out of the washer   ,0
"@Bass_ wine, women and song. You're a lucky man! ",1
@noraaah haha really? oh thats cool lol..knowing the owners part. Yeah the ice is pretty ..like..gay it was all puddles and chipped ,0
"have a terribly sore throat this morning, wish I could hide under my duvet all day ",0
Thank you all for the followlove you've been showing today. I am greatly humbled! ,1
@Warmnfuzzy  that is beautiful... you always make such wonderful things ,1
"@m_mekin One liners are very powerful, twitter is a prime example ",1
@HootyMcBoon I'll take that as a compliment ,1
Fuck! I wanna get the iphone update!!! But I'm stock at work till 9 pm!  anyone updated yet?,0
cant wait for the laker game 2day!!!!!!!! R U CHEERING 4 THE LAKERS ,1
@DanHawes sounds exciting! Have just sent you an email ,1
@MsTobin2U tiffff.. call me. ,0
website will not be out soon ,0
@charlietm I know right. I dunno what is going on with twitter. ,0
Links to both things & quiz info as well as info & free tutorials relating to Twitter can all be accessed via http://linnetwoods.com/ ,1
"@yidl Totally! Soup is my main winter food, next to roasts ",1
On my way to niagara falls  haha its gonna be great!,1
tipsy in annecy after finding a reggae dub bar ,1
"@andreatrasatti at this point, I guess I would be glad to see BCN airport at all... I think this was the last plane to BCN from MRS today ",0
@Mikemo327  everyone is going to be there wowzersss ,0
its raining ,0
It's so hot/humid here. Heat index was 101 yesterday.  ,0
Playing basketball with Ry ,1
@hughsbeautiful Did I ever tell you that I love your lj. If not I'm telling you now. ,1
"speaking of rihanna has anyone seen her in kanyes new video, its friggen awsome ",1
well my mood just crashed and burned.. >.< i guess i should've seen this coming. the pattern continues.. ,0
"@cArtPhotography No, send me a link!  I'll scope all your pics.  ",1
@shipperspeak No way! That's horrible! Hope it improves soon ,0
"""First we was chillin, now catchin feelins."" ",1
"@lizardamos that's actually the only reason I agreed to do it.  lol.  Also, we get tips!  Woohoo!  ",1
@muckdog uhoh it is $CSTR not $COIN for Coinstar sorry ,0
My dog has stubby little weak sauce eyelashes... Like me! ,1
"Arghh! My hands are itchy!! Could it be that on top of my 'alergy' to beef, I also cannot eat chicken no more?? ",0
went 2 this party 2day... it was str8. then this bad bitch in purple showed up. lil mama had a mean swag. she aint pay me no attention. ,0
@kris1010 I thought you went to your friends house. Oh no...you lost Maggie!!  I'm soooo sorry,0
@rone  Although i only like Beatles songs when not performed by The Beatles.,0
Going to the gym ,1
@DDubSoldier34 - Of course he is  He has to be..lol. He is irresistable. ;),1
@lialene have a nice dream ,1
has a tummy ache...  http://plurk.com/p/12pf22,0
Bed time. Goodnight ,1
Like Tweeting Too Hard: http://tweetingtoohard.com/top  ,1
"@Kaitlin2_2 Well, I went to one and ended up staying. Surprise Bday party for me. Now I am sure others are mad at me. ",0
"Everything's good except I've got a stuffy nose.  Anyway, it's Friday...Have fun at HOME~~",0
@jessicastrust @PercythePigeon @Kahanka Thank you all so much pls keep voting  ,1
hates my phone. ,0
Going to Ontario Mills to buy a Tokio Hotel H&M Shirt!!! ,1
"I very, very, very strongly dislike Perez Hilton. I just dont get how he can get away with being so horrible! ",0
i am absolutely devastated that I did not catch a cheeky glimpse of the sexy chinese bus driver. I'll eat chow mein now ,1
Well that sucks...guess we don't have more gavin dates ,0
"just read a really sweet but kinda creepy message.....apparantly Unique are loved and ""the best ever"" lmao aww bless  lol <3",1
thinks perez is amazeballs ! and is going to the movies tonight ,1
"Better go get ready, the possiblity of water balloons and revenge make me so SO EXCITED! cya laterz twitters ",1
Won't work for me cause I'm in Canada Alli   Thanks though,0
shopping for a graduation outfit ,1
"@jennanenn My face is awkward too, but I don't care, I wanna do it! ",1
why hello mr. @pixonu ,1
grrrr full day of exams ,0
"@RedbirdsBroad Are you in good ol' Mexico, MO? ",1
me confused  how do you use this,0
"Air France's US Site offers a widget that solely installs on your desktop  Clicking on RSS link gets to.. the UK site! (+Netvibes, tx!)",0
Monterey airport is so tiny! Took us 10 minutes to check in and go thru security haha! Couldve done my hair ,0
"@Zac_Efron ahhhhh, i missed you being online  i love you sooooooooooooooooooooooooooo much its untrue!!!",0
@imcudi i agree...  The songs you have done lately are different of what i like in you.,0
"Kevin Wan says WOW,,The SIM 3 is out today~~  http://plurk.com/p/xwm90. http://tinyurl.com/mwcbvx",1
's cake has sunk  so off to learn more database theory in the sun and forget about attempts at domestic-goddess-ity...,0
"Work flow, not in a good mood.... Hopefully the day goes well ",0
"has gone from lying on my bed with Gavin, Stacey & Robert to dealing with silly fucks in work. Not cool ",0
@KellyShibari G'day Kelly. ,1
Can't wait to play Netball with the girls later tonight! ,1
"@jennmcgroary yikes!!  Yes, I know that feeling. I'm so sorry ",0
@jlee_ There's always gonna be someone out there looking for a ticket.  Have you tried posting about it on ETS?,1
@kyhartje i know! Ick and its not even buttery. ,0
@_nelsi @lageegee I'm gonna miss ya. Don't go for so long  of put a international plan on ur phones lol. Right haha! I wanna see ya btw,0
"Trapattoni's got the team working well together, we're easily the best side after 20 minutes. I really need a whiskey though ",1
@V_Simmons hey doll! are we getting another season of DG..ps. i freakin love your style ,1
"gee wiz, how did i manage to get 491 favourites on youtube :p ",1
"@allapparel no, unfortunately we lost to the mets 7-4 ",0
Annoyed at Sims 3 for not working ,0
Watching 'The worst week of my life'. Love this series. On the last one though ,0
"@ddlovato yesterday ""sonny with a chance"" came to brazil, i loved it!! you're amazing <33 please reply ",0
@lewidoofancies What name would you possibly change to? ,1
@marginatasnaily Oh camping is a killer..esp with kids!! You must be shattered!  Hope you had a good time though!,1
@gr8wit Good luck; I'll be watching you on TV from home! ,1
2 days till sun sea and errr... alcohol! ,1
"@nullalux *chuckle* I have no idea what that means, but the radnomness of such just makes me happy.  Thank you so much for your help. ",1
@emily_jane it's english and photography work. such a mish ,0
just saw two wrecks on the way home ,0
@libatz ahh no! that sucks ,0
Need to get back on the Twitter train. That will be one of my goals this week. ,1
"As Seen on TV, amazing stuff.  Just got my ""bump-it"" and ""wonder hanger"". I don't know why I'm so excited about them, but I am!  ",1
I am very thirsty and cannot find anything to drink. ,0
"@kilaucoffee I enjoyed my chicken mayo and cheese baguette yesterday, thank you as it made my shift at work a lot more pleasurable ",1
@carlitooos that was mean ,0
Is thinking about a lot of things... And is starting to get over a few things too! ,1
@grungeheart_ LOL I'm 44/I wear bifocals/daughter is 20/son is 15/I act 12/my exwife is the most amazing woman alive/anything else? ,1
"Leek: a plant allied to the onion / Leak: a disclosure of secret, esp. official, information.   Ok, think I've got it now.  ",1
@mystorytown Thank you  My sons & I played around on the site b4hand; I am mom of 3 + a former tchr & I loved it! Added to their faves,1
"I love the first season of ""The Apprentice""! Been watching it on DVD all morning. ",1
on the train to the NL.... yes I have internet ,1
"@JacobLovie Was going to send you one back, but you aint following me so I can't ",0
@dunlapa I am excited my dad wants to start running! My mom has been running too! Hehe I want to race with them ,1
jus leaving the orthodontics getting more spacers put in the back of my mouth ,0
@tysonritter feel better! the flu/knee problems suck ,0
"Off to do my school concert for Mr Raw. I'll miss him  We're singing Lion King, Pretty a-mazing.",0
im scared but i dont know for what. ,0
mondays suck ,0
Isn't ready to say goodbye ,0
"@VanityMakeup defs optus, im with optus/boost ",1
Headed to the airport! I'm going to miss @tristinpettis ,0
@chanicedev0nne wtf niecey  r u serious.. dam yo wats happening man? that shit aint right..I dnt get it,0
the mexico tragedy... bless the children who perished ,0
Why does my WPF application keeps crashing on my fresh installed Windows XP virtual PC ,0
@Nicole274 aww  ima kick his ass...  Ash,0
"awake by myself. it's very peaceful with everyone else sleeping. i think i'll watch some Welcome Back, Kotter! ",1
@Louiseeee_ i would totally agree that chris fountain has a lovely bottom. Gutted he left. ,0
@gdinwiddie My boat is special ,1
Still no power at the house. ,0
"@mikdev I am really disappointed that mum not coming to visit; we wanted to buy her ticket, but she says she doesn't have time. ",0
eee really exicted for the weekend ,1
im getting a haircut today :O i havnt had a professional cut my hair in two years. im nervous and excited ,1
@wfavero You'll be pleased to know I found a PDF Ref Summary for #Python to go on the eBook Reader. Doesn't zoom quite how I'd like. ,0
@iLayLou please dont leave our awesome iphone clan ,0
ugh finally done now eating chipotle.gooood ending. ,1
Feeling happy about being a new father ,1
I hate depotting. I wish limited edition items came in single pan form. ,0
CHEM EXAM MONDAY! why did I ever decide to take honors?? I'm going to die! ,0
My cousin is leaving tomorrow just because nobody will leave her alone. LET HER LIVE HER OWN LIFE! She doesnt even want her kids anymore ,0
@KimKardashian me too.  My fav show to watch b4 bed ,0
"@GeneHiltonPhoto Howdy...your avatar ain't working at all, now! ",0
"Last time I tried to go to Elena Avenue, I ended up in ""El galligo""...  bad, need to learn to know my way on the streets ",0
@mmeads Micah's watching Lifetime!  ,1
Going to the dentist ,0
"Ended work early, otw to meet bb for dindin now. ",1
this weekend went by too fast! ,0
"@calilace awwwww. everyone good ends up being taken, gay, or just not interested ",0
http://twitpic.com/6rbgf - Shitttttty weather in so.fla ,0
Reason #107 why i hate sleeping (or trying to sleep) in the dark - Mosquitoes. Just got bitten by one on the foot. ,0
Too. Much. Cream soda. My stomach hurts now. ,0
@HollyEgg hope your day only gets better! ,1
Wasn't paying attention and voted House and Cuddy as best almost couple on TWoP instead of Tony and Ziva. ,0
@Adam_Lambert sadly I won't be seeing tthe tour this year. It' not comming 2 my area I'm in NE the closes the tour will be to me is KC ,0
is in the midst of writing a letter to syl. damn tired ,0
is annoyed when emails I send don't get to their recipient or end up going to spam.  Oye!  Sometimes technology isn't too cool.  ,1
At work - a bit wet ... Thanking all architects who design buildings with overhangs ,1
I haven't listened to @madinalake in forever and it's true. You can fall in love twice ,1
@jordanknight welcome to Atlanta...so glad you are here...enjoy your stay!  See you Thursday....or maybe before. ,1
2 ck out hubs *new* #3GS iphone when he gets hm! Miss hub he's been out of town since MONDAY!!  comes hm today!! YAY!! :-D,0
"Got the Transformers song going through my head. Good time to go to sleep, I guess ",1
old and crusty! jk!! soo sweet. he's getting so old though  new gf's were major snot balls to adrianne and i,0
"@jerry_oct26 woah., the pic.. kuyawa. hahaha.  glad you know how to twitter.. thanks to meee.. hahaha your wecome.. ",1
@drbuk Sending now. ,1
"@laromeo That sucks, you have my sympathy ",0
"and I feel the need to clarify.  I am not making fun of tweeps religion, just her wording.  God was the first do-it-Yourselfer ",1
@24k true  you comin to the twweet-up next Saturday?,1
@EverywhereTrip paris = me jealous. I would say go for it. I would if I could ,1
"finals today are over, early release all week ",1
"Esper's Jewelry Show 4:30 till ????? Testing my restraint, 'cuz this is no time for extra 'bling ",0
"The Dalai Lama, Obama, Dr King, Sam Worthington, Adam Baldwin (preferably unmarried) & of course my Tweeps!  #ificouldmeetanyoneitwouldbe",1
@texameradian Cupcake is in the air somewhere ,0
I dont feel well ,0
Going to sleep. And I'm upset that I broke my pencil sharpener ,0
"@mileycyrus it was the best dream ever, we were best friends and it was sad to wake up! please reply and FOLLOW ME!  ",1
making a video shhhhh! check me on youtube  Youtube.com/user/tojodorian,1
@JonoH Thanks man. Dylan Moran should be good! ,1
"packing for Oklahoma! @drew75, @1playwonder, are you guys ready?! ",1
"@nicolerichie this is kinda random Nicole, but I was wondering when do you plan on having your album released? me and others can't wait!! ",1
Andy Warhol projectt ,1
"@SarahWickett i love how you and me, like talk to the celebrities like we know them on Twitter  hahah",1
"VERY happy with my audition for a TV pilot this morning. May not get cast, but I can at least feel good about the work I did in the room ",1
"Came back from weekend off & my 17"" Dell won't load windows. Tired of messing with it, grateful I've a back up notebook. Going to bed. ",0
@megelder I clean the house then @GenderQ decides that it should be done better (her way) and she does it again.  it's a great system. ,1
@MadDCMiaNYC Because I don't have it  I am terrible at recording #'s in my phone & I've switched phones about 5 x's this yr alone,0
Karaoke and inuman night with famiiily!  Enjoying the last week of my vacay!!,1
Going to pick some flowers. Yard needs a little sprucing. Then TACO meeting at 5pm. Formosa Pride!   ,1
"A moment of silence for a fallen friend, i had to shave  haircut tomorrow.",0
The first thing I did when I woke up was drink a can of Coca Cola ... I neeeded energy !!!  xx,1
haha @ playing fall out boy in a bar full of older people.  they's need to be educate.,1
UP is such a cute movie! Now just at home hanging out with the fam...then off to babysit and make cupcakes ,1
"@LexaDawn yeah, I'm like technology stupid so I won't be videochatting ",0
*sigh* Celiac Disease Report. I've said all I want to say but its still not long enough. Why fluff!? Makes me sad to write filler lines ,0
"is really lookin forward to this afternoon! Goin to manchester with the girls to c girls aloud,but goin for dinner a hard rock cafe first ",1
"Ate Lani's reaction to my pic: ""Anak ng Tinapa!"" LOL. I wanna go to Las Vegas to see her show. ",0
watching degrassi really makes me miss my canadian family! and tim hortons........ ,0
shopping day ,1
"wants to be laying out on the beach, but instead is working ",0
@RaptorH I don't think she slows erosion ,1
@richardepryor nice sat nav impression there ,1
eh bored hair dye smells really funny  it also gives headaches ,0
@SassySueN thanks!!! and yes. I am actually worried about that.. ,1
@AlphaProofing thanks! i appreciate ,1
Just realized that I have to either walk or ride my bike to summer school ,0
Getting my braces tomorrow! ,1
@Domhogan I'm back workin in the Skine. It's a hole but it's mine ,1
Bbq at C's......happy sunday ,1
"@Joneszilla I don't crash parties, I thought you invited me, lol ",0
I haven't updated my site in a while...I thiink I should do that later...gosh so friggin bored. ,0
@AncillaTilia Me tooo!! Wish I could get you here ,0
learning ,0
@RegularRon are you gearing up for the concert by listening to old favorites? ,1
@tractorqueen  maybe that can be the next mission... start a campaign to get u girls to oz..  a fund drive.. the blockheads can donate! ,1
@Isle_Esme12 ok i did today but i was banned becuz of my age u gta be 13 i hav to wait another year but i hav a plan ,1
@jokes337  Clean Me!,0
Nooo! Jesse went home on Celebrity Apprentice! ,0
was at the beach yesterday the waves were great. But now am burned ,0
@mahaffy I just could not believe the MSM edited that part out.. ,0
Have you Gone Loopy? http://short.to/azh6 Group Loop has 5 programs combined for success.....Come join us and start living your Dream ,1
"No we are going 2 w8 4 the weekend, 2 much 2 do 2dday  @pbelyeu i told my kids im Optimus Prime so i hope he lives through the whole movie",0
@HOOPSLasVegas1 *sigh* Maybe i shud go get sum ice cream n stay home n watch a movie by myself! TGIF my ass!  LOL,0
"a day out with thomas[the tank engine], and little cousin. very weird, and headache giving.. at least i had steak. ",1
"Stop being an A**Hole TODAY! yeah you ,you know who I'm talking about ",1
"@HUGONATOR no, but check back later, i add more every day ",1
"@d_garmo71 Mine has been shipped, too! YAY!!! ",1
"@Nellynoodler aw gosh yeah i bet it really sucks  hope they don't bother you too much! dinner party was gooood, hollie is a great cook! xx",0
.. problem of them being a little bit too transparent.  <cough>  I might as well have cycled naked from the waist down. ,0
@heffgrl Thank you! ,1
@jessicamackay haha yeaaah... and i got a headache because brittany w slammed me into anotherr go kart ,0
mm have a headache..  so shitty. gonna try and sleep now facebook and msn have finally made me tired enough to try and sleep,0
@leahjadee I'm on there and you're not talking  XD,0
@virginmedia - Do we have a date yet for 50mb rollout in Nottingham please ,1
http://twitpic.com/4e3th - I made cupcakes - the picture doesn't show it but they're obnoxiously pink ,1
"Because I'm a nerd, a few more for #followfriday @CallMeKP @jcasabona @shelldunc @NickSwisher @SportsCenter @Varsity570    Happy tweeting!",1
AHHH starbucks is closed  when did they decide to close before 10pm??! and i'm still mad tired ahghghhg. gristedes? ahhah  lol ,0
"@progueg I ate, that's about it  I did wii fit though ",0
@reedbraden tough break mate ,0
"dennys after moving, late safeway run. haagen daz baileys and my so-called life ",1
Why aren't A Day To Remember coming to Belfast? ,0
I'M GOING TO UK IN THE SUMMER-HOLIDAY with my best friend!! ,1
@MRSpen15lvr you will be missed ,0
@RobNtheKC Neither is talking about people's mothers ,0
Not looking forward to the hell fire and fury waiting for me tomorrow morning... ,0
have a distinct feeling that i've got a cold coming ,0
kuolema.. don't try to find out what that means  I'm really bored.. just sitting here and doing nothing..,1
Watch ENTIRE HOME movie at http://www.youtube.com/homeproject in HD!!!  Now again...why would i ever go to the cinema? ,1
Cracking up at this movie. My throught hurts. Imma screw up. ,0
"@Rockdiva710 What happened, honey? ",0
Aww my little Cara is the BIG 2-1 today~ &&& the things I can (now) get  her into... OH MYYY... She's in for it! Happy Birthday hunni ,1
having dinner with my fam ,1
whoaa . so busy  and i have a sore throat ! (,0
shall i go see UP again? ,1
@Seth_MacFarlane Thank you once again for putting Surfing Bird in my head. Explosion is imminent. ,1
Haddock the dog is sleeping over cause Martin his master has a broken heart and decided to get drunk... didn't ask didn't want to know... ,1
@allconsoffun You'se welcome ,1
@Talkmaster Sorry to hear about your dog.  ,0
i love waking up to mountains of tweets from karl and merlyn. it's like reading a love story. but live! ,1
contaminated my bed. ,1
"@twitrans en2he yay, this is working! ",1
driver hijacked my chances of having futsal training ,0
@mmitchelldaviss heyy!! i love all your videos there super awsome. if you could reply to this it would make my week so so much cooler... ,1
@annisathopia  Wooo! Another Annisa ,1
Hahah. Love them!  ,1
@annamalgorzata start your essay babe ,1
"@lunacyxx You think you're bored, lmao? I'm siteless for another few hours while my DNS updates... O_O I'm sick of being siteless.  Blegh.",0
@mandyrose4u MANDY! ,1
@rondata sorry to hear this  Maybe you can sell the nuclear underwear now :-D ...,0
@TWILIGHTINFO very forks-like yeah? View opposite my house  http://twitpic.com/7j8km,1
is sad that she can't meet her bf for lunch because her boss came back a few days earlier from his trip... sob... ,0
I wOkE uP wAy To EaRlY  ,0
"Preparing a proposal for a big project, i'm hoping and praying I can close this deal  ! #fb",1
"@KyleGraham  Last time I switched simple hosting, I lost parts of my PHP/SQL for over a week.  Had to hire a programmer to fix it all ",0
"cant afford to see Angels and Demons, so i watched it for free: http://tr.im/lvBu",0
"@thisgirlkendra shoot, im down. ",1
Life's better. I had a 3 (or 4?) hour nap earlier--yay! 1 girl is with me; others aren't back yet. Mandi stopped by to chat--made my day! ,1
im really going to miss the summer ,0
"@Leenygma not good m8, maybe some of the deal sites? Cant be to sure about all of them I guess ",0
Just scalded myself and now have a blistery hand  Housework is dangerous!! Avoid at all costs!!,0
@ maisie's going away party ,0
paying my web hosting bill. it's cheap BUT i have more bills to pay. ,0
@Luminarty ok  thank u! (jonelle puts gat away) lol,1
"another exam down, 6 more to go ",0
@taylorswift13 YOur new video is awesome!!!  really i love it^^,1
going to office today.    want to go to the beach.  bonfires tonight for midsummer.,0
@jasonsechrest gurl...im gonna miss you  Miss Syd and I leave this weekend...XO  Promise a Numbers father xmas night during vaca ,0
@catfuel Poor Tucker!  we need to catch up ma'am.,0
"WOWZA!  One follower, special much?  lolol im now well on my way to becoming supreme ruler of the world! *queue manic laughter*",1
@Lucas_Grabeel ITS MY B-DAY TODAY IM HAPPYYYYYYYY ,1
@NISXAN I don't think I ever told you that I'm a percussionist and fellow Star Wars nut as well - probably why we get along so well ,1
I wish iwasnt here im think'n & being around her making me confused  i need a hero,0
So sad I'm missing the marathon  Miss you guys!,0
I think Ill have one of those warm delights mini chocolate cakes and read my book ,1
good morning twitterverse! ,1
"PERM!  woot wott, text da cellllly.",1
watching the Reds vs. Cubs game... and eating pizza ,1
@NinaCruz927 and friends like u make it forever shine ,1
@androidtomato thx babe  I replied. Iv got 2mins left of my video and i really wanna post it. ,0
@ work with anxiety...idk but I'm not myself today  I just want to lay in bed n watch tv...,0
"What is this incessantly bright skin-burning shtuff? Ah right, must be exam time ",0
bored now ,0
"@fellexandroruby haha noo i'm on holiday, so can't sleep too early  hahahahaha twitter is d cure for insomnia yats! :p",0
@cnn this is a really dismal headline ,0
"Any followers that I haven;t spoke to, please say hello and tell me about your pets. I don't bite ",1
mau ke sekolah trus langsung BTA. It's a loooong day! ,0
@caitlynhuss Thanks for the correction. ,1
@dwightjaynes haha it's all good mr jaynes ... ,1
@SofieY al good hows you?not been around for a bit.lol ,1
i am sad and i miss the children  this foggy weather is not helping. im sure they are having a blast in mexico tho. I MISS THEM ((((((((,0
"@whatneverwas I'm not sure if there's an easy way to import Vox to a domain, but either way I would love to have you on board  same offer",1
Hey Twitter-bugs! want to talk to @KhloeKardashian call 1866-645-Y100. Khloe after dark best new way to spend your friday nite ,1
@vykkivale @cameo1172.  no. But I have friends in miami so maybe they can get us in.,0
@chante4dannyxxx I got some science revision  Then I'm going to a bbq later. The weather better stay nice! x,0
Miserable weather  x,0
"hgtv is in an apt in Lincoln park, chi aka where I should be.. With Mary ha",0
I think it's going to be a nice day ,1
"Vela scores, 3-0!!! Arsenal against Portsmouth ",1
@Peircy ah okays. it'll be $40 ,1
I hate unpacking ,0
@Parul_Sharma http://twitpic.com/5ze0z - da dog is so adorable while da picture luks relaxing overall..... ,1
"@33girl Hello Im one of your new followers  Danish, freelance performer doing physical theatre and ready to go to bed  you?",1
Going to eat breakfast with Julia ,1
@mig90 I blame the bleach ,0
@brian4dotcom tope of the morning sir ,1
@spaulds how about a 'where I am in the world' pod - so we can catch up for a beer some time ,1
"is having a trantastic time at Buffalo Wild Wings in Whorlando, eating/drinking his body weight with B, B and E  #fb",1
is still restless.  http://plurk.com/p/12bhck,0
@just_reva yep yep .. still not well .. i guess the change in the weather ought to do me good ,1
Bloody he'll.. I was trying not to track this shit ,0
Jst finished the dumb lo project... Nw gonna try get 3hour sleep wit this stupid retainer in my mouth ,0
"@dagda1 NH validators have fluent interface, something what most people like ",1
@jeromea - 5k na nga muna ako for the rest of this month. need to let the knee heal first. ,1
@bythehive  Awesome news on the cranks. Have had a few enquiries on them ,1
@nikon91: what happened? ,0
People.com makes me happy. ,1
@FranLovesGA hahaahah yea. Aww I know I miss it too ,0
Getting an MRI today.. Not excited ,0
"@JennetteMcCTeam www.teenchoiceawards.com Oh, please vote for @ShawneyJ for Dancing w/the Stars & @NLiukin for Female Athlete too. Thx ",1
potentially sleeping over at luna's tonight ,1
@onlineresume Thanks for the  #FF (DAMES w/BRAINS) shout out!! I appreciate it. ,1
jammin to the musiccc ,1
@HorrorHaven Good morning to you ,1
@fairyfindings @RonEarl Thanks for the #followfridays! Have a great weekend. ,1
@regularguy My friends weren't the gambling type.  ,0
toast soaked in butter  woo ;],1
just woke up. Oh my. I need to do everything on my own now ,0
wish guitar lessons would be longer... ,0
Another warm sunny English day! Great for cricket this afternoon. ,1
"@tommytrc Very sad. He was even wearing a helmet, in the middle of the day. Will have to wait to hear what happened. A worry to riders. ",0
The screen just went black and now theres only sound. ,0
@foxefoxe Not really a good film ,0
O.o not seeing my friends' Tweets on my timeline via @Splitweet ,0
Hmmm no good comic shops left in my area  looks like im gonna have to go on a field trip,0
working my ass off  lol,1
"@JessicaJayyy I heard there's gonna be a site for that. Ha ha. But knowing Dad, you'll have to pay  Sucks.",0
@Wossy and Im in work ,0
@DazzleMeThis YAYAYYYY i can give you someone to feed to it first though ,1
I really can't  change my pic. Its unfair.. ,0
@dew00druff dammit! I just returned mine yesterday ,0
Mileycyrus is singing before the storm with nick jonas tonight at their kick off concert tour show ,0
Cleaning out my files and realising that I have a hoard of useless piano music. Time to transpose? ,0
"@duranduran some of the photos of Nick & Simon make me want to break out in song a la Elton John... ""Hey Nikita is it cold""... ",1
"Sadly, Jess goes back home tomorrow.  I hope Rae is still up for going to the airport tomorrow, her plane departs at 5:55pm... ",0
"http://ping.fm/p/e9yjC - Ed's drinking a green smoothie, while texting Katia & cooking dinner ",1
@crochetgal I think it's a trick. Dust and nothing else. ,0
oh no film studies revision  gonna be a long day,0
its bed time! goodbye everyone  i see you later! peace <3,1
"@Danielle1812 Lmaoo, well see im good i sit underneath the tent thing we have ( i dont know what its called haha) an i aint burnt  WOOOOO!",1
@HethertonCessed  YAY! want me to update BIB? bib lol! ,1
"@sazychik I just saw Honduras play 2 weeks ago, so I would choose Real Madrid but man i cant afford the trip ",0
Am having a headache now ,0
@dani_noah i'm glad you know where i am coming from! eeek. ,1
@TomVMorris I live for room service when someone else pays but this week out of my budget ,0
@blueinkstains That will have to do   I odn't think absinthe is good for breastfed babies anyhow.,0
@michaelsheen http://twitpic.com/6buj6 - gorgeous scenery  i like your shades too ,1
"@iamjonathancook what's wrong, babygurll? ",0
actually tired. i havent had sleep in days.  night.,0
"@mileycyrus  great job! i'm glad you won! btw, nice shoutout to andy 'bout bein' on a boat ;D",1
@DJA18 hey fellow Archie! Whats up? ,1
Pain is inevitable. Suffering is optional. ,0
im sad i missed the hulman classic tonite  blah dirt racing i love it,0
Watching caramel... we love foreign movies ,1
Relationships suck ,0
Still haven't got the E-mail from Lottery HQ looks like hubbys at work next week then ,0
today was super funn :] and i had no idea the mall could be so funn without buying anything... and patrick dropped me on my head. ,0
@rschummer /sock & duct tape/ Mikey Likely but worry it might have an effect on my current employment status ,0
I want to see the ocean right now ,0
http://twitpic.com/6a8ei - nobody cuter than @kristinnoeline while running errands ,1
My boyfriend is the sweetest ,1
"Giving my phone some more juice before it dies on me, had a short trip to Bournemouth, no Cob   http://yfrog.com/1a7ykj",0
"Finally got Xbox Live up and running again, stupid router, ah well. Serious gaming time later on ",1
@Davinche meatball thing! wow its alot but messy  ,0
"im starvinggggg, wonder if my sister will buy me some food? ",1
No fishing trip and no battery for the tractor yet..  No I'm not surprised,0
More sleep please ! ,0
@Ms_Write Exactly! That would be my dream photo!  Did you see my bird nest pendants? I thought of you and all your birds. ,1
@tpietruszynski don't no anymore then posted  Hal roseman was @ shw & I asked J Y & he busted out w def nother cruise dates already picked,0
@jeffcaylor UGH! I just realized that i never responded to your email...it's still sitting in my drafts box 1/2 finished! SO Sorry!! ,0
Lots of fun to be had this weekend...  all dampened by the fact that I AM NOT DONE grading...       It has to end somehow....,0
"liv is so much cooler than me, i wish i could be her  *sigh*",0
@haraya  well find someone to weld his head back together again ,0
View then bed...nite twitter fam*    You should all follow @tpleeza <----- he is mad cool ,1
@kweenbeauty Get 100 followers a day using www.tweeterfollow.com Once you add everyone you are on the train or pay vip ,1
cannot wait to be in vegas next month ,1
"Oh my what a night! haha Kasey and I are staying downstairs until 4 to give my mom her gifts, She has to work really early Today! ",0
@Dreaming_awake GOOD MIDDAY. ,1
attack of the hayfever! noooo ,0
Hi curly girls! How are you todaaaaaaay? ,1
@michellecpa lol  jordan needed some m&m luv... It was his bday ,1
"spent the whole day editing in Pro Tools...i luvvv this thing and am becoming quite the pro, but it gives me insane headaches. ",0
"@NikkiLynette I added you to my gmail, its the one that says americandreams. And I'm bought to text u so u know its me when I call ",1
is happy... and going shopping ,1
@mbLASH shopping sounds great after i am done with these papers that are stressing my life out!!!!!  holloween is ganna be bad ass! ,1
4:30pm here in the philippines.. its rainy... i hate it when it rains.. i feel cold.. ,0
@mileycyrus DOMT WORRY MILEY !! YOU KNOW THE AWARDS IS IN YOUR HANDS!  <3,1
this summer. it would be so much fun. ,1
"@GiuliaDeCassan luv u too, sweetheart! ",1
"""Your grace is enough"" ",1
@AngelStrange I play my guitar and sing with a LOT of blips and anything else that I feel like playing. EVERYTHING reminds me of a song!  ,1
10x SWAROVSKI CRYSTAL beads ... http://tinyurl.com/n6v9my ... fire opal ... ideal for jewellery making  ~ on eBay,1
Finna taste strawberry Smirnoff with the bestff ,1
I am so busy today I don't even have time to tweet ,0
@coolist is fucking up the White owl ,0
"@jackalopekid then please refrain from telling us ""burger challenged"" individuals about its juicy greatness! ",1
"I've got the iPhone Glenn  wished I had chosen the blackberry now, hope u gabi an the dogs are all good",0
"hi everybody ! I'm from argentina And i love the jonas brothers ! They are the best ! I love you guys (: I ♥ Miley, Selena and Jonas ",1
@ejmariano619 you can get them at those optical stores. usually they have like promos. ,1
@AurRhudd Angsty and Magical! My favorite kind of season finale.  ....Twitter takes offense at the use of 'angsty'. Bah! It's so a word!,1
@jhjones / darn just missed you by one day  repressurising in cambria 4 weekend. Hope obsing was fun !!!,0
"is still @ the salon and may not get to shake, rattle and roll ",0
Aw im so sad yall are leaving  last show,0
@gashead Prowse? I got a Christmas card of him last year.  & I wish I had the money right now. Saving for an apartment,1
@BluelipsTx hello. cool web site. I emailed you back so you should have it now. Let me know if you did not get it. Hot logo u have ,1
"@etafish i think nicholas and i are piking tonight, sorry ",0
so excited for NEW MOON ,1
Just woke up. God weather here in oslo today. Looking foward to going out and eating with my mom. ,1
"@flishflash now get your bum on msn missy, i miss you lots and lots!!! ",0
Bawww I need a haircut  No1 could fit me in before work tonight. Sigh.,0
"http://tinyurl.com/dcupoy if this commercial doesn't make you horny, i don't know what can! ",1
@CSI_PrintChick girl are you seriously going to wear that LOL u r going to give DDub a heart attack!!!hehehe!!! Want 2 see his face ,1
"@jcharming ahhh that would be soo tight, too bad its up to 500 dollars  thanks for letting me know thoughhh.",0
Hmmm Twitter doesn't want to upload new avatar ,0
Dreamhouse Devil is on the decks ,1
Thanks Jody! I'll do both of those when I get back to the house ,1
writing short story for english ,0
@kirstiealley Just wanna say.. you are awesome. ,1
I feel like Christina Ricci in Black Snake Moan but for one person tho  I can't keep still. LOL,0
@shineonmedia that saddens me. there are like no videos anywhere ,0
@jedijon sounds lovely ,1
http://twitpic.com/8d0as - last 'proper' day of school ,0
@heididarling lol. My phone was off... A girl has to get sleep before a work day  So what did I miss? #lostarg,1
About to leave six flags sad face i wanna stay longer! But my day is coming to pick me up! ,0
its a full day already. two new projects ,1
no one but India talked to me today.Ashley never text back and Chrissy never called back. I hope I didn't do something wrong... ignored ,0
@lovelyrita_mm at airport!  See you soon.  ,1
"Inject your soul with liberty. it's free, it's free  ♫ http://blip.fm/~7tkf3",1
ughhhhh this pre camp stuff is BORING!!!!! I want to go back to the pool ,0
Back from work.  Now time to wake up my son. Amazing I went to work and came back and everyone is still sleeping. ,1
@NetKat why limit your story to 140 ch. Tell all what is annoying you at www.iamsoannoyed.com ,1
"Is all alone, bored and ok. My dad is out of my hair, but I'm glad he's happy. ",1
"Yoooo it's 4:18 AM here...I've gotta get SOME sleep. Good luck in #IranElection, more in morning...KEEP EMAILING NEWS STATIONS!!! ",1
is up getting ready for church  ,1
is not liking this rain ,0
"Oh No, rain again! God Please Help Me, Rumah-ku jangan sampe banjir. ",0
"@sr3yas i swear, you have way too many online accounts. ",1
morning.. feeling like crap today  def got a cold now!! just brilliant,0
's com is failing him ,0
I spent the whole day with my love and it was amazing. I just wish i didn't have to work early and the whole day on Saturday  woe is me.,0
@mrpattinson i still cant believe they are dating ... its so ridiculous ,0
@MaryKayHester i love how your all twittering down there hahah its keeping me very informed! ,1
@Lemlina yay for postcards ,1
"@minette95 ooow  i hate that too =/ just do what i do when it happens to me, g... Read More: http://is.gd/LOz8",0
@joycecherrier How are you today? I am actually feeling great today.  hahaha,1
"that's 8 drawings done, 23 to go ",0
@donttrythis You're right...only order that second bottle of sake if you're drinking alone... ,1
"I know it's stating the feckin obvious, but I HATE HANGOVERS ",0
EVERYONE I HAVE AIM  mizsedz is my screen name  addddd,1
@Louie_Kapoohy in a heartbeat! I could use 65 drinks tonite ,1
@lightsresolve NVM. i thought of something for a birthday gift ,1
@Smitten_You04 they took the sofas off of the library and science building... ,0
Listening to music my jams! Ya boy! ,1
I see everyone attending #twiist ! Why do I have so much work ,0
I went to bed at 8pm... then i woke up at 3am. i NEVER sleep through 3... ,0
My back is killing me  Tyler (that's my 9month old son) is teething and wont go to sleep  I need my bed :S,0
In the car with my bff  jamming to LV&TT  oh yes!,1
@carmellove dam  besides dat is ur day goin good so far,0
"@treeshie Hater? Lmfao... G1's don't have problems/fuckups like that shit u tote around in ur purse, thanks. ",1
"@SashaKane I'm not new new  but I wanted to say hello, how are you doing?",1
"@southern_storm I don't have one here, but I used to when I lived in a city ",0
"@Jem_x whoops sorry tweetdeck didnt tweet @ me! Aaw im sure they'll love you hunni, nothin 2 worry about! Whats gonna be  when they leave?",0
im trying to call  @aaroncarter7 lol hes not answering  maybe hes like in the toliet or somthing,0
"@tonacastell el ""learning"" es l´important ",1
I can't wait for July ,1
home from work and having a much needed cup of Nescafe Gold Blend and replying to e-mails before my 7 hour shift in the Chinese ,0
wishing 2 b acting right now....lol...but no seriously ,0
@evaangelinaxxx Philly is too far away ,0
@BeffyJo You have a list of suspects?! I should make one so we can compare ,1
"Flock is really nice but i miss the browser addons for adblock plus and stumbleupon, ",0
now shes talking to me about spongebob. ,1
@renu19 ya its overheateddd happen to miness  need a new oneee,0
@Jessxo3 aww Thank you.. that means a  lot to me ,1
Yuvraj Singh arrives for #t20 #world cup in style ,1
Queing for the front seat on colossus paid 9 pounds for all 3 of us to jump the 2 hour queue ,0
Great sunny weather. Missed the RVA update. It was 3 a.m. here.  My favourites where allready sold out. ,0
@htbthomas Ok I'll try it! I guess it would help if I also stopped mentioning them - I have a feeling they're listening ,1
Just got here ,1
@CharlWoodroffe  didn't work ,0
"@waynestanford Yeah, Last.fm recommended me to them [sic] actually! Sad that they broke up last year though. ",0
@Common_Pigeon But u ate chicken this week!! How was that? Do u feel guilty or smthing?? ,0
day 2 of vacation bible school & the kids are loving it! mom is loving it too cuz only have 1 child for 3 hours! on-call tonite @ work ,0
"@IamMaxatHotSpot There's also pixi lights. Not as cool looking as electroluminescent wire, but it's even easier to use! ",1
@katienaas  maybe it's ok to shop. But just this once!!,0
At TP's with some of my bitches  http://twitpic.com/689ep,1
@Jase88 ive only seen them on eBay buddy ,0
"@b_club Tay, just wanted 2 say thanks again 4 taking care of things ...got my refund last nite as u said. Cant wait for the summer line!! ",1
My eyes burn ,0
Have you ever noticed that certain scents bring you back to a period of your life?! ,1
TIme to watch forensic Files!!! Love that show ,1
"@Sobk13 Yes, it seems that way - page not found ",0
Things are not good in my head. I may not be around a lot this weekend.,0
off in to town to meet up for a pizza with my friend later ,1
"@macNC40 I'm sorry that their issues have to affect you, hun. ",0
"@SimplyMelony something just hit me, you are the best retweeter ever ",1
"@ajaggedpulse happy b-day, then...haha  i'll try to remember and give u a huge happy b-day next friday. oh, btw, im from Brazil ",1
Just got caught up with House. The season 5 finale blew my mind. Season 6 doesn't start 'til late September ,0
Heading home for a long weekend!  #fb,1
I wish you would talk tome already ,0
"Has extremely burnt legs, back, and stomach. Great.... ",0
Boy flushes little doggy doo down the doo-doo drain  http://bit.ly/aZWlR,0
@LisaLikes I didn't like Top Gun at all. Talk about a pretentious piece of crap. That was only Tom Cruise's part too! ,1
@nicolegostek lolll june 9th ,1
#myweakness : @addicted2fame ,1
hehehehe. Cachapples. I forgot  where the hell taht come from... ,0
@MamaKui it's totally twitter and not you. ,1
@officialflyboy I followed u can u follow me?? ,0
AArgh....I don't want thousands of followers...stop the STALKING ,0
@Moniforce THANK YOU for today - I really appreciate it and sorry that I was so incredibly slammed for time! I owe you dinner  soon! ,1
cramps are killing me..  HATE THIS DAY A LOT!!!,0
@MatthewBryan lol! ur right! btw i sent ur pic of BJ & Tre' (kissing) to someone & that person got offended  i had 2 apologize! :l x,0
Yes! Second Mass Effect DLC (for original game) is coming!  http://tinyurl.com/qppz77 @biofeed #masseffect2 #E3 #Bioware,1
Have watched loads of QI episodes today- feeling quite brainy now! Also watched BGT- shhh! it's a guilty pleasure ,1
@kklausser ohh yeah! Did you get a good price? I hope you have an awesome time  the cause looks awesome!,1
I love courtney.  more,1
@vitaredux whoa 128kb/s  the worst part for us is we are paying for 'uncapped' all that means is they won't tell us what the cap it,0
Why does the mall have to close at 6? ,0
Diablo for $4 at GAME? I can't believe I paid $20. ,0
@carlamedina cOnfessiOns Of a Disney Channel Star  hahaha!*,1
@courtneyclark well since you invited me over yesterday and i can't come and i thought i was your girl..but cool i see how it is ,0
Explain it to me by Liz phair=great music  Going to bed goodnight twitter!,1
"@ClareAshford  I blocked him too, lets hope it just goes away forever ",1
"@bdemel Gl�ckw�nsche! I would have said TXL earlier, but I didn't know if you were going into Tegel or Schonefeld. With LH, Tegel = duh. ",1
w0w ii see how much ii rele mean 2 u..smh ,0
"I WANT TO CREATE @ohnoes , THE PAGE SAYS IT DOESN'T EXIST BUT TWITTER SAYS IT'S TAKEN WTC ",0
@PhillyD I won't be able to do the vancouver meet up and i live not even 2 miles away! ,0
Fathers day tomorrow ,0
I guess I should read that @vanessafox article since it's only come up in my tweet stream 50 times already. ,1
Nutsi and Sekira will be part of the rest of my day... ,0
@solee Ho ho ,1
i don't feel good  haha i think i'm about to go up to exxon and visit @gabbyfosho,0
No bodily parts were exposed. What sort of minds do you all have? (via @RealRobBrydon) - Good old British ones ,1
Wow that made me smile  I need to tell Joshhhhh!,1
@mugunthkumar okay  have fun,1
@Dannymcfly i loveeeeeee you!! T______T come back to mexico please... ,0
omg fell on top of adrian at the park in front of everyone...nooooo ,0
@ChinaLatina79 oh I thought you said august  I cant save THAT fast,0
Damn..I tought i was clever with that last tweet..apparently not ,0
"is watching the tony's with jordie, ari, mom, danielle and kayla ",1
Salut les twitteriens ,1
WAIT!! After Sat night...cause I plan on getting straight wastey face ,1
Finished with #radiot and #rpw ,1
"@friskywhiska Oh no! I did, but we bought one at the park - sorry ",0
I miss the winter already ,0
I forgot how hard narcotic withdrawal is on a body.  Trying to get off pain pills... but I get shakes.,0
"Looks like rain again  Oh well, it will give me a chance to work on a new crochet pattern I have in the works.",0
Good morning peeps! Just getting up thinking about what the da has n store for me! I kno peeps were calling me b4 10 am  that's not wussu,0
@robjjones Moody Woods is absolutely awesome ,1
Is worse than yesterday... Ugh sick = ,0
@katecameron2002 I got very worried as well I was gonna get chucked off Twitter  lol Cant wait for The Wire to come back,0
@blath i had to go to work.. no dancing there  and i just realised i haven't eaten a fruit in ages!,0
"Dog gone it, my spaghetti sauce has gone south. ",0
@AnoopDoggDesai  that's how I roll anyway ,1
oh no the ranch is burnin down! ,0
Two weeks till take off to go to sunny Telford. Gonna miss all my buddys ,0
@plhippie and I've had 2/month the last 3-4 mo's. I can barely walk bc of cramps/pain. I feel like a whole other person. so miserable. ,0
"Job for weekend: Tweetdeck! Will probably find easy way to thank my followers individually, but until then THANKS to my new followers ",1
damn are all the americans sleeping atm??  so boring,0
@ruby_gem let me know how you get on or i'll spend all day worrying ,0
@wolftrouble @mikori I loved having you'ns over  I didn't have to be nice to Kiwi for a few days ;3,1
@sarandipity red is good  see you soon!,1
having coffee at a cafe... after..errr 4months? i feel normal again ,1
@Jennifalconer I will watch the lottery with more interest tonight  I have never ever entered it actually so it'll never be me !! LOL,1
"I ended the convo, I got tired. NIGHTY NIGHT MY FOLLOWERS. ",1
"@droas hmm ur hair,yes hitler. But without moustache? Ooh u missed the most important thing!Hahaha  just kiddin.",1
Smiley Faces ,1
can now play the defying gravity hook. thanks to my piano teacher ello dave ,1
@thazlett Love the peanut butter sandwich ,1
@mac_in_TO did you go canadian clubbing last night? ,1
Missing my girl's. Wish I was with them in Wasaga ,0
"@_Mattie_ lol oh no! haha, Gerica doesn't have to steal anyone haha. He was mine wayyyyyyy before you liked him. haha! =p ",1
YouTube has many Funnay Vid's  || For Bad times go to YouTube =],1
@clairevoyant Please do!  Would love to finally get the chance to hear it.,1
going to bed goodnight! i'll be back 2morrow! ,1
@schrodinger212 yah I'm at the store now ,1
ribenaaaa  just finished english work - in total took 7hrs. total madness!,1
So hot in here ,0
"Can't believe how fast today is flying by . . . . its 4pm already!  Geez, I've had no time to tweet today ",1
"Good Morning, BB Lovers!  Happy Friday!",1
@thefore i love your music  you guys are really good!,1
@ColorblindFish It's kind of our thing....we cause destruction on the information superhighway! ,1
I really need a usb chord. ,0
I cant follow any1  on FollowFriday LOL u guys follow @SteveRaze @djpooh @losdigital @djsmartiez @djeightmile @maestro @rollingout @djlgee,0
is confuseddddd ,0
Lol! Go back to bed!! ,1
"@gamathew ...i'm Head - Sleepy, just like they have Head - Operations and all... ",1
"@randomflowers I was about to say, who are you married too? I was confused ",1
"This is my last day smoking, so of course I can't sleep ",0
"I wish I had a female friend that I could gossip with about boys, do stupid girlie things...since high school I haven't had that ",0
"is back from work and happy, as usual. ",1
"unfortunately nothing really eventful happened this weekend other than my direct tv kept going out lol kept rebooting itself, ",1
@pmolyneux Good luck today! ,1
"is watching You, Me, and Dupree ",1
Feeling sorry for myself - unwell since friday - maybe it was a bug from my science experement I inhaled last thursday morning ,0
@RealBlackWidow Jamiroquai rocks! Thanks. ,1
"uhh, back from shoprite! i'm TIRED. twitter was down huh? ",0
netflix site is down for maintenance.  i wanted to watch a mmmmoooovviiiieeee. instantly. http://bit.ly/ClSgN,0
i want pinkberry...but we dont have one in reno ,0
WAHAHAHA PEACE MEN  WE BOTH LUV CO #jtv http://justin.tv/vleague,1
"The beds at Greektown are lovely, but I still can't sleep.  who wants to play?",0
@audreykeyes yikes!  the fiance called &said sirens were going off... but he wasn't leaving the 3rd floor apt bc he was watchin the cavs!,0
@nickybyrneoffic what i was thinking...we are in june! hahaha well...i can't answer you about tv...i'm a little far...  haha =*,0
Working out taking advantage of this nice weather ,1
*** I'm sad now n I don't even know why   ,0
can't wait to get this book out and see it in print! My illustrations are in it ,1
"@Figgywithit.  i know they're being silly, but i LOVE this song.   ? http://blip.fm/~79po9",1
"I am bummed, because I can't get my Bose surround system to turn on ",0
is off to take poor lil felix to the vets ,0
Ugh now I have to take a damn cough syrup. This sucks  I hope that thing works.,0
my fucking mouth is killing me.... stupid ass dentist ,0
"#tela09 was fun, but it's nice to have a normal day in my office.  Enjoy the quiet before school is out.  ",1
@MileyCyrus: I voted for you in the TKCA. :] I hope you'll get more awards than on the KCA.  GOOD LUCK. ♥,0
@THE_REAL_SHAQ seriously???  No way!  ,0
IM GOING TO SEE BLINK  LUCKY 500!!,1
@cindytoh90 i understand how you feel ,1
@BrwnEyesLie I think u should go wit Verizon!! best service evr ,1
i'm tired but i don't want to go to sleep ,0
"prom was so good, everything to do with malbank is over now ",0
"back to school tomoro   Also, i washed the car and mowed the lawn! What a great help i am! ",0
@baylee why ?? he treats you so badly ,0
"My hand is swollen, bruised and all  the shit hurts so bad !",0
@Keeha well can u tell all ur friends about it and help me try to get people on my guestlist!! It would really help me out!! ,1
@verbicidal all of them   The strawberries and cream is delicious.,1
@_CrC_ hey what up? Have a great show!!! Kick it hard cause the Baltimore girls are there ,1
@lauralollycake i ate a sherbert fizz ,0
just got back from the orthodontist ... not fun ,0
says it's 6:00 pm and time for all good Mormon boys to head home (hehe); will be working Saturday... sorry TS  MissU,0
"@Tina_Russell Hello, darling. You're profile pic looks sexy + glamourous- I approve. ",1
@GrowWear you're quite welcome and deserving ,1
How come trucks that i want are the same color as my sisters? ,0
@ohhfeliciaa cut class not frogs! ,0
Witnessed Tiger's Victory ,1
@alydesigns i was out most of the day so didn't get much done ,0
@PleaseSeeUs I'll have to take a look. I just finished a MSF course and I'm itching to start riding ,1
just got done tannin with muh girls ,1
gotta pack for trip with daddy and granny. poo! i will be SO bored. ,0
Following the events in Iran. Bomb went off in Tehran. Peaceful protest getting ugly  Might give govt a reason to use force,0
@crystalmulligan don't worry its only presale ,1
@One_StepCloser and they tookher phone and ipod too  ,0
@robertashley Beautiful ,0
@SophiaRoxanne i have a sister like that. ,0
@jdpeck16 mr scoops does spoil me a little I have a cleaning lady that does all the deep cleaning ,1
"Ok, people. Time for some serious deals and steals. ",1
"@picfighter lol @leslamb good one lol. Hey bryan, clone someone like pastor les ",1
I got up at 7:30 in the evening. ,1
@JasonStatham1 Well pass then on then as we would all like to know as well ,1
"I will be out at Englewood Beach all day tomorrow for my early birthday/going away to the U.K. party; all welcome, call me for directions ",1
@asuckomadick i love andy alot. ,1
"@sheeennen are you sick, too?  i can't go to school for a week.",0
Feeling awful!!....I hate being sick.. ,0
"my twitter scope is usually 90% right, odd.  just try to rise again?",0
@KrisAllenmusic visit here ,1
Sexual Chocolate may be one of the best bands ever formed! Just jokin  http://myloc.me/2Tn0,1
@ddlovato http://twitpic.com/59s0j - ur such a nerd.   but we love u. ,1
Totally addicted to www.Stripperweb.com. Its WAYY better than the spiral! ,1
@userealbutter Thank you for the love Jen! I'm glad I'm able to make you laugh ,1
@TeamJacobjobros That's awesome! Same here dude. ,1
"@lynnakay got it, savin to favourites  thanks",1
another rainy day  blahh going back to sleep!,0
@jakeashley that shirt is awesome   cant wait to buy one ,1
is so tired but can?t sleep ,0
Waking up and wishing everyone a Happy Father's Day! Now I gotta head to work. ,0
@smmak You're welcome   Have a wonderful weekend...,1
"bad mood. Your right, @cesss_ily, I am aggrivated ",0
"@ThingsMomsLike Oooh, that's ugly.  Sounds like he's learning a lot, none of it good. ",0
first day back in reality. off to work now after my 4 mysterious days missing from everything. im rly hoping no one asks where ive been ,0
's graduating today!! ,1
@Iyarchie pretty much the same.. since we're in the same country hahaha!  were your clesses suspended last week?,1
listening to Jumper(Third Eye Blind) & Journey ,1
my cheeks hurt lots and i have to go to rehearsal again  but praying for an AWESOME night at CA! god can do so much tonight!!,0
UGH...I NEED SOME ALLERGY MEDS ASAP ,0
"sitting outside, enjoying the sunshine, reading 'gods in alabama' and eating a roundtrees icelolly...this is the life hahaha ",1
WCI was SO FUN that i can actually remember this year! so much for the after after party ,0
@GMA everytime I click on a link from you it doesn't ever work. ,0
i need some hot sauce 4 this spagetti..who n ypsi? @robthesigma @djmobeatz @kikilp @ANYONE? im desperate ,0
#everybody knows ... everybody knows# that should definately be some kind of motivation to quit smoking i say ! ,1
i'll talk to mi mejor amiga (lol) via skype in a few mins.. thats always fun  <3,1
"been doing the sun bathing thing for 30 mins and got a bit of colour, suppose i should do housework now ",0
Ughhh my favorite shorts are lost in the abyss that is my closet ,0
My grandma is going to be in intensive care for the next week. I hope she gets better soon ,0
Getting ready for my five hour meeting. Will probably experience twitter withdrawal ,0
"great surprise - a new episode of Pushing Daisies on the DVR! but it is bittersweet, only three new episodes that were already filmed. ",0
Back to work   wish I could start the weekend over!!!!,0
send me predictions or tweet them  ! ,1
"@iamdpbeltran opps, thought we could share the manok  Yep @vewe is. Gulp!",1
hungry. but i won't waste money on food cos i'd only lose my appetite after a bite or so... ,0
@aka55 aha i let him go because he didnt love me anymore ,0
coke on my pc... so bad ,0
Man it really sucks when you can't stop thinking about someone even though you know they're not thinking about you. ,0
"@tylercamille hahahha. Yeaman, my poor lil legs thighs n feet! ",0
"@simple_sy can't am sorry, really wanna come bt bhai is leaving tomorrow....so wanna spend time with him..  there is always a next time",0
on the plane about to take off for kansas city. see y'all when I get there. ,1
off to get some rest! ,1
@ariasweb Hmmm...Imma have on rose gold shoes and fluffy curly fro-ish hair. Either a purple or black dress. ,1
@smosh  uhhh  i went to Niagara falls... without him ,0
Iam In Need Of Some Moral Support Now ,0
@InsaneXade I used to use that one...crashed on me a lot ,0
Looks to be a rainy week. Hurrah.  ,0
Dog's killin' me  It comes here and wants pettin' 'n scratchin' n' then it runs away. Only 2 come back in two minutes.,0
"I want an Iphone, and a Wii, and a DS, and a video camera, and a portable external harddrive, and and and.... I need more money ",0
I have to choose between @pink and @Essendon_FC on Sunday and @pink wins. I'm shattered.  Why can't I be healthy enough to go to both?,0
someone stop the world....i wanna get off!!  ,0
While You Were Sleeping @Katchooo has written about her 4am photo experience http://is.gd/r5D3 ,1
SBS 2003 or SBS 2008! Damned if you do and damned if you don't!  Fun times at GCH!,1
I am a recent ugoslov ,1
"@leelaa I lived on Maui from 1987 to 2005. Love it! ...""Maui no ka `oi"" ",1
"packed up 2 garbage bags of stuff to throw out, and one box full of books... moving is always fun  life gets a little bit more organized",1
"@slidingscorpion @razZ0r Sometimes I think the whole ld50 gang should get up and move over to Facebook, Twitter and similar sites. ",1
@JasonJMikeMgmt Im good  but not ready for the DC show cuz im in LA   what up with CD when can we expect to hear from him?,0
"Installed Tweetie (http://tinyurl.com/c4afam) on both desktop and laptop - nice piece of software with polished UI, will keep it ",1
@worldofnokia Really? Put me out of my misery and tell me I can't re-contract with a new handset ,0
Very sad because I will be working while aventura will be in 34 st and I can't make it.  ,0
"I am uber, uber sad I'm going to miss @wintersleep on Friday at Dundas Square because I'll be working at the Edge down the street ",0
@MaryJoRs lol....i swear i always eat while chachaing ,1
@ChristieKeith Just the birds chorus that wakes you up before you start the coffee! ,1
Goodnight and goodbye!! OMJOE i love that song ,1
@ByDezin you're welcome Suzanne  how's phoenix arizona treating you ?,1
@TwilightLexicon i hope #3ImportantWordsTYChris becomes a trend ,1
in sunshine coast with kassie(my love). home tomorrow night ,0
Welcome JennyROM and Ginny!  @1_Jenny_Love / @fairybaby06,1
71 day's until Jonas Brothers concert at Nassau Coliseum ,1
@VioletsCRUK your pics are great hunni ,1
"My friend works 4 Delta @ JFK airport, flys 4 free & missed her flight. Now she's on standby 4 another 1, pray she gets on! ",1
@amy_becker i love you. ,1
good morning  its raining again....,1
@nicole I bow to your sheer nerd power. ,1
"""I am on a 24 hour champange diet""  sike. I'm still drinking Kool-aid..... ",1
@addieking babysitting  made dinner had drinks/so much fun but missed out big time on @net2no tonight! ughh keep missing out on the crew!!,0
@maddisondesigns Oh dear. Reminds me so much of my old Acer laptop. It cost me $1k over 5 yrs to keep it alive ,0
It's too early and it's too cold ,0
Back @ Project Lessons. Doing nothing ,1
At chick fil a doin inventory and month end package  kind of lonely job...,0
is sore all over from boot camp....why do I punish myself ,0
@Holani that was very quick ,1
@Jlop  {{PaPa JoHn where the fuck have you been!?!?!?!? make me get a twitt then abandan me!!!}}  ,0
Just got outta the shower i'm off to bed wish me luck for my transfer ,1
@jessemeyer no  that's the worst part... i don't even have a cool story. i was drunk and hit my teeth on a rail.,0
@ananyah I'm glad you did  Whoopi got an Oscar for it.,1
can someone tell me the ending of i know what you did last summer? i'm getting kinda creeped out ,0
I WANT SOME new INK already!!!!! ,0
Left the house but forgot to repaint my toes! I feel so naked! ,0
@theSLaBeouf I'm at home. Sick. ,0
I think I sprang my wrist  it hurts soooo bad ,0
has redone his wallapaper in twitter. Now you guys can see my name more well ,1
What the hell? I tried to touch my cat but she ran away ,0
busiest day of my life. four teeth drilled. getting two more drilled on wed. and a crown. fml. writing thank yous till sleep time. ,0
@jodabone haha fine. We'll share the beach ,1
@mitchelmusso when does it come out in the UK  ???? xxxxxxx,0
@TraceCyrus You're going to love Finland! :' ) I'm so sad that I'm not able to go to your concert. ,0
@MattPalm we wanna see u again!!!!u're so nice ,1
"textsfromlastnight: ""(773) Just saw a man jogging.  For recreation.  At 3am.  Who's he training to be, Batman?""  @jkpriz, was that you? ",1
going to sleep! possibly going to Ikea w/ Neil on Wed. to find dishes & other cool stuff. life is grrreat ,1
My fucking cat ate my ice cream while I was helping my other cat get his claws free. I WAS HOLDING THE BOWL! Little douche. ,0
is feeling rubbish  Miss him loads,0
@KFearson2 @RScottGrubb  ugh thanks for getting my hopes up ,0
@r0ckergirl14  Good to hear,1
Wow it's already fridaay yesss  Elections at school today!!,1
@mjohnson16 good to be back but already missing @andytank and Maui. It's his responsibility to post pix! ,1
arghhhhhhhhhhhhhhh,0
@waynemansfield Get 100 followers a day using www.tweeteradder.com Once you add everyone you are on the train or pay vip ,1
"@natechan it was at the Town Hall Woolies, so not local  BTW congrats on making the grand final in the band comp, will try to be there!",0
Home now  phone with jason and it's off to bed i go  good night and good night,1
oh and stressed double sad face  ,0
Got back from Jackies just now. I slept almost the whole time there.. WTF. lol @JLH22 next time just give me regular tynelol not PM. ,0
thinks her hair is too short.  http://plurk.com/p/ucnjh,0
"@ragavin thats the problem. Shadow vs spider, joe vs dragon, then those winners face. Plus crane vs scorp. Just sad all around ",0
@carltonreid Would be great if you could get it down the halls  You would see me. But a car can get all the way round the velodrome,1
"@QthePhotog Greetings, Soror!  ",1
In pain. Us poor women. ,0
@VincentHunt Getting back on friendfeed and trying to separate it from twitter. Sick @ work ,1
Lakers win! Now hate on it! LOL have a goodnight everyone ,1
"yummy rb vi@by_starla ~ can't get enough of this, love it.  The furballs are doing great.  Hope you are too  ? http://blip.fm/~5iyd3",1
Back to work w/ a lot to do   I also have a lot of Tweets to go through from when I was away. My Twitter may be a little neglected today.,0
@obviouslyash ,1
"@NoRainNoRainbow like, i wanna meet kage so bad!  and andy is just awesome. don't know the other guys well enough. save hott mix ",1
I smashed my finger almost two hours ago. It is still throbbing  i hate my finger right now.,0
@mrfresh_2def lol but its for a good cause tho! Too see my bestie!  SHould i skip? or no?,0
"Working out on the 90 day exercise dvd I bought from the infomercial. I'm liking the results that will come, but, bootcamp is bootcamp... ",0
can't wait for E3 coverage to start ,1
@kandydevil Wow! Rach goes for Drag Queens. What a breaking story. Would I dress in drag to do you? hmmmmmm? That would make some porno! ,1
@maufeitioblog obviously ,1
have you Bing'ed today? ,1
is sedey. Ghazi demam. Might hv to cancel the shoot fr tomolo ,0
It's not as good as i hoped ,0
damn...my bike is down.  fuckin' road rash burns like a bitch ,0
"@MavericktoMars Yeah, I'm a friend of Doms. See you have started talking to Matt Tuck too. So cool. Seing Bullet this sumer for 2nd time. ",1
In the dark......literally.  Power's out. ,0
"I'm in the best mood  I think I gotta go to bed now, it is 3:23 after all. lol Goodnight Twitter freaks ;D <3",1
@zelizy it's cuz my photo sizes are darn huge ,0
@mileycyrus is loving miley cyrus and her music ,1
@TroyM7 sounds blissful Troy ,1
@matthewsheppard  thanks..... ill keep you updated!! lol ♥ my hamster,1
i really want to stay up until 1 but finals tomorrow ,0
Another glorious day ,1
@professorgreen & you still are not following me ,0
"Had the most AMAZING dinner; all homemade Mexican food, and all delicious ",1
@notmywords yup-unfortunately  Took today off work and just slept all day.,0
monday night.. nothing to do.. ok...  i think im gonna make more boxes ,0
I seriously can't sleep.  and i've just been informed that there is a show on spike called manswers...To answer guys questions. Wow.,0
Just killed a butterfly ,0
Nadal and Djokovic out of Roland Garros .. ,0
@bulleto3 Hey Jamez! y won't u answer me!!!!!  I'm going 2 camp this mon. 4 a week therfore i won't b back until sat. I'll miss u!!!!!,0
@AdamHoban -IT WILL NOT RAIN ON THE 17th OF JUNE!! I am planning to sleep in Ste Brennan's back garden that night! I'll be horrendified! ,1
Allergic to seafoods! This can't be happening! Seafoods are my favorite. ,0
"@IljaCoolen @davegrahem Just one 19"" rack and you call me a geek? ",1
Filling out paperwork so my kids don't lose their health care. Their is a notice saying that some cuts to certain programs r coming. ,0
@devynburton remember that one time that May 20th was more than two weeks ago...sad day late draft ,0
Goooooooooodmorning  http://plurk.com/p/x36bq,1
@ddlovato Cant wait to see princess protection programe.  xx,1
curly hair. ,1
Calluses hurt. ,0
@rahulsah I'm sure  But i seem to be in a work-all mood today,1
"Ugh! I now have no right click! it'd be fine on a Mac, but on Windows?! Dammit! ",0
"@_Queenie_ genau! next gig, next try 2meet u but NOT just in the line-up this time ;) und fürs prosecco trinken danach bin ich dabei hehe ",1
@AgesTheGreat well then... i guess we have to settle with this twitter thing... ,0
@amigastu That's annoying as MobileMe syncs notes across Macs. Never mind. 1 less feature I can use ,0
"@AdrianSurley my compliments on your blog. Discovered it recently and have enjoyed reading your posts, follow links and so on - great ",1
"@stewie__ Gee, don't even wait forty minutes till your poor girlfriend gets home from work! ",0
Ac is not shutting down properly again  defo need to re-install leopard soon unfortunatly i have not time this weekend #squarespace,0
Ah why can i never sleep lately? ,0
"Life is so exciting! Get to see my boyfriend tonight PLUS Asha, my cat, is recovering from her injury. I am very blessed! Play time now. ",1
it feels like we spent two years at the grocery store! ,1
@tinyvamp yay! way to make me proud!  have you taken oxy before? i've never done that. i need it right now tho. the pain is really intense,1
Getta practice with the big boys tomorrow       super stoked!!,1
*sigh* She still won't eat or drink. She keeps walking slowly back to her spot in front of the kitchen sink. Why won't she drink water? ,0
Oh teh noes. XP installer has failed  Its crashed ,0
Getting ready for my LA trip I hope it's cooler over there... Here? 93f with 50% humidity ,0
"How am I listening to Filet Mignon and my 2 amigas, @labellemusik @honeydip206 , aint with me ",0
@comeagainjen http://twitpic.com/61fmq - omd.. i love ur nails! ,1
nooooo i hate my life. my mom said i get no birthday party... ,0
Goodnight! ,1
"Morning my babies  ... k know, I. Know im up ! So not like me!",1
is in the office thinking about hanim... where the hell have u been??? ,1
"Now I have 101.8. This totally stinks! We have 2 youth going on missions Monday and today is their ""going away"" party at church! ",0
Looking at houses  too bad my back won't let me sleep I probably need it,1
Missed 11:11  fail.,0
I have a bruise on the ball of my foot  walking sucks.,0
@stepher I can't believe you didn't take me with you! ,0
@missthaing13 save some for me hahahaha dont bite them too hard  lmao,1
cheers @Orli tnx 4 the tip ,1
@panhype German cup finale? Shit. So I need to watch that stuff. ,0
@bettyflies Totally on board with BTFs LOL. But now I need to leave you for a few hours. ,0
Fucking tv and alarm woke me up. ,0
"english weather again not letting us down, correct, grey wet and miserable!! ",0
@carrieVmason all the time God is good ,1
lol jess they r going to luv the arranged marriage....im stuck here till the 25th ,0
@andreweastgate  i can't leave the country yet. Still waiting for my dumb ass PR to approve,0
san diego why must you have crappy weather... ,0
Am sweating sitting down. It is 28 here with 40% humidity. Love it! :-D First mosquito bite of the year today. Hopefully no West Nile. ,0
ALL I CAN SAY IS WOW ,1
Sunday funday starts early  Margarita perhaps?,1
Listening to RYTHEM songs to make me feel more relaxed. ,1
"This is the extent of my obsession. No, he doesn't know I took this. He's just some guy on the street who caught me gawking about SaMo ",0
is mad excited for graduation ,1
I'm going to Malaysia on Monday! I think  I wannaaa goo   My mum is still not back yet. Tsktsk.,0
just watched the newest episode of the hills and cant wait for next weeks already. i really do love that show ,1
"@hilaurenjohnson PICK UP YOUR PHONE, I need the scoops! ",0
"@PlatypusZero why limit your story to 140 ch. Tell all what is annoying you at www.iamsoannoyed.com ,it will help relieve your stress ",1
hi Susan. how have you been? ,1
"'nother beautiful day in N. Texas! I need to do more stuff at night (laudry, house cleaning, shopping) so i can get out & enjoy the day ",0
"I *do* do the hide for every quiz I see, but it seems there are just more and more of them.    #facebookfail",0
#T20 update: indians do something...bangla are getting off to a gr8 start ,0
gets to play at a gig tomorrow ,1
@alyssabernal good work there! Love to buy a copy of the new song but couldn't do so from ITunes  only available in the US unfortunately!,0
@britshitL  do you still have 920 number?,0
@aurik ahh I see ,1
@goAshley don't think it's right tho. Tried downloading a file and didn't get about 5kbps. It took 47 seconds to load news.com.au ,0
@KennyMilliner  i think you made a typo.. don't you mean Domino ,1
phew!  made it thru the return of babysitting!  ,1
Well volleyball's over! ,1
"Playing some addicting game with a forewheeler online with my cousin meghan, we are only at level 3 ",0
headn back to b'ham--I hate leaving the beach ,0
You've let me down spain ,0
FUCKING RAIN ((( MY IPOD ISN'T WORKING ANYMORE ,0
Why don't the hot guys from my gym get on my train in the morning? It's always full of dullards ,0
@natecelnik I miss you ,0
This tweet app is not working right. ,0
@hczzz it's DAMN FUNNY! ,1
Spiiiiirit of philly ,1
"@jonaskevin haha i understand , oh gosh,, where is Joe?, hope u reply me tomorrow ",0
@MissKeriBaby have fun at home my dear ,1
"@EverywhereTrip No, no new iPhone for me.  I bought the 3G last July, so I'm forced to wait until December for the better price.",0
whatta full and strange day. missing @kingpacific ,0
has to sleep in a different room tonight. ,0
I hate that I worry so much ,0
"@cabbiescapital There's always that 1% of uncertainty that keeps you going in life, though! Hang on to it! ",1
"@tomesimpson its a beautiful mess  its loving on all levels , healing and dealing on other levels, and just blessed in general and you?",1
Whoa!! What a tiring day..bt its worth try.. ,1
"@funkypancake Ah, how I miss the English pub! ",1
"Gah, why does she want me to go in for four hours? ",0
@iLoveDemiSelena You managed to watch the original yet? ,1
@radha_ there are about 10 horny kitties following me. How unlucky (lucky?  ) i am.,1
I'm feeling very happy to be alone right now. ,1
"@colindrummond: re: Eminem's face - you're not the only one, I am still laughing 2 ",1
@bradgallaway #gcplay Finished? Wow. I just rescued the princess haha. Maybe Whittaker helped your strategy. Kids r so smart these days ,1
ah the joy of being the family tech support guy   Still now I know how to restore registry hives from a restore point with a livecd :-/,0
"Feeling awful.  Saw a snapping turtle, turned around to try to save it and someone already hit it ",0
"@TheJellyMonster My God, you live!!! Was it the teasing last night? ",1
"@drgilpin Congrats re the iPhone, Dawn!  I confess I just use my cellphone for making calls.  #ASUNMA",0
"Oh dear, Manchester City are literally not very good. ",0
it has hit me everyone... it has hit me ,1
Who's still up w/me? Talk 2 me ,1
@moosala i loveeeeee it  haha oh btw did alexxus talk to you about hanging out... Read More: http://is.gd/135Bx,1
@merrymorgantown i cant see the rest of what you wrote it just has dots...  xxxx,0
@iamsundae and u got me nothing  lol,0
Had good overpriced dinner at hipster eco-cafe in Sebastopol. No one is around to go to the movies with me. ,0
@joeyanne  So far I seem to be very good at creeping other Sims out... ooops ,0
@rockinwriterchk i get in to nj at about 630 so no i cant make it to ct  have fun though! ,0
My celebrity boyfriend got put on the disabled list for a mental condition. Gosh sure do have a broken picker ,0
@tatvictoria so weird. I just said out loud that SOMEONE needs to delivery me brunch ,0
Going to get a tan. ,1
"@Msdebramaye Debra, I loved your video of the dramatic eye!! So good to have you back, you look fab as per usual! ",1
tomorrow... hollidays yay! too bad i will not tweet ,0
"@wugambina damn man, all this stuff going on in iran is making me so sick. so much fighting, so much death... makes me sad. ",0
@TheRealJordin Right there with you  Men have no iiiiiidddeeeeeea,0
*yawn* At a hotel. Moving tomorrow ,0
"@dougiemcfly no prob  as long as you change it, its allright  Rockin' Dougie tweet tweet tweet..  xxxx",1
"@_J_A_M_E_S_ hmm i reaed your tweeets, i dont understand xD but i am awake for 10 minutes, soon i will rread it again with concentrate ",1
ooh it was great last noght i had soooo much fun  but now i have to study ,0
is wishing everyone a happy weekend! ,1
"@rebeccamezzino ohhhh, that's a very good point... I stand corrected ",1
@JeriDansky only 1 independent and it focuses mostly on historical stuff-there used to be a really nice one years ago but it closed ,0
@miizronnie have fun at work ,1
@LaBellaSiM I did but woke up at 2am and been up since ,0
No! Julies phone died ,0
"@ykesha2001 awwww, thank you . It was definitely a life-changing experience, I will tell you that. Thanks again...KIT ",1
@elishacuthbert Hi! It's nice to see you Twittering.  It is hot as hell here in Arizona. ,1
is dying the barnet. ;D laters reddddddd. ,0
is obviously not studying  http://plurk.com/p/sx724,1
500million people watching fa cup final and no one knew the words to the anthem. Disappointing ,0
"@Manji2501 @ThatKevinSmith The Flea Market was in Edison,NJ, but the Mall Scenes were shot in MN.  I miss Rt1 Flea Market ",0
Susan Boyle is hospitalized ,0
@ChelleRenee80 Uhmm how bout now!?? I'm sad its not changing!! ,0
@_Mom24 My baby is 3.5 months old and I have bald patches at each temple. Had them with my first too. ,0
"@yikesjames Duuuude, right? Just wait! Can't believe 6 won't be out until next year! Now I have to wait for Lost and SP!! ",0
i missed the start of Borat!!!! dammitttttt  lol,0
Hey I'm Marylin and I'm French ,1
boredddd.... its the longest day o the year todayyy woooo... geeeze its not even hot! ,0
loooong day. going to sleep. NIGHT NIGHT AUNT FIJI!!! (DREW DREWW & MATTI OF TOO OF COURSE!!!) ,1
I am phone less until tomorrow...  Not a happy camper!!!! Hit me on AIM andonlyme260,0
am sooo annoyed at myself...too much social/dj drinking in the last 48 hours has ruined my appetit and am in Italy. what a waste ,0
"Mitchel Musso is now on Radio Disney;  go listen!  I'm listening ohyeah. I'm home alone, missingg some old friends.",1
Tha Lakers did there thing and finished off tha Nuggets in a big way ,1
tonight was a good night.,1
"@sweetpotatoes Oh dear. I don't know, I've never had one. Feel better. ",0
MTV movie awards! Wish I could be there. ,0
I just realized something...last week we had our last dinner together around our table as a family in this house.  I didn't even notice.,0
@charmoon the last train accident in this country only happened today so I feel safe ,1
oooh my gosh tomorrow LVATT ;;  but in cancun not always take longer ,0
@lambgirl3 LOL u get what u need with no crowds ,1
Trying to download iPhone 3.0 but it ain't happening!! ,0
sry. for mi out burst..i wish jeydon was younger ,0
"@saccoo I have 2 this week, 2 next week then have a week off  then I'm in 5th year :o glad when all this crap is over!",1
Been trying to upload my GA tour pics to Flickr all day but have the worst Internet connection ever! Taken all day to upload 100 pics ,0
http://twitpic.com/6u23n - drawed by myself...  with an autograph of Richie,1
Good morning twitter. ,1
@djsosa  what am I suppose to do now! ughhh. such a disappointment.,0
Can I just say. I am BLOWN AWAY by all you #HeraldTweetup attendees! You guys are the BEST! Now don't make me cry by standing us up ,1
today's soup FAIL. need to hunt for provisions. ,0
thats dedication.  re: http://ff.im/3ZBGp,1
Got my permit today! ,1
@Avery_Mariah cool nachos  have yew talked to jayk or any of chur friends.. that chu might of mentioned once of twice?,1
@ishaka Same to you. ,1
Morning all..another day in the office filled with paperwork  looks lovely out there tho..enjoy if you can....,0
"Kisses, kisses, plz to be sending good thoughts my way. Good things may happen today! ",1
So for some reason this summer is really making me miss my grandparents... ,0
my boy is another year older! sad for me  because its now a 7 yr difference. well atleast he can drink legally! age is but a #,0
"@petewailes @bakerash haha love you both, but was just saying hi.  first to pete then trying to get ur attention. ",1
Going to my last dinner in montreal... Its been fun... Sad that I'm leaving tomorrow am... Very early am... ,0
@Rove1974 I missed it unfortunately!! ,0
@kingbomani i cant find it ,0
Frick! I cut my thumb with a knife. Nearly got blood on my num num ,0
@ajuonline wth  Such a bad photograph. Quit embarassing me people!!!,0
@Teifion Heh - pretty sure I already do that ,1
@nickjonas yess.. i vote  for u  ...u will win  and i will see it  love u,1
"should be in bed, but whatever ",1
@kriziaa u need a new face ,1
"Just got home from the Green Bay BBQ Tweetup. Despite the rainy weather, a very nice turnout of people . Met some new people as well ",1
Im gunna have to 2nd that @Trelawney17 also Tysons last night in town ,0
"@alyankovic DARN..you GOT ME(at first) on this hacked website thing, so I'm a bit gullible.Like the peace sign on the web address.  ",1
"@egorstandish Same here, unfortunately.  Read many more than several times.   Need more Ezra stories.  I wish I could help on Psych!",0
@briancray Yay... the book gets closer..  ,1
/me really sad that /me can't go to Java One ,0
Having internet access on board means I can see what bad weather we are flying into   http://bit.ly/h14Tw,0
"@batmanspanties that's not healthy, lady.  have you been to a doc?",0
Missing Tony.   Come hooooome,0
Photo: i want to go to there  http://tumblr.com/x0323rgjj,0
@lilyroseallen you look lovely in your photo... ,1
needs to find a party tonight ,1
@ddlavato but because I was gay n doing stuff with modelling n in the school my class mates hated  keep it up girlie UR AMAZING- xo stefan,0
@steveorrell that's unfortunate ,0
"@Becky_x_x_ my god, ok i def. do NOT like the trace thing now... Demis gonna get hurt ",0
"@yohannamusic You were amazing last night! I was quite sad you didnt win, but #2 was really good  Congrats! You're the best ",1
"@renmaldita Di ako invited?  @mzmraz hehe! ei bday ko labas\ tayo, ha! still deciding if the 10th or 18th hehehe!",0
@madamecomedy IKR?! My mom got it for me a birthday a few years ago. Tis the best ,1
graduation! ,1
ps. so happy about a new phone this week  xo sweetdreams!,1
Thank you Starbucks for your flimsly defective cups..I am now wearing half my latte ,0
@fatboy951 Why didn't you fly out of Ontario? From Curious in Ontario...and beers are expensive in the airport.   ~Michael~,0
finally eatting a full meal....still feelin sick tho ,0
i am going to do nothing but relax today ,1
I meant short not showy.   http://twitpic.com/6u3zq,1
Ur the perfect guy. Just not the perfect guy for me ,1
@robalan No. Stacy wouldn't let me. ,0
@ozazure and it takes sooo looong! W just finishing getting her eye teeth-still have molars to go ,0
"@Fannysnightclub Pity il be missing it  will be on air, was looking forward to seeing Killaqueenz!",0
@destroytoday I'm using v1.6.3. What seems to be the problem? ,0
@rubenator hehe thanks ,1
its well too hot in this room ,0
"is broke, but still looking forward to London ",1
"@Swizec i agree, there should be a post ... @freeeky, grant us the privilege of reading your incoherent tale of that particular evening ",1
happy early birthday to @rinOkinawa !!!  june 11th!,1
@jonpauldavies Me please ,1
"@SapphyNo1 For a moment I thought you were taking the badger thing a bit far ""marking outside"", then I remembered you are a teacher ",1
Photo: cellphone pix are always cool.  http://tumblr.com/x9e1yyj22,1
is going to Poland ! almost for free  just after a litle detail like final examss,1
Still studying.  I'm all by myself now. I better do good tomorrow.,0
"@reikun Geez, man, what the hell happened to get you in such a down mood? ",0
I've got a sore throat  so swollen I can hardly swallow..... got to be better for tomorrow.,0
@1wickedangel ahh Grey's Anatomy is a great show ,1
@_ElizaClaire_ apologises for the length of the email i just sent you ,1
@nomysteryleft For the most part. Allergies and major breathing problems were a concern tho. ,0
says good morning.  errr. chores chores chores.>_< http://plurk.com/p/xq8m9,1
@IamTam  Nice to see you here,1
"My personal blog, recently made, follow me here!  http://thelifesrefuge.wordpress.com/homepage",1
@MaraBG & the cookbooks I can access R the 1s I don't care abt!  !,0
New season of secret life of the american teenager starts at 7 today. But i won't be home to watch it. ,0
@selenagomez I can't wait to hear Demi's new songs. I love Selena ,1
"how?? ""Starting to doubt ddlovato's identity"" im mean what they no you from your programs QUIT YOUR GIBBA GABBA FOOL haha  @ddlovato",1
"@rjbunch That sucks, man  Epic fail!",0
I just got dumped. ,0
@iamseanyb haha yeah 'excuse me speak English?' I'm like 5 min walk from sacre coeur. Damn didn't bring amelie s/t on my iPhone though. ,0
@FrankMaresca Hey Frank ! i was wondering if vh1 ever offered you your own show ?? b/c you deserve it hun !  xoxo !!,1
@curbsideyogini good luck on your interview ,1
Nutty Newswire - Residents of 'Butt Hole Road' get together to change street's name http://bit.ly/tVutz (via @The_Tech_Update) Laugh ,1
@brandystrippers ok I sent a few pics via email of Russ that I thought u'd quite enjoy  ,1
Only 13 weeks until Graduation ,1
"Today I'm off to reposess a farm (not my normal duties, but it pays!), then a gun safe to open somewhere else.... ",1
@mtmoore31 ugh hopefully jus a few more days for me. ,0
fire at San Antonio!!! hope no one got burned  i feel bad for the victims..,0
@DennisCharlesL hey pastor dennis! i just wanted to let you know that i really enjoyed your sermon in the chinese cong. today !! ,1
"@c2s ...I don't like frosting.  Not unless it's like, cream cheese frosting or something. YEAH OKAY I'M A FREAK.",0
Soaking wet. Terrified of driving in this thunderstorm. ,0
cute Tarte stuff @ HauteLook- but $8 shipping really cuts down on the savings if you're only getting one thing ,0
You're the only one who can see this cause no one else is following me this is for you because you're pretty awesome,1
Hmmm... he's so lovely. I wish he was here now. I'm tired but can't sleep ,0
@boss_uu I think i'm falling in love with you!!  xxx #iloveyou,1
how do you know I am leaving @daihard ? lol. I figure if you can blip till dawn then so can I  ? http://blip.fm/~5gtjn,1
Photo: kari-shma: I really miss your kisses  http://tumblr.com/xwa1z44eb,0
@DavidMcQueen That was just so you could come down again wasn't it?!?! You just want to get your grey feet out! ,1
@FletcherrJones_ yes gemma it went through  i'm fine how are youu? all rhymed lol,1
"@caseyloelle  no im not, i just wanna be loved lol",0
@imasoom I hope ur gf gets well soon. ,1
@SaveTheRamen *clings to you and your distractingness* ,0
just got back from the doctors i had 2 get 4 shots! 4! i was only supposed to get 1!!! but nooo i ended up getting 4!!!! im all achey now ,0
"HOT DOG!!! Catching Fire ARC just arrived. Goodbye, family. Perfect timing for #48hbc. And a big :::mwah::: to KG. ",1
"(cont) & to @anabagasao, the baptism + reception was perfeeect  I love you and baby Nate!",1
Time for tea ,1
ashley need some sleep. ttyl u guys. ,1
Bought Nick a cheesecake. Currently testing it to make sure it's not off.... ,1
has a headache again.  ,0
you are beeeaaaaaauuuuutttifulllllllllll ,1
@MontyMacalino text me when it'll be aired!!! will u play my ever so favorite Montz?!  classic!,1
@utku @alexandrapullin That's the @wearesocial work local as it happens. But I'm tied up this evening alas ,0
@MalMNN Wow! Thank you! I appreciate your offer. ,1
"@brittabritt I'm gonna miss, just when I was getting to know you, it makes me ",0
Good Monday Morning to our Twitter folks! Thanks for following me & the FuseBox Radio/BlackRadioIsBack.com vibe - much appreciated! ,1
just lost my mobile... ,0
"@DJFreshSA its been a long time since u laughed like that on air, ur laugh is contageous dude ",1
"Wow its been awhile. K, going to the movies with Storm tonight  and right now my stomach hurts, oh joy",1
@ebassman good night  hope u get good rest!!,1
Synching my contacts from my old mobile to iPhone. Import does not work well ,0
@jessstroup I'm sorry  but the good thing is u worked out! A lot of people don't!,0
@shine365 ,0
"Just got done discing, found two discs in the last two days. Solid.  Wish @pacheros would treat my koozie better and not throw it around ",0
"Sorry guys, my tweets and twitter are slow today for some reason. ",0
just got home from camping at the lake! Thinks she ruined things between A.J and her. ,0
@projectmgmt no but you seem to still have a squatter using your ID ,0
will be celebrating her and her hubby's wedding anniversary soon ,1
@cascandar So now you need to provide dancing pictures to me ,1
@lo_ferrigno we aint get to hang ,0
@karenqgil just sayin hello  how're y'alls mondays doin?,1
omgosh 1101 subscribers  have a big smile now,1
@striike Acontece ,1
Alone @ the office! Kerajinan amat yak! ,0
@shoebites So charming ! Jason Mraz !!   ,1
hey @TheBellaV  nice site!,1
@npender thks 4 sharing happy note!  Hope U enjoy this special *Toothfairy Dusting* special Tweet just 4 you Enjoy ~Toothfairycyberspace~ ,1
"so so so angry, my as new mercedes, is now just a merc with a sad ass  some dick slammed into the back off me while sitting in traffic",0
Photo: ashleymarieboyle: They do kind of look alike! Lol. i see it!  http://tumblr.com/xr21m62pk,1
Caping it past the high school just isn't the same anymore ,0
"@pat_tricks ah just a friend, he is refusing to like my hair  x",0
I gotta go to internship today... lost sunday afternoon  I just hope the time I'll spend there be useful to study for tomorrow's test.,0
@heatherbond I'd love to!! ,1
Jonas Brothers 3D Concert Experience: woop woop ,1
"@Catiedit not much of a weekend for me I'm afraid, I get to work tomorrow.  =\ I'll just have to make the most of tonight and sunday. ",1
@valcoda Oops sorry! I thought you'd lost your mind and all along it as only a bet you'd lost! ,1
T Minus- Too Much Time Til The Puck Drop Imma Go Sleep away The Day...Night ,1
"@slmar LOL The sun is actually hiding at the moment!  Still, it looks like it should be a dry day for us as well as less windy ",1
so looking forward to this week..my babys bday.. going to see chelsea and our houseboat weekend..yay fun!!! lovin it ,1
@surfnmusicexpo from far away it does! But I know it's people ,1
breakfast in a feww!  yum! im hungry! hey @NathanFlores17 what time is it over/under/whatever there? ,1
@KirbyTheDog it was so so special.  Yay for firsts!,1
@nadiraeeh iyaa salam kenal jugaa  never do iron !! Capeeee hehehee just hang all ur clothes..bakal rapi dgn sendirinyaaa,1
Goin to have some toasted pankcakes;-) then maybe go to bed early. Up early to revise then off to school for exammy  can't wait till Mon,0
BTW does anyone want an old G4? I'm about to go drop it off at recycling. ,0
"@selenagomez I'm trying, but it's not working  haha",0
Logan is graduating Pre-K!! ,1
to be leaving Mt Grace!!,0
@joshitoshi a sip of coffee while taking a freezing shower AND having a cigarette. ,1
"So it is possible to get in Fifteen Cornwall without waiting 2 years.... on ""certain"" secretive dates/times ",1
"@if_i_fell omfg i would be to, id probably have to go on my own to see the films or wait until the dvd is released  bad times",0
@b0tsk33 Air France was already found and confirmed that there are no survivors. http://lev.me/AF447 ,0
getting excited for my birthday yay!!!!!! got a few days work first though ,0
woke up on the wrong side of the bed again... i needed get out of here ,0
@candykiss118 im not that good i have the flu ,0
@DiegoCluboholic I'll c u there or I'll c u later haha told u lakers would take it all the way for the bestside westside ,1
@officialnjonas u never sent the tweet my friends and i ask u! ,0
@patriciaco i also voted for her.. ,1
music in the sun ,1
@deaconblues1982 Damn.  No time to put your feet up and slack?  ,0
@ComedyQueen it seems to be okay now. But I had trouble when I first got on. It froze every time I tried to reply to someone. ,0
Just got back from a late night bike ride with the kids. What a great way to end the day ,1
@tamicks Hahah..well we're having a long weekend here in Australia because of the queen's bday ,1
"@charly_murg Oh, good-old EEP ay?  x",1
OH god.... Oroton is having a sale... THE TEMPTATION IS KILLING ME ,0
@airr @dineshbabu @aarthycrazy Thank You! But not helping  I'm just so so sooo confused.,0
@WesleyTech i'm an Iced Tea guy myself. Soda is the devil's water. ,1
@dougiemcfly Change your name to Michelle. ,1
@chrismou I'd probably have to move to Glasgow and get a job there cause its full time. Dunno what to do  You do have a foot fetish ;),0
miss you. ,0
I hate Hayfever! Today is  the worst day  for me ,0
"@hbloy I hope I'm not off that long!! But if I am, will do. Hope weather there is as beaut as here, can't go for a walk though, bugger ",0
"Thanks everyone for coming to ""Walk To End Poverty www.oaklandcap.org  Don't forget next year! ",1
in florida...lost my bracelet on the manta and had to see it plumit to its death! ,0
"Omg i have just had the biggest moth on my cellin ever and now im gettin shouted at, its hardly my fault ",0
@CHRISDJMOYLES u didnt tell me!  omg cryin right now!,0
"this is just not right, 1 day i can feel like that and today like this ",0
I'm exhausted. Long but fantastic weekend. I'm in need of a nap. I might have to miss out on my family time tonight. ,0
Back at work today ,0
i don't understand you  ,0
@666photography So sorry to read about your Totem ,0
Just dropped 30 lbs of cardboard at recycle center. That and composting has our weekly trash down to 2-3 bags from 10-12. ,1
"Molly lost her ipod touch last night,  !",0
I LOVE MY NEW HOUSE!!!!! WHY CAN'T YOU GO!!!!!!!!! ,0
I may be using Bing more than Google in the future. In fact it saves time searching with Bing: 4 letters less to type in the URL. ,1
"@kyspeaks Awwww you're still cute, KY! ",1
I do not like hearing about how bad my grandpa is doing. When I live on the other side of the country. ,0
@nedwin I spot you! Strange twittersphere crossovers ,1
Rediscovering my love for silly quizzes. And Disney. Wish someone hadn't sold all of my Disney movies at a yard sale ,0
first tests tomorrow ... im scared   but i went to walmart totally by myself no help and i think i did pretty well considering lol,0
@disneYdorK92 well i lik 2 call her babe ,0
"Good Morning everyone ! It's cloudy up here, like my mood   I backed my car into a pole yesterday - $3775 first quote,  OUCH.Im an idiot!",0
i think i put too much mousse in my hair ,0
Who actually listens to the Electric Slide as an actual song? Oh.... right! MY DAD!  What the hell?,0
@herfragileface you didnt reply to my tweets. aww ,0
Jus woke up an I feel 4 sum affection not even sex really jus sum spoonin an cuddlin an sweet kisses murrrr I don't like dis feelin ,0
party-ing it up tonight ,1
my skin is peeling. it's really disgusting. i hate it when burns get this bad. and it's all pale underneath. ,0
Dane Cook special was INCREDIBLE. Love the new adult theme Dane. It's a comedic coming of age. Upset that Comedy Central censored so much ,0
@AshleyLTMSYF come back to Jakarta soon! Take care. We'll miss you girls  <3,1
OUCH RETAINER. ,0
"@envertigo I TOTALLY agree, Envertigo. This makes me doubt my faith in humans. People are stupid. ",0
"@jayruger new week ur right, start of my vacation and shrimp, liquor and steaaaaak! Grrrrrr ",1
@KoshaEngler I normally write down random words for about a minute that usually helps me! ,1
so ooty-conoor is good or conoor-ooty is good? I'm confused! ,0
yayy  adam and chris omgsoo excited  dont kno who i want to win >.< hopefully dealing w/ some stuff tomorow ugh y r relationships so hard ,0
hope my phone dont die ,0
@j_mccoy Can't kids all up and running bout like loonies!!! Bed sounds lovely tho..i wish!   lol Loud music helpin..will be dancin sn! lol,0
went out driving with Jess today.  We went to the Dome  ,1
@hiitsbrian Isnt that the truth! ,1
Buyin crap to clean up crap!  Poor Toby sick ,0
just got a side fringe cut. its kinda cute ,1
I hate goodbyes.,0
you make me smile in my sleep.  goodnight.,1
Where oh where did the sun go?  ,0
Olive juice ,1
miss my dad ,0
housework ,0
Milk is so gross ,0
Really nice outside...I'm stuck at work ,0
@ArtRevel hey thanks! ,1
"BTW, this past Sunday was a friend of mine's birthday. Really special friend to me!!  ",1
"twit, my way out of grad traffic.  ",0
@wazupstl my shows (i work with TV shows) have not been buying the past few months.     I wait tables on the side to get sorta by.,0
"cant afford to see Angels and Demons, so i watched it for free: http://tr.im/lvBu",0
went to a bar for the first time tonight. my friends cousins own it so i got in for free  jazz band & older crowd but still really fun.,1
I have the most amazing family in the world  ,1
I love long weekends! ,1
Playing with Redhat (CentOS5) again after years of not using it. Picked it up like I never left. Really good thing for possible job. ,1
@bella1608  thanks i remember ¬¬,0
"ahhhhh, I am falling asleep here, there is no way I'll be able to survive Liverpool   Although, I can't wait to have my Nan's food.",0
I just wanna swim some laps but all the lanes are taken! This sucks.,0
@LimeIce baby... We gownna miss you heaps too *empties 1 bucket of tears* ,0
My dad got me a Physics tutor. I'm gonna meet her today. Hope everything goes well ,1
@hugoahlberg That's what you get when you do very fine work ,1
Nice little hail storm in our neck of the woods this evening   great way to cap off our first thunderstorm of the year... Beats the snow!,1
@sandramogensen lol I know! ,1
@Team_M_Cosgrove darn  oh well,0
@vodafone_es link??? fechas??? ,1
@Croc_Hunteress Nah. You don't want to mess with Old Man Lady Luck too much ,1
"@JBeatzofficial Mega par man, you should go fart in their face. Welcome to Grime though mate, unfortunately ",0
@hoybea We all don't have time na.  Dude ! Thursday lunches ? ;;),0
@sweetdreamer  TY,1
is on a Nokia E71 now ,1
Just had the giggles in a serious project review meeting. Not exactly anarchy in the work place but broke the tension if nothing else ,1
@TxPrincess31 Awww your welcome! You have to stay positive  ! You too have a great saturday!,1
Eating twisties. Twisties were not my snack food of choice but it is all we have ,0
@twilightchill Oh I hate that feeling. Quite depressing really ,0
"@robscotford What? Gods got a shit Nissan! Ace! And if thats his way, the answer might be a solid 'not yet!' ",1
@jaredmaine i really wanted to be in Cali right now  but Brazil is way too far from there! come to Brazil and hang with us! ,0
@211me  im watching Harry Potter and the Goblet of Fire and thinking them Twihards might get ya ,1
@elysa im going in to work to finish up some unfinished business from yesterday ,0
@Coollike you better be taking me :/ or no tea for you!!! :'/ ill film ,1
Just woke up  Good Morning Sunshine!,1
"@countroshculla @zeqox @fsiyavud @roshinroy  Guys, #Coktup sounds a bit like that, but its good to get attention. Playing on Minds ",1
"My yearly tuition at the conservatorium next year is going to be $19,000 ",0
i love you much its crazy ,1
http://twitpic.com/6qcsa - And a caramel frappe to go along ,1
"@racheltrue Thank you.  I like wordpress because the dashboard is easy to navigate and edit posts. I have a blogspot, too.",1
@migaruler He was anouncing his rank in the philippines best selling album. lol. ,1
@IlanBr Thanks   ,1
"@with love ang, o snap i forgot u  dyed it u never sent me a pic loser ",0
"ANOTHER sick child here!  Matthew (5) has a severe ear infection that came on suddenly.  Strep, broken leg, ear infection, what's next?  ",0
@solessence needed a little bit of relaxing bc of crazy wk. had to cancel an appt and i'm so sad. no rest for me!  ,0
@keynk ur not going anywhere today key? School start monday  sucks.,0
@Hell_Pinto Thank you so much! ,1
My fav purple pen just ran out of ink ,0
"cleaning my house, and listenin to music ",1
"""It only takes one person to retweet it"" http://bit.ly/PDwH7 ",1
@ttaasshhaa Lol thats okay. Aw how cute  Lol. Lmao ew at feeling sick lol. I knowwww 'Thrashed' :/ Thank god we didnt go lmao.,1
Love sucks ,0
I'm in Plett for the week. No internet in our room. ,0
"@exampleyoutwit My video of you in Brighton, it focuses after 7 seconds  http://bit.ly/JboD7",1
"Hahahaaa, Eric walks away while Frank is talking. Then gets caught talking to himself. Oh he needs a hug. ",0
Working at E-Bar allllll day. Upset cause I might miss the Magic game tonight ,0
Aww it is such a nice day.  Want to go out but must revise! ,0
"@infinitysanti & Yes, Toshi death scene ",0
@wolfgang i didn't follow either ,0
Anyone besides me have to work today? ,0
"@mindilsmith Love you, babe! ",1
Just got out of the shower. Leaving the clothes off for a nice long while ,1
I kept the good ones with me so I could actually WATCH you open them. ,1
Christine is a panda because she is cute and does not abandon the herd...unlike aaron. Who's graduating.  ...elk.,0
"So the gummint wants to tax my land line to pay for a broadband service that's slower than what we have, and use bbc licence for itv? ugh ",0
@daisydeakin oooh you're so lucky - i'm jealousssss  xx,0
it took 4 days for my pic to upload lol geez thanks twitter god's ,1
is satisfied with his recording session today ,1
@knotby9 HEY Where were you at today? #TheGanjaBus just isn't  same when your not on it  ,0
"@Schofe Hope your tea tray includes a sharp knife, you'll need it to cut @jantunstill cake later!  xxx",1
@MissKatiePrice whats the real reason you both split  xxxxx,0
@tb78 tone my man no hotties talk to me on skype  must be that aura of salty fishiness you got around you LOL,0
@peterfacinelli still needs more followers to win his bet... or does he? Twitter has really been twitterpated this week. ,0
@nikkeexox its not her its her company ,0
working today  wall papering tomorrow .. oh will the fun ever stop,0
@earcandyblog ,1
have headache  b back later tweoples mwah,0
I really fancy some more beer garden/heavy drinking action! Probably wouldn't help tomorrows revision plan though ,0
Change of plans... No chad because of work  Oh well chris my sis and i will have fun with our floaties,0
I don't have steady arms  http://dailybooth.com/karlchyeahh/223636,0
@Georgiee120193 lool that made me laugh  stalking at its best hahaa,1
just finished eating...now im feelin lovely...missing my one and only though ,0
going to the pink concert ,1
"the moon looks amazing right now! i had a blast on the dance floor, in my own lil world. besides that everything seems so pretentious. ",0
I was talking about you. ,0
all work and no play. today sure would be a nice day for doing stuff outside ,0
"WHY CAN'T I BREATHE?! Yes, an over-exaggeration in terms, but still. I hate being ill. ",0
"@cozmosis a total cleanup. Get into that cpanel of yours, try deleting some stuff :'( yeah I know it'll be sad  oh and say how about you..",0
Just woke up... Now i'm going to study ,0
@bilarenjani yer welcome dear. greeting knows ,1
"@ddlovato You wanna sleep? xD in Lima 12:49AM here, in venezuela 1:45  i Just wanna be with You!",0
I hate starting work at 8am.  Nothing is open...  Like the tobacco store ,0
is trying to build some muscle  http://plurk.com/p/11iris,0
@racquel_xx i'm just about to start the second one  theres only two up yeah?,1
Out with my best friends ,1
"@liesforaliar Hey, that works! Plus other English candies I haven't had before! ",1
@kerrysholicar Yay! That's good to hear ,1
tickled about my 25% off coupon for Borders   I know what book I want to get.  Oh the excitement!!!,1
@yoshi_f Thanks for the advice ,1
i cant sleep....got these white stuff in my ears.....and they are keeping me awake ,0
Sitting On My Xbox360 Owning Noobs On Call Of Duty: WaW ,1
@srcasm @beyondreality - thanks for being the distraction I did not realize I needed today - Love you both!  ,1
"I finally bought myself some clothes....umm...I still have a long way to go  I only got 2 shirts & a dress...hey, its a start! ",1
Goodnite!!!Sweet dreams ,1
"It's good to back to work.  Now I can get a little rest   I don't know how I managed to find a White Sox bar in Dubuque, but I did... lol",1
I'm losing everyone I've ever cared about... ,0
i can't go to sleep ,0
has his first exam today. OMG Im Excited!! Tomorrow is the last day of school ,0
"@CathrynMarie @Candyland3 that link hurt my heart cat, im not even an ass man like that but ",0
storms came close but didnt see much action  prolly wont,0
"I just wrote and entire story, and it didn't save.   Motherfucker.   http://twitter.com/disintegration/statuses/1548632552",0
@bobbythomas1 so you're having a musical day ,1
n.p: the climb ,1
@gjhead it was good to see you and @vlh at the #twootenany last night ,1
Back to the grove with @xomalese showing some support for @mitchelmusso ,1
"@gmoreira001 Had fun tonight, thanks ",1
Twitter banned my tweets for over tweeting thank you's to all the #FF folks yesterday  What should I do about it for next week?,0
@MikeGrace I have all versions of windows from 95 on and about every version of the classic Mac and every version of OS X ,1
i'm going to see bluemangroup! ,1
@VH1sCornFed oh did iMention SUM 41 & J-Son are also on the record as well??? ,1
@popeyed  oh..rilli strange adjective i mst say! So can i still keep it? or l i hav 2 delete it?  again its up2 u.,0
Just dopped @meeshonion & fam off at the airport...sad times ,0
@jeannemariepics - Love your work! Just dm you. ,1
My New sn doesnt work ,0
"@vezliukas BEWARE! Grybauskait? won... So, I bought this: http://tinyurl.com/phzbhg ",1
@Imsoretro cAll my house phone.  again. moms was probably on the phone,1
watching the rain and reminiscing about the time when everytime it rained I was with the love of my life.  ,0
"*sniff* #ER was so sad! why do tv shows always kill off the cool, hot characters??? it sucks ",0
@aplusk wait! Do you like this person??? That will make a huge difference ,1
it's been 3 weeks since i came back from the states? feels like it's been months  i miss everyone lots...,0
2moz i have 3 games of hockey 1 at Erina 1 At Penrith and the other at Liverpool i dont wanna be in the car for 3hrs  life sucks sometime,0
I take that back. I'm so mean. ,0
@theblast GAH! It sucks that I'm still seeding Season 1 now. ,0
i think my best friend is spamming me.  on purpose.  u bastard.  ,1
"@JoshFittell haha, i jadore haters. they make my day ",1
@Viki_T oo that doesn't sound good better to cut down for a week than starve for a couple days * thinks* ok you're jk right ? ,1
@TKtheArtist Hey whats up? ,1
@TheAdamLambert You made a life changing decision on my birthday  I have been obsessed with you on idol SINCE day 1 ,1
is seriously contemplating a career change...my <3 just isn't in it anymore. ,0
Just finished recording guitars and organ in the studio. Douglas is doing vocals right now. 5 new songs ,1
uhhh i want to go back to bed ,0
excited for my boyfriend to get here ,1
I'm goin' to class.. see y'all ,0
is out running errands for work...it's monday again ,0
is done with his mockups! simplicity is beauty! ,1
"design all day, champagne and love tonight, antique/vintage shopping tomorrow. my life isn't so bad ",1
@kneace where are youuu? ,0
@Lkudrow  you're twittering again! ,1
i got a text. lol hehe!   i LOVE to text http://tinyurl.com/n34mzc,1
@gbell88 @karinagarcia @TaylaMe3 haha just read your replies to my random drunken pictures from last night. thanks for viewing ,1
mac osx select boot disk during startup?  ... a little help ,1
@mahhriahh thats good ,1
"i met kitties and puppies. so cute! yes, im in the pet shop. ",1
@Cazzidilla missed you ,0
"Of course I guarantee it will be sunny; I'm in the studio all week  a cold cava is calling my name. Tracks mastered, next job..",1
@michaelbolton Maybe it is the start of a trend and will fill up CAST2010 with Coloradans. ,1
@DonnieWahlberg I'm sad for my friend who won't get to see you & I'm also sad that NC prob isn't going to be rescheduled.  ,0
lounging all day. i love sundays ,1
- heated arguments does a number on my stomach. ,0
@alyssacupcake what's wrong? ,0
"@ConservativeLA ""I turned off my XM bluegrass...& 14sec in I couldn't breathe"" My work here is done then ",1
In sf I didn't make it so see them at bfd ,0
"@localtweeps Wow, tons of replies from you, may have to unfollow so I can see my friends' tweets, you're scrolling the feed a lot. ",0
joined Facebook in order to test some stuff ,0
"@gheelovesyou oh yeah! I didn't get to give you a FULL update, but I'll see you sunday for sure. Catch-up time I guess ",1
I got burnt today ,0
This is the life ,1
@trvsbrkr http://twitpic.com/7xfgu - i wish i could of been there but i had no ride ,0
Seniors year prank was great! cant believe its over ,0
Ohh @RebeccaMasters is going on holiday today and leaving me  I will miss herrr <3,0
"@mileycyrus http://twitpic.com/6shtr - come on to recife, brasil. here we have a lot of sunshines ",1
"@ajaedandridge @MrsOfficerTia but, the picanic...basket...  aawwwww",0
Kunitz is a punk. Power Play... DETROIT!  Good play. #redwings,1
@stephenfry thanks for twittercomedy club linky ,1
We miss Jay. Weekends are never gonna be the same ,0
@gothammedia  He claims not...,1
even artichokes have hearts ,1
Going for another walk soon. This time with just mom and Jaiden  <BlackRoseDying~>,1
"getting ready, then Cory's grad. party  !",1
@Kirsten613 what happened?! i cant see it here ,0
@xomalese i have done that once - but it was a bad txt ,0
"Wooooo, lightheaded  Sling Blade was a good movie...what now?!",1
dying my hair ,1
"@kateserenity Ok, will give it a try but am afraid it will require the Wifi connection. Worth a shot!  thx!",1
"@AmyPredsfan Oops..too late.  Already popped in Bridges, since I missed most of it on tv.   (I <3 Blair & Jo too!)",1
"@transhawn http://twitpic.com/6d44w - thanks!   funny, huh, how I'm the front Israelite dancer, but I'm also the most clueless? ",1
The sky is actually blue today in NYC!! Now that's beauty ,1
"@jewelstruck Thank you, Thank you!!!  ",1
At the gym warming up to do legs! This is going to be fun ,0
"broooke, try calling my phone :| i think its broken  && get on gaia ;D",0
"@tommcfly How are you? Come to New Zealand, please! iLoveYou too much. I've sent so many messages hoping you would reply  x",0
Our wonderful guests from Hawaii just left. We will miss them ,0
exam this afternoon ,0
Fountain bleu clubs flooded out... No pool parties for a while. ,0
drag me to hell was scary biscuits. nightmares tonight! ,0
@Landailyn Thank you and good morning  I'm lying in the sofa now taking it easy today!,1
I hate having only 250  texts a month. I get all stressed that I'll go over and my dad will get mad ,0
@Basilakis analytical bookmarking in delicious and then search in your bookmarks ,1
Just found out that people using Internet Explorer can't read my blog... at least not past the first page. Some sort of coding issue..  ,0
@MrGroper of course yu do ,1
what to do on this gloomy friday?? ugly day pretty girl. hehee ,1
"@katherinebhowe I look forward to reading, your perspective sounds refreshing ",1
Its raining ,0
I have kinda given up on finding an opening song for now. Netflix here I come! Nite all ,1
feels like singing. I think I'm goin to go on the sports court and do that. ,1
"sitting on the couch drinking oj, my head hurts. nothing has gone right today ",0
AWAKE! ahh work in an hour ,0
is working on my history essay ,0
@KevAnthony Cat Dog FTW too! ,1
really bored.. hate this weather!! where has the sun gone  xxx,0
Do ya do ya do ya love meeee. McFly. :') I love them. Haha jesus I feel drunk but I have not had any alcohol. Just really really happy.  x,1
"I have no more work to do today and am not allowed to leave before 4  As dashing as I look in uniform, I'd rather be elsewhere.",0
ponders what to do today on this beautiful & sunny Sunday .... *starts up LotRO*  #fb,1
"supposedly i have a tiny cavity in one of my teeth from when i had braces. dnw, i hate the dentist ",0
i think 90% of the irish population of manchester have come to my house today yet none of them are the 1 person i want to see ,0
@drakerock do you adhere to that thing that excludes a European guy from coming to make a moivie for you? what a shame  I wanna,0
@deon @almaviva  MY POOR BRAIN. SAT. NOT SUN.,0
I hate waiting around... wish I could just go home tonight but the tickets for tomorrow cost quite a bit  Never mind.,0
Bowling: Dude on the lane next to me is busting ass something FOWL! And singing along with the country ,0
i got to leave work early. ,1
"Photo: Friss, ropogós!  http://tumblr.com/xwu1xu9j1",1
lol accidentally tweeted that ,1
hmm what will i do today? I really wanna go out ,0
Missing Shmoopy.  She's growing up too fast ,0
Yes room is spotless  getting my own computer !,1
@itsHoodRich ouch... i see how it is....  i jus wanted to say goodnight...,0
ugh it's going to be a busy day at work...I can feel it ,0
@silver_tulip27 i wonder when im gonna get the urge to buy sone sunglasses  it must be a new gutter virus ,1
@SoAuspicious good that she is feeling better  ..how is you ??,1
wow........ sleeping at kelseys. beach tomorrow with kelsey kent jules and alex! ,1
@zjuul precies ,1
@eyeofthecyclone  hug?,0
"is going to need a shovel to tidy this house. I work Friday, Saturday, with Brownie event Sunday and the whole house is trashed ",0
@skylistic How am I starting trouble? ,0
says reading all the plurk messages in one day is tiring..  http://plurk.com/p/xngxy,0
"i loath Sundays, boring and its the day before school, and finals are coming up. junior year is ending ",0
Can the week ahead please be an emotionally stable one? I can't keep up with rehydration after several tear duct malfuntions ,0
@774melbourne The ghost in the seat on the webcam has not moved in hours ,1
@zaibatsu @liquidwings You are loved ,1
@xKayleeBx yesss  i voted for miley & JB! haha!,1
@BrinnaBarlow try being my height in small cars  not much fun specially on bumbpy country roads! haha,0
@waynesutton aint no discussion needed. Raleigh PWNS Charlotte in every way possible. ,1
"@aurabesh I seriously envy you right now. I grew up wanting to have a motorcycle, but I had the accident before I was old enough. ",0
@egarzaaa you better be talking about the other one!!! you love me remember!?!? ,0
When will the rain stop in the DMV...... I feel sooooo down..... ,0
cba with duke of edinburgh tonight... ,0
"Bored out of my mind,overslept so no bbq, and no one to hang with ",0
"Is signing up for AKO MISMO.org Filipinos, sign up and make a commitment to your country! ",1
going to get a hair cut today ,1
"@lizzy1e lol alright, i suppose. and by ""alright"" i mean i know im gonna have a lot of things to do las tminute ",0
@MmmBennodaCock I can't believe you actually followed him AND asked him!! You're officially my idol! P.S Me loves your username ,1
Liverpool should give the pay increase yossi wants. He deserves it. ,1
"@anotorias lol what bothers me is that i'm messing with my metabolism   drinking lots of water pretending its different food, Mmmm grapes!",0
"instead went to Lantau, saw Big Buddha, ate at TGI's (best one ever), and is packing to go home  best trip, India soon....",0
@yankeetrini Uh huh...did i tell you when chris and I went to see the hangover the power went out so we got movie passes ,0
"Want to make $9-14 an hour, like MEEEE, doing simple surveys? http://bit.ly/ojTLv ) yaay ",1
@NeilMcMahon whoops - maybe he has now... sorry BC ,0
So not in the mood to do holding statements and crisis Q&As ,0
@RealSkipBayless Totally agree with you skip. If they help him tonight. They win series.. I hope they don't. Magic Fan! ,1
...@Treenie5 you know it!! Love your National anthem comment! ,1
@lianacordes tell her to email me at alwaysmileyus@gmail.com ,1
@skycandylove awww  sucks so bad for us hey. i thought i read they sold out?!?! check perhaps?,0
@MichaelSands soho????!! Lol depends what are you there for if it's pubs i can recommend some ,1
This weathers nt realy wht i wanted..........!!!! ,0
"Okaaay....I am off!!!  In a few hours I shall be in a completely different place! ...the middle of nowhere to be exact, what fun!! haha.",1
sushi timeee ,1
@JESSIMTV is there anywhere to download episodes of the after show? I cant see them on mtv.ca because its restricted in australia ,0
@bobmaron http://twitpic.com/6bg7k - I think theyre awesome ,1
@dangerpudding Oh that's obnoxious.  Good luck tomorrow!,0
"@lemon_biscuit (DDDD: That's really sad, I hate when antiques & heirlooms gets destroyed, it's like a history just DISAPPEARS  )",0
@adamjohnster already gots one of them ,0
"@kj_inoue ahh, niiice. I still want that rewind button though. ",0
I keep getting yelled at for no reason! This is ridiculous. ,0
